ISO-10303-21;
HEADER;
/* Generated by software containing ST-Developer
 * from STEP Tools, Inc. (www.steptools.com) 
 */

FILE_DESCRIPTION(
/* description */ (''),
/* implementation_level */ '2;1');

FILE_NAME(
/* name */ 'ModularNavigator_Enclosure_v1.step',
/* time_stamp */ '2026-06-12T20:15:23+05:30',
/* author */ (''),
/* organization */ (''),
/* preprocessor_version */ 'ST-DEVELOPER v20.1',
/* originating_system */ 'Autodesk Translation Framework v15.8.0.0',
/* authorisation */ '');

FILE_SCHEMA (('AUTOMOTIVE_DESIGN { 1 0 10303 214 3 1 1 }'));
ENDSEC;

DATA;
#10=MECHANICAL_DESIGN_GEOMETRIC_PRESENTATION_REPRESENTATION('',(#13),#17925);
#11=SHAPE_REPRESENTATION_RELATIONSHIP('SRR','None',#17932,#12);
#12=ADVANCED_BREP_SHAPE_REPRESENTATION('',(#14),#17924);
#13=STYLED_ITEM('',(#17942),#14);
#14=MANIFOLD_SOLID_BREP('Body1',#9659);
#15=(
BOUNDED_SURFACE()
B_SPLINE_SURFACE(3,1,((#14396,#14397),(#14398,#14399),(#14400,#14401),(#14402,
#14403)),.UNSPECIFIED.,.F.,.F.,.F.)
B_SPLINE_SURFACE_WITH_KNOTS((4,4),(2,2),(0.,1.),(0.,0.2),.UNSPECIFIED.)
GEOMETRIC_REPRESENTATION_ITEM()
RATIONAL_B_SPLINE_SURFACE(((1.,1.),(1.,1.),(1.,1.),(1.,1.)))
REPRESENTATION_ITEM('')
SURFACE()
);
#16=(
BOUNDED_SURFACE()
B_SPLINE_SURFACE(3,1,((#14421,#14422),(#14423,#14424),(#14425,#14426),(#14427,
#14428)),.UNSPECIFIED.,.F.,.F.,.F.)
B_SPLINE_SURFACE_WITH_KNOTS((4,4),(2,2),(0.,1.),(0.,0.2),.UNSPECIFIED.)
GEOMETRIC_REPRESENTATION_ITEM()
RATIONAL_B_SPLINE_SURFACE(((1.,1.),(1.,1.),(1.,1.),(1.,1.)))
REPRESENTATION_ITEM('')
SURFACE()
);
#17=(
BOUNDED_SURFACE()
B_SPLINE_SURFACE(3,1,((#14446,#14447),(#14448,#14449),(#14450,#14451),(#14452,
#14453)),.UNSPECIFIED.,.F.,.F.,.F.)
B_SPLINE_SURFACE_WITH_KNOTS((4,4),(2,2),(0.,1.),(0.,0.2),.UNSPECIFIED.)
GEOMETRIC_REPRESENTATION_ITEM()
RATIONAL_B_SPLINE_SURFACE(((1.,1.),(1.,1.),(1.,1.),(1.,1.)))
REPRESENTATION_ITEM('')
SURFACE()
);
#18=(
BOUNDED_SURFACE()
B_SPLINE_SURFACE(3,1,((#14465,#14466),(#14467,#14468),(#14469,#14470),(#14471,
#14472)),.UNSPECIFIED.,.F.,.F.,.F.)
B_SPLINE_SURFACE_WITH_KNOTS((4,4),(2,2),(0.,1.),(0.,0.2),.UNSPECIFIED.)
GEOMETRIC_REPRESENTATION_ITEM()
RATIONAL_B_SPLINE_SURFACE(((1.,1.),(1.,1.),(1.,1.),(1.,1.)))
REPRESENTATION_ITEM('')
SURFACE()
);
#19=(
BOUNDED_SURFACE()
B_SPLINE_SURFACE(3,1,((#14484,#14485),(#14486,#14487),(#14488,#14489),(#14490,
#14491)),.UNSPECIFIED.,.F.,.F.,.F.)
B_SPLINE_SURFACE_WITH_KNOTS((4,4),(2,2),(0.,1.),(0.,0.2),.UNSPECIFIED.)
GEOMETRIC_REPRESENTATION_ITEM()
RATIONAL_B_SPLINE_SURFACE(((1.,1.),(1.,1.),(1.,1.),(1.,1.)))
REPRESENTATION_ITEM('')
SURFACE()
);
#20=(
BOUNDED_SURFACE()
B_SPLINE_SURFACE(3,1,((#14509,#14510),(#14511,#14512),(#14513,#14514),(#14515,
#14516)),.UNSPECIFIED.,.F.,.F.,.F.)
B_SPLINE_SURFACE_WITH_KNOTS((4,4),(2,2),(0.,1.),(0.,0.2),.UNSPECIFIED.)
GEOMETRIC_REPRESENTATION_ITEM()
RATIONAL_B_SPLINE_SURFACE(((1.,1.),(1.,1.),(1.,1.),(1.,1.)))
REPRESENTATION_ITEM('')
SURFACE()
);
#21=(
BOUNDED_SURFACE()
B_SPLINE_SURFACE(3,1,((#14528,#14529),(#14530,#14531),(#14532,#14533),(#14534,
#14535)),.UNSPECIFIED.,.F.,.F.,.F.)
B_SPLINE_SURFACE_WITH_KNOTS((4,4),(2,2),(0.,1.),(0.,0.2),.UNSPECIFIED.)
GEOMETRIC_REPRESENTATION_ITEM()
RATIONAL_B_SPLINE_SURFACE(((1.,1.),(1.,1.),(1.,1.),(1.,1.)))
REPRESENTATION_ITEM('')
SURFACE()
);
#22=(
BOUNDED_SURFACE()
B_SPLINE_SURFACE(3,1,((#14547,#14548),(#14549,#14550),(#14551,#14552),(#14553,
#14554)),.UNSPECIFIED.,.F.,.F.,.F.)
B_SPLINE_SURFACE_WITH_KNOTS((4,4),(2,2),(0.,1.),(0.,0.2),.UNSPECIFIED.)
GEOMETRIC_REPRESENTATION_ITEM()
RATIONAL_B_SPLINE_SURFACE(((1.,1.),(1.,1.),(1.,1.),(1.,1.)))
REPRESENTATION_ITEM('')
SURFACE()
);
#23=(
BOUNDED_SURFACE()
B_SPLINE_SURFACE(3,1,((#14572,#14573),(#14574,#14575),(#14576,#14577),(#14578,
#14579)),.UNSPECIFIED.,.F.,.F.,.F.)
B_SPLINE_SURFACE_WITH_KNOTS((4,4),(2,2),(0.,1.),(0.,0.2),.UNSPECIFIED.)
GEOMETRIC_REPRESENTATION_ITEM()
RATIONAL_B_SPLINE_SURFACE(((1.,1.),(1.,1.),(1.,1.),(1.,1.)))
REPRESENTATION_ITEM('')
SURFACE()
);
#24=(
BOUNDED_SURFACE()
B_SPLINE_SURFACE(3,1,((#14597,#14598),(#14599,#14600),(#14601,#14602),(#14603,
#14604)),.UNSPECIFIED.,.F.,.F.,.F.)
B_SPLINE_SURFACE_WITH_KNOTS((4,4),(2,2),(0.,1.),(0.,0.2),.UNSPECIFIED.)
GEOMETRIC_REPRESENTATION_ITEM()
RATIONAL_B_SPLINE_SURFACE(((1.,1.),(1.,1.),(1.,1.),(1.,1.)))
REPRESENTATION_ITEM('')
SURFACE()
);
#25=(
BOUNDED_SURFACE()
B_SPLINE_SURFACE(3,1,((#14622,#14623),(#14624,#14625),(#14626,#14627),(#14628,
#14629)),.UNSPECIFIED.,.F.,.F.,.F.)
B_SPLINE_SURFACE_WITH_KNOTS((4,4),(2,2),(0.,1.),(0.,0.2),.UNSPECIFIED.)
GEOMETRIC_REPRESENTATION_ITEM()
RATIONAL_B_SPLINE_SURFACE(((1.,1.),(1.,1.),(1.,1.),(1.,1.)))
REPRESENTATION_ITEM('')
SURFACE()
);
#26=(
BOUNDED_SURFACE()
B_SPLINE_SURFACE(3,1,((#14645,#14646),(#14647,#14648),(#14649,#14650),(#14651,
#14652)),.UNSPECIFIED.,.F.,.F.,.F.)
B_SPLINE_SURFACE_WITH_KNOTS((4,4),(2,2),(0.,1.),(0.,0.1),.UNSPECIFIED.)
GEOMETRIC_REPRESENTATION_ITEM()
RATIONAL_B_SPLINE_SURFACE(((1.,1.),(1.,1.),(1.,1.),(1.,1.)))
REPRESENTATION_ITEM('')
SURFACE()
);
#27=(
BOUNDED_SURFACE()
B_SPLINE_SURFACE(3,1,((#14661,#14662),(#14663,#14664),(#14665,#14666),(#14667,
#14668)),.UNSPECIFIED.,.F.,.F.,.F.)
B_SPLINE_SURFACE_WITH_KNOTS((4,4),(2,2),(0.,1.),(0.,0.1),.UNSPECIFIED.)
GEOMETRIC_REPRESENTATION_ITEM()
RATIONAL_B_SPLINE_SURFACE(((1.,1.),(1.,1.),(1.,1.),(1.,1.)))
REPRESENTATION_ITEM('')
SURFACE()
);
#28=(
BOUNDED_SURFACE()
B_SPLINE_SURFACE(3,1,((#14675,#14676),(#14677,#14678),(#14679,#14680),(#14681,
#14682)),.UNSPECIFIED.,.F.,.F.,.F.)
B_SPLINE_SURFACE_WITH_KNOTS((4,4),(2,2),(0.,1.),(0.,0.1),.UNSPECIFIED.)
GEOMETRIC_REPRESENTATION_ITEM()
RATIONAL_B_SPLINE_SURFACE(((1.,1.),(1.,1.),(1.,1.),(1.,1.)))
REPRESENTATION_ITEM('')
SURFACE()
);
#29=(
BOUNDED_SURFACE()
B_SPLINE_SURFACE(3,1,((#14689,#14690),(#14691,#14692),(#14693,#14694),(#14695,
#14696)),.UNSPECIFIED.,.F.,.F.,.F.)
B_SPLINE_SURFACE_WITH_KNOTS((4,4),(2,2),(0.,1.),(0.,0.1),.UNSPECIFIED.)
GEOMETRIC_REPRESENTATION_ITEM()
RATIONAL_B_SPLINE_SURFACE(((1.,1.),(1.,1.),(1.,1.),(1.,1.)))
REPRESENTATION_ITEM('')
SURFACE()
);
#30=(
BOUNDED_CURVE()
B_SPLINE_CURVE(3,(#14005,#14006,#14007,#14008),.UNSPECIFIED.,.F.,.F.)
B_SPLINE_CURVE_WITH_KNOTS((4,4),(-1.,0.),.UNSPECIFIED.)
CURVE()
GEOMETRIC_REPRESENTATION_ITEM()
RATIONAL_B_SPLINE_CURVE((1.,1.,1.,1.))
REPRESENTATION_ITEM('')
);
#31=(
BOUNDED_CURVE()
B_SPLINE_CURVE(3,(#14010,#14011,#14012,#14013),.UNSPECIFIED.,.F.,.F.)
B_SPLINE_CURVE_WITH_KNOTS((4,4),(-1.,0.),.UNSPECIFIED.)
CURVE()
GEOMETRIC_REPRESENTATION_ITEM()
RATIONAL_B_SPLINE_CURVE((1.,1.,1.,1.))
REPRESENTATION_ITEM('')
);
#32=(
BOUNDED_CURVE()
B_SPLINE_CURVE(3,(#14015,#14016,#14017,#14018),.UNSPECIFIED.,.F.,.F.)
B_SPLINE_CURVE_WITH_KNOTS((4,4),(-1.,0.),.UNSPECIFIED.)
CURVE()
GEOMETRIC_REPRESENTATION_ITEM()
RATIONAL_B_SPLINE_CURVE((1.,1.,1.,1.))
REPRESENTATION_ITEM('')
);
#33=(
BOUNDED_CURVE()
B_SPLINE_CURVE(3,(#14019,#14020,#14021,#14022),.UNSPECIFIED.,.F.,.F.)
B_SPLINE_CURVE_WITH_KNOTS((4,4),(-1.,0.),.UNSPECIFIED.)
CURVE()
GEOMETRIC_REPRESENTATION_ITEM()
RATIONAL_B_SPLINE_CURVE((1.,1.,1.,1.))
REPRESENTATION_ITEM('')
);
#34=(
BOUNDED_CURVE()
B_SPLINE_CURVE(3,(#14405,#14406,#14407,#14408),.UNSPECIFIED.,.F.,.F.)
B_SPLINE_CURVE_WITH_KNOTS((4,4),(-1.,0.),.UNSPECIFIED.)
CURVE()
GEOMETRIC_REPRESENTATION_ITEM()
RATIONAL_B_SPLINE_CURVE((1.,1.,1.,1.))
REPRESENTATION_ITEM('')
);
#35=(
BOUNDED_CURVE()
B_SPLINE_CURVE(3,(#14411,#14412,#14413,#14414),.UNSPECIFIED.,.F.,.F.)
B_SPLINE_CURVE_WITH_KNOTS((4,4),(0.,1.),.UNSPECIFIED.)
CURVE()
GEOMETRIC_REPRESENTATION_ITEM()
RATIONAL_B_SPLINE_CURVE((1.,1.,1.,1.))
REPRESENTATION_ITEM('')
);
#36=(
BOUNDED_CURVE()
B_SPLINE_CURVE(3,(#14430,#14431,#14432,#14433),.UNSPECIFIED.,.F.,.F.)
B_SPLINE_CURVE_WITH_KNOTS((4,4),(-1.,0.),.UNSPECIFIED.)
CURVE()
GEOMETRIC_REPRESENTATION_ITEM()
RATIONAL_B_SPLINE_CURVE((1.,1.,1.,1.))
REPRESENTATION_ITEM('')
);
#37=(
BOUNDED_CURVE()
B_SPLINE_CURVE(3,(#14436,#14437,#14438,#14439),.UNSPECIFIED.,.F.,.F.)
B_SPLINE_CURVE_WITH_KNOTS((4,4),(0.,1.),.UNSPECIFIED.)
CURVE()
GEOMETRIC_REPRESENTATION_ITEM()
RATIONAL_B_SPLINE_CURVE((1.,1.,1.,1.))
REPRESENTATION_ITEM('')
);
#38=(
BOUNDED_CURVE()
B_SPLINE_CURVE(3,(#14455,#14456,#14457,#14458),.UNSPECIFIED.,.F.,.F.)
B_SPLINE_CURVE_WITH_KNOTS((4,4),(-1.,0.),.UNSPECIFIED.)
CURVE()
GEOMETRIC_REPRESENTATION_ITEM()
RATIONAL_B_SPLINE_CURVE((1.,1.,1.,1.))
REPRESENTATION_ITEM('')
);
#39=(
BOUNDED_CURVE()
B_SPLINE_CURVE(3,(#14461,#14462,#14463,#14464),.UNSPECIFIED.,.F.,.F.)
B_SPLINE_CURVE_WITH_KNOTS((4,4),(0.,1.),.UNSPECIFIED.)
CURVE()
GEOMETRIC_REPRESENTATION_ITEM()
RATIONAL_B_SPLINE_CURVE((1.,1.,1.,1.))
REPRESENTATION_ITEM('')
);
#40=(
BOUNDED_CURVE()
B_SPLINE_CURVE(3,(#14474,#14475,#14476,#14477),.UNSPECIFIED.,.F.,.F.)
B_SPLINE_CURVE_WITH_KNOTS((4,4),(-1.,0.),.UNSPECIFIED.)
CURVE()
GEOMETRIC_REPRESENTATION_ITEM()
RATIONAL_B_SPLINE_CURVE((1.,1.,1.,1.))
REPRESENTATION_ITEM('')
);
#41=(
BOUNDED_CURVE()
B_SPLINE_CURVE(3,(#14480,#14481,#14482,#14483),.UNSPECIFIED.,.F.,.F.)
B_SPLINE_CURVE_WITH_KNOTS((4,4),(0.,1.),.UNSPECIFIED.)
CURVE()
GEOMETRIC_REPRESENTATION_ITEM()
RATIONAL_B_SPLINE_CURVE((1.,1.,1.,1.))
REPRESENTATION_ITEM('')
);
#42=(
BOUNDED_CURVE()
B_SPLINE_CURVE(3,(#14493,#14494,#14495,#14496),.UNSPECIFIED.,.F.,.F.)
B_SPLINE_CURVE_WITH_KNOTS((4,4),(-1.,0.),.UNSPECIFIED.)
CURVE()
GEOMETRIC_REPRESENTATION_ITEM()
RATIONAL_B_SPLINE_CURVE((1.,1.,1.,1.))
REPRESENTATION_ITEM('')
);
#43=(
BOUNDED_CURVE()
B_SPLINE_CURVE(3,(#14499,#14500,#14501,#14502),.UNSPECIFIED.,.F.,.F.)
B_SPLINE_CURVE_WITH_KNOTS((4,4),(0.,1.),.UNSPECIFIED.)
CURVE()
GEOMETRIC_REPRESENTATION_ITEM()
RATIONAL_B_SPLINE_CURVE((1.,1.,1.,1.))
REPRESENTATION_ITEM('')
);
#44=(
BOUNDED_CURVE()
B_SPLINE_CURVE(3,(#14518,#14519,#14520,#14521),.UNSPECIFIED.,.F.,.F.)
B_SPLINE_CURVE_WITH_KNOTS((4,4),(-1.,0.),.UNSPECIFIED.)
CURVE()
GEOMETRIC_REPRESENTATION_ITEM()
RATIONAL_B_SPLINE_CURVE((1.,1.,1.,1.))
REPRESENTATION_ITEM('')
);
#45=(
BOUNDED_CURVE()
B_SPLINE_CURVE(3,(#14524,#14525,#14526,#14527),.UNSPECIFIED.,.F.,.F.)
B_SPLINE_CURVE_WITH_KNOTS((4,4),(0.,1.),.UNSPECIFIED.)
CURVE()
GEOMETRIC_REPRESENTATION_ITEM()
RATIONAL_B_SPLINE_CURVE((1.,1.,1.,1.))
REPRESENTATION_ITEM('')
);
#46=(
BOUNDED_CURVE()
B_SPLINE_CURVE(3,(#14537,#14538,#14539,#14540),.UNSPECIFIED.,.F.,.F.)
B_SPLINE_CURVE_WITH_KNOTS((4,4),(-1.,0.),.UNSPECIFIED.)
CURVE()
GEOMETRIC_REPRESENTATION_ITEM()
RATIONAL_B_SPLINE_CURVE((1.,1.,1.,1.))
REPRESENTATION_ITEM('')
);
#47=(
BOUNDED_CURVE()
B_SPLINE_CURVE(3,(#14542,#14543,#14544,#14545),.UNSPECIFIED.,.F.,.F.)
B_SPLINE_CURVE_WITH_KNOTS((4,4),(0.,1.),.UNSPECIFIED.)
CURVE()
GEOMETRIC_REPRESENTATION_ITEM()
RATIONAL_B_SPLINE_CURVE((1.,1.,1.,1.))
REPRESENTATION_ITEM('')
);
#48=(
BOUNDED_CURVE()
B_SPLINE_CURVE(3,(#14556,#14557,#14558,#14559),.UNSPECIFIED.,.F.,.F.)
B_SPLINE_CURVE_WITH_KNOTS((4,4),(-1.,0.),.UNSPECIFIED.)
CURVE()
GEOMETRIC_REPRESENTATION_ITEM()
RATIONAL_B_SPLINE_CURVE((1.,1.,1.,1.))
REPRESENTATION_ITEM('')
);
#49=(
BOUNDED_CURVE()
B_SPLINE_CURVE(3,(#14561,#14562,#14563,#14564),.UNSPECIFIED.,.F.,.F.)
B_SPLINE_CURVE_WITH_KNOTS((4,4),(0.,1.),.UNSPECIFIED.)
CURVE()
GEOMETRIC_REPRESENTATION_ITEM()
RATIONAL_B_SPLINE_CURVE((1.,1.,1.,1.))
REPRESENTATION_ITEM('')
);
#50=(
BOUNDED_CURVE()
B_SPLINE_CURVE(3,(#14581,#14582,#14583,#14584),.UNSPECIFIED.,.F.,.F.)
B_SPLINE_CURVE_WITH_KNOTS((4,4),(-1.,0.),.UNSPECIFIED.)
CURVE()
GEOMETRIC_REPRESENTATION_ITEM()
RATIONAL_B_SPLINE_CURVE((1.,1.,1.,1.))
REPRESENTATION_ITEM('')
);
#51=(
BOUNDED_CURVE()
B_SPLINE_CURVE(3,(#14586,#14587,#14588,#14589),.UNSPECIFIED.,.F.,.F.)
B_SPLINE_CURVE_WITH_KNOTS((4,4),(0.,1.),.UNSPECIFIED.)
CURVE()
GEOMETRIC_REPRESENTATION_ITEM()
RATIONAL_B_SPLINE_CURVE((1.,1.,1.,1.))
REPRESENTATION_ITEM('')
);
#52=(
BOUNDED_CURVE()
B_SPLINE_CURVE(3,(#14606,#14607,#14608,#14609),.UNSPECIFIED.,.F.,.F.)
B_SPLINE_CURVE_WITH_KNOTS((4,4),(-1.,0.),.UNSPECIFIED.)
CURVE()
GEOMETRIC_REPRESENTATION_ITEM()
RATIONAL_B_SPLINE_CURVE((1.,1.,1.,1.))
REPRESENTATION_ITEM('')
);
#53=(
BOUNDED_CURVE()
B_SPLINE_CURVE(3,(#14611,#14612,#14613,#14614),.UNSPECIFIED.,.F.,.F.)
B_SPLINE_CURVE_WITH_KNOTS((4,4),(0.,1.),.UNSPECIFIED.)
CURVE()
GEOMETRIC_REPRESENTATION_ITEM()
RATIONAL_B_SPLINE_CURVE((1.,1.,1.,1.))
REPRESENTATION_ITEM('')
);
#54=(
BOUNDED_CURVE()
B_SPLINE_CURVE(3,(#14631,#14632,#14633,#14634),.UNSPECIFIED.,.F.,.F.)
B_SPLINE_CURVE_WITH_KNOTS((4,4),(-1.,0.),.UNSPECIFIED.)
CURVE()
GEOMETRIC_REPRESENTATION_ITEM()
RATIONAL_B_SPLINE_CURVE((1.,1.,1.,1.))
REPRESENTATION_ITEM('')
);
#55=(
BOUNDED_CURVE()
B_SPLINE_CURVE(3,(#14636,#14637,#14638,#14639),.UNSPECIFIED.,.F.,.F.)
B_SPLINE_CURVE_WITH_KNOTS((4,4),(0.,1.),.UNSPECIFIED.)
CURVE()
GEOMETRIC_REPRESENTATION_ITEM()
RATIONAL_B_SPLINE_CURVE((1.,1.,1.,1.))
REPRESENTATION_ITEM('')
);
#56=(
BOUNDED_CURVE()
B_SPLINE_CURVE(3,(#14656,#14657,#14658,#14659),.UNSPECIFIED.,.F.,.F.)
B_SPLINE_CURVE_WITH_KNOTS((4,4),(0.,1.),.UNSPECIFIED.)
CURVE()
GEOMETRIC_REPRESENTATION_ITEM()
RATIONAL_B_SPLINE_CURVE((1.,1.,1.,1.))
REPRESENTATION_ITEM('')
);
#57=(
BOUNDED_CURVE()
B_SPLINE_CURVE(3,(#14670,#14671,#14672,#14673),.UNSPECIFIED.,.F.,.F.)
B_SPLINE_CURVE_WITH_KNOTS((4,4),(0.,1.),.UNSPECIFIED.)
CURVE()
GEOMETRIC_REPRESENTATION_ITEM()
RATIONAL_B_SPLINE_CURVE((1.,1.,1.,1.))
REPRESENTATION_ITEM('')
);
#58=(
BOUNDED_CURVE()
B_SPLINE_CURVE(3,(#14684,#14685,#14686,#14687),.UNSPECIFIED.,.F.,.F.)
B_SPLINE_CURVE_WITH_KNOTS((4,4),(0.,1.),.UNSPECIFIED.)
CURVE()
GEOMETRIC_REPRESENTATION_ITEM()
RATIONAL_B_SPLINE_CURVE((1.,1.,1.,1.))
REPRESENTATION_ITEM('')
);
#59=(
BOUNDED_CURVE()
B_SPLINE_CURVE(3,(#14697,#14698,#14699,#14700),.UNSPECIFIED.,.F.,.F.)
B_SPLINE_CURVE_WITH_KNOTS((4,4),(0.,1.),.UNSPECIFIED.)
CURVE()
GEOMETRIC_REPRESENTATION_ITEM()
RATIONAL_B_SPLINE_CURVE((1.,1.,1.,1.))
REPRESENTATION_ITEM('')
);
#60=SPHERICAL_SURFACE('',#9718,2.5);
#61=SPHERICAL_SURFACE('',#9726,2.5);
#62=SPHERICAL_SURFACE('',#9759,2.5);
#63=SPHERICAL_SURFACE('',#9763,2.5);
#64=ELLIPSE('',#9714,2.91547594742265,2.5);
#65=ELLIPSE('',#9715,2.91547594742265,2.5);
#66=ELLIPSE('',#9731,2.91547594742265,2.5);
#67=ELLIPSE('',#9732,2.91547594742265,2.5);
#68=ELLIPSE('',#9747,2.91547594742265,2.5);
#69=ELLIPSE('',#9748,2.91547594742265,2.5);
#70=ELLIPSE('',#9772,1.4142135623731,1.);
#71=ELLIPSE('',#9773,1.4142135623731,1.);
#72=ELLIPSE('',#9915,1.41421356237309,1.);
#73=ELLIPSE('',#9916,1.4142135623731,1.);
#74=B_SPLINE_SURFACE_WITH_KNOTS('',3,3,((#12368,#12369,#12370,#12371,#12372),
(#12373,#12374,#12375,#12376,#12377),(#12378,#12379,#12380,#12381,#12382),
(#12383,#12384,#12385,#12386,#12387),(#12388,#12389,#12390,#12391,#12392)),
 .UNSPECIFIED.,.F.,.F.,.F.,(4,1,4),(4,1,4),(0.,0.571428571428571,1.),(-1.5707963267949,
-1.06418068370498,-0.3886931595851),.UNSPECIFIED.);
#75=B_SPLINE_SURFACE_WITH_KNOTS('',3,3,((#12462,#12463,#12464,#12465,#12466),
(#12467,#12468,#12469,#12470,#12471),(#12472,#12473,#12474,#12475,#12476),
(#12477,#12478,#12479,#12480,#12481),(#12482,#12483,#12484,#12485,#12486)),
 .UNSPECIFIED.,.F.,.F.,.F.,(4,1,4),(4,1,4),(0.,0.571428571428571,1.),(-1.36943840600457,
-0.879065782794838,-0.388693159585106),.UNSPECIFIED.);
#76=B_SPLINE_SURFACE_WITH_KNOTS('',3,3,((#12619,#12620,#12621,#12622,#12623),
(#12624,#12625,#12626,#12627,#12628),(#12629,#12630,#12631,#12632,#12633),
(#12634,#12635,#12636,#12637,#12638),(#12639,#12640,#12641,#12642,#12643)),
 .UNSPECIFIED.,.F.,.F.,.F.,(4,1,4),(4,1,4),(0.,0.571428571428571,1.),(-1.5707963267949,
-0.895308802675014,-0.388693159585103),.UNSPECIFIED.);
#77=B_SPLINE_SURFACE_WITH_KNOTS('',3,1,((#12870,#12871),(#12872,#12873),
(#12874,#12875),(#12876,#12877),(#12878,#12879)),.UNSPECIFIED.,.F.,.F.,
 .F.,(4,1,4),(2,2),(-0.108757180068662,-0.0606903806638255,0.),(0.,0.1),
 .UNSPECIFIED.);
#78=B_SPLINE_SURFACE_WITH_KNOTS('',3,1,((#12896,#12897),(#12898,#12899),
(#12900,#12901),(#12902,#12903),(#12904,#12905)),.UNSPECIFIED.,.F.,.F.,
 .F.,(4,1,4),(2,2),(-0.0734111016263777,-0.0392187682894292,0.),(0.,0.1),
 .UNSPECIFIED.);
#79=B_SPLINE_SURFACE_WITH_KNOTS('',3,1,((#12925,#12926),(#12927,#12928),
(#12929,#12930),(#12931,#12932),(#12933,#12934)),.UNSPECIFIED.,.F.,.F.,
 .F.,(4,1,4),(2,2),(-0.0776257404856897,-0.0379926954897271,0.),(0.,0.1),
 .UNSPECIFIED.);
#80=B_SPLINE_SURFACE_WITH_KNOTS('',3,1,((#12948,#12949),(#12950,#12951),
(#12952,#12953),(#12954,#12955),(#12956,#12957)),.UNSPECIFIED.,.F.,.F.,
 .F.,(4,1,4),(2,2),(-0.106320036211789,-0.0468203154153423,0.),(0.,0.1),
 .UNSPECIFIED.);
#81=B_SPLINE_SURFACE_WITH_KNOTS('',3,1,((#12977,#12978),(#12979,#12980),
(#12981,#12982),(#12983,#12984),(#12985,#12986)),.UNSPECIFIED.,.F.,.F.,
 .F.,(4,1,4),(2,2),(-0.125374065594257,-0.0689414858548749,0.),(0.,0.1),
 .UNSPECIFIED.);
#82=B_SPLINE_SURFACE_WITH_KNOTS('',3,1,((#13018,#13019),(#13020,#13021),
(#13022,#13023),(#13024,#13025),(#13026,#13027)),.UNSPECIFIED.,.F.,.F.,
 .F.,(4,1,4),(2,2),(-0.0608640187952906,-0.0360872125308362,0.),(0.,0.1),
 .UNSPECIFIED.);
#83=B_SPLINE_SURFACE_WITH_KNOTS('',3,1,((#13041,#13042),(#13043,#13044),
(#13045,#13046),(#13047,#13048),(#13049,#13050)),.UNSPECIFIED.,.F.,.F.,
 .F.,(4,1,4),(2,2),(-0.064104929014591,-0.0255885099842357,0.),(0.,0.1),
 .UNSPECIFIED.);
#84=B_SPLINE_SURFACE_WITH_KNOTS('',3,1,((#13068,#13069),(#13070,#13071),
(#13072,#13073),(#13074,#13075),(#13076,#13077)),.UNSPECIFIED.,.F.,.F.,
 .F.,(4,1,4),(2,2),(-0.108757180068662,-0.0606903806638255,0.),(0.,0.0999999999999996),
 .UNSPECIFIED.);
#85=B_SPLINE_SURFACE_WITH_KNOTS('',3,1,((#13087,#13088),(#13089,#13090),
(#13091,#13092),(#13093,#13094),(#13095,#13096)),.UNSPECIFIED.,.F.,.F.,
 .F.,(4,1,4),(2,2),(-0.0734111016263777,-0.0392187682894292,0.),(0.,0.0999999999999996),
 .UNSPECIFIED.);
#86=B_SPLINE_SURFACE_WITH_KNOTS('',3,1,((#13108,#13109),(#13110,#13111),
(#13112,#13113),(#13114,#13115),(#13116,#13117)),.UNSPECIFIED.,.F.,.F.,
 .F.,(4,1,4),(2,2),(-0.0776257404856897,-0.0379926954897271,0.),(0.,0.0999999999999996),
 .UNSPECIFIED.);
#87=B_SPLINE_SURFACE_WITH_KNOTS('',3,1,((#13125,#13126),(#13127,#13128),
(#13129,#13130),(#13131,#13132),(#13133,#13134)),.UNSPECIFIED.,.F.,.F.,
 .F.,(4,1,4),(2,2),(-0.106320036211789,-0.0468203154153423,0.),(0.,0.0999999999999996),
 .UNSPECIFIED.);
#88=B_SPLINE_SURFACE_WITH_KNOTS('',3,1,((#13146,#13147),(#13148,#13149),
(#13150,#13151),(#13152,#13153),(#13154,#13155)),.UNSPECIFIED.,.F.,.F.,
 .F.,(4,1,4),(2,2),(-0.125374065594257,-0.0689414858548749,0.),(0.,0.0999999999999996),
 .UNSPECIFIED.);
#89=B_SPLINE_SURFACE_WITH_KNOTS('',3,1,((#13175,#13176),(#13177,#13178),
(#13179,#13180),(#13181,#13182),(#13183,#13184)),.UNSPECIFIED.,.F.,.F.,
 .F.,(4,1,4),(2,2),(-0.0608640187952906,-0.0360872125308362,0.),(0.,0.0999999999999996),
 .UNSPECIFIED.);
#90=B_SPLINE_SURFACE_WITH_KNOTS('',3,1,((#13192,#13193),(#13194,#13195),
(#13196,#13197),(#13198,#13199),(#13200,#13201)),.UNSPECIFIED.,.F.,.F.,
 .F.,(4,1,4),(2,2),(-0.064104929014591,-0.0255885099842357,0.),(0.,0.0999999999999996),
 .UNSPECIFIED.);
#91=B_SPLINE_SURFACE_WITH_KNOTS('',3,1,((#14716,#14717),(#14718,#14719),
(#14720,#14721),(#14722,#14723),(#14724,#14725)),.UNSPECIFIED.,.F.,.F.,
 .F.,(4,1,4),(2,2),(-0.0622138316991267,-0.0363903499766881,0.),(0.,0.1),
 .UNSPECIFIED.);
#92=B_SPLINE_SURFACE_WITH_KNOTS('',3,1,((#14733,#14734),(#14735,#14736),
(#14737,#14738),(#14739,#14740),(#14741,#14742)),.UNSPECIFIED.,.F.,.F.,
 .F.,(4,1,4),(2,2),(-0.0675609870555267,-0.0283235315522044,0.),(0.,0.1),
 .UNSPECIFIED.);
#93=B_SPLINE_SURFACE_WITH_KNOTS('',3,1,((#14798,#14799),(#14800,#14801),
(#14802,#14803),(#14804,#14805),(#14806,#14807)),.UNSPECIFIED.,.F.,.F.,
 .F.,(4,1,4),(2,2),(-0.0626857546967139,-0.0353481206962482,0.),(0.,0.1),
 .UNSPECIFIED.);
#94=B_SPLINE_SURFACE_WITH_KNOTS('',3,1,((#14821,#14822),(#14823,#14824),
(#14825,#14826),(#14827,#14828),(#14829,#14830)),.UNSPECIFIED.,.F.,.F.,
 .F.,(4,1,4),(2,2),(-0.0417292766303055,-0.0220837725415745,0.),(0.,0.1),
 .UNSPECIFIED.);
#95=B_SPLINE_SURFACE_WITH_KNOTS('',3,1,((#14844,#14845),(#14846,#14847),
(#14848,#14849),(#14850,#14851),(#14852,#14853)),.UNSPECIFIED.,.F.,.F.,
 .F.,(4,1,4),(2,2),(-0.0588998032781997,-0.0277016612927217,0.),(0.,0.1),
 .UNSPECIFIED.);
#96=B_SPLINE_SURFACE_WITH_KNOTS('',3,1,((#14867,#14868),(#14869,#14870),
(#14871,#14872),(#14873,#14874),(#14875,#14876)),.UNSPECIFIED.,.F.,.F.,
 .F.,(4,1,4),(2,2),(-0.0780344764469422,-0.0360354418578019,0.),(0.,0.1),
 .UNSPECIFIED.);
#97=B_SPLINE_SURFACE_WITH_KNOTS('',3,1,((#14890,#14891),(#14892,#14893),
(#14894,#14895),(#14896,#14897),(#14898,#14899)),.UNSPECIFIED.,.F.,.F.,
 .F.,(4,1,4),(2,2),(-0.0995083450832878,-0.055729680546872,0.),(0.,0.1),
 .UNSPECIFIED.);
#98=B_SPLINE_SURFACE_WITH_KNOTS('',3,1,((#14913,#14914),(#14915,#14916),
(#14917,#14918),(#14919,#14920),(#14921,#14922)),.UNSPECIFIED.,.F.,.F.,
 .F.,(4,1,4),(2,2),(-0.0683555284529118,-0.0362266254811129,0.),(0.,0.1),
 .UNSPECIFIED.);
#99=B_SPLINE_SURFACE_WITH_KNOTS('',3,1,((#14936,#14937),(#14938,#14939),
(#14940,#14941),(#14942,#14943),(#14944,#14945)),.UNSPECIFIED.,.F.,.F.,
 .F.,(4,1,4),(2,2),(-0.0692077022012054,-0.0284333237559127,0.),(0.,0.1),
 .UNSPECIFIED.);
#100=B_SPLINE_SURFACE_WITH_KNOTS('',3,1,((#14978,#14979),(#14980,#14981),
(#14982,#14983),(#14984,#14985),(#14986,#14987)),.UNSPECIFIED.,.F.,.F.,
 .F.,(4,1,4),(2,2),(-0.0715445359372839,-0.0411572650755291,0.),(0.,0.1),
 .UNSPECIFIED.);
#101=B_SPLINE_SURFACE_WITH_KNOTS('',3,1,((#14995,#14996),(#14997,#14998),
(#14999,#15000),(#15001,#15002),(#15003,#15004)),.UNSPECIFIED.,.F.,.F.,
 .F.,(4,1,4),(2,2),(-0.0657709202411129,-0.0337400248491145,0.),(0.,0.1),
 .UNSPECIFIED.);
#102=B_SPLINE_SURFACE_WITH_KNOTS('',3,1,((#15012,#15013),(#15014,#15015),
(#15016,#15017),(#15018,#15019),(#15020,#15021)),.UNSPECIFIED.,.F.,.F.,
 .F.,(4,1,4),(2,2),(-0.0838404823791091,-0.0411426245893062,0.),(0.,0.1),
 .UNSPECIFIED.);
#103=B_SPLINE_SURFACE_WITH_KNOTS('',3,1,((#15029,#15030),(#15031,#15032),
(#15033,#15034),(#15035,#15036),(#15037,#15038)),.UNSPECIFIED.,.F.,.F.,
 .F.,(4,1,4),(2,2),(-0.0967676267681165,-0.0461039744416296,0.),(0.,0.1),
 .UNSPECIFIED.);
#104=B_SPLINE_SURFACE_WITH_KNOTS('',3,1,((#15046,#15047),(#15048,#15049),
(#15050,#15051),(#15052,#15053),(#15054,#15055)),.UNSPECIFIED.,.F.,.F.,
 .F.,(4,1,4),(2,2),(-0.0816798788595268,-0.0430564974755989,0.),(0.,0.1),
 .UNSPECIFIED.);
#105=B_SPLINE_SURFACE_WITH_KNOTS('',3,1,((#15063,#15064),(#15065,#15066),
(#15067,#15068),(#15069,#15070),(#15071,#15072)),.UNSPECIFIED.,.F.,.F.,
 .F.,(4,1,4),(2,2),(-0.0645452824839075,-0.0343777906204736,0.),(0.,0.1),
 .UNSPECIFIED.);
#106=B_SPLINE_SURFACE_WITH_KNOTS('',3,1,((#15080,#15081),(#15082,#15083),
(#15084,#15085),(#15086,#15087),(#15088,#15089)),.UNSPECIFIED.,.F.,.F.,
 .F.,(4,1,4),(2,2),(-0.051621974692196,-0.0269837010614775,0.),(0.,0.1),
 .UNSPECIFIED.);
#107=B_SPLINE_SURFACE_WITH_KNOTS('',3,1,((#15097,#15098),(#15099,#15100),
(#15101,#15102),(#15103,#15104),(#15105,#15106)),.UNSPECIFIED.,.F.,.F.,
 .F.,(4,1,4),(2,2),(-0.0519884742803812,-0.0247330458819742,0.),(0.,0.1),
 .UNSPECIFIED.);
#108=B_SPLINE_SURFACE_WITH_KNOTS('',3,1,((#15114,#15115),(#15116,#15117),
(#15118,#15119),(#15120,#15121),(#15122,#15123)),.UNSPECIFIED.,.F.,.F.,
 .F.,(4,1,4),(2,2),(-0.0647314487601904,-0.0304802205321996,0.),(0.,0.1),
 .UNSPECIFIED.);
#109=B_SPLINE_SURFACE_WITH_KNOTS('',3,1,((#15169,#15170),(#15171,#15172),
(#15173,#15174),(#15175,#15176),(#15177,#15178)),.UNSPECIFIED.,.F.,.F.,
 .F.,(4,1,4),(2,2),(-0.0574475838623624,-0.0323872684307383,0.),(0.,0.1),
 .UNSPECIFIED.);
#110=B_SPLINE_SURFACE_WITH_KNOTS('',3,1,((#15192,#15193),(#15194,#15195),
(#15196,#15197),(#15198,#15199),(#15200,#15201)),.UNSPECIFIED.,.F.,.F.,
 .F.,(4,1,4),(2,2),(-0.0398394286438193,-0.0204803593809196,0.),(0.,0.1),
 .UNSPECIFIED.);
#111=B_SPLINE_SURFACE_WITH_KNOTS('',3,1,((#15215,#15216),(#15217,#15218),
(#15219,#15220),(#15221,#15222),(#15223,#15224)),.UNSPECIFIED.,.F.,.F.,
 .F.,(4,1,4),(2,2),(-0.0378277462788842,-0.0189827770073881,0.),(0.,0.1),
 .UNSPECIFIED.);
#112=B_SPLINE_SURFACE_WITH_KNOTS('',3,1,((#15238,#15239),(#15240,#15241),
(#15242,#15243),(#15244,#15245),(#15246,#15247)),.UNSPECIFIED.,.F.,.F.,
 .F.,(4,1,4),(2,2),(-0.0522749054376795,-0.0263606366991564,0.),(0.,0.1),
 .UNSPECIFIED.);
#113=B_SPLINE_SURFACE_WITH_KNOTS('',3,1,((#15261,#15262),(#15263,#15264),
(#15265,#15266),(#15267,#15268),(#15269,#15270)),.UNSPECIFIED.,.F.,.F.,
 .F.,(4,1,4),(2,2),(-0.0686745368190199,-0.0298981027057971,0.),(0.,0.1),
 .UNSPECIFIED.);
#114=B_SPLINE_SURFACE_WITH_KNOTS('',3,1,((#15303,#15304),(#15305,#15306),
(#15307,#15308),(#15309,#15310),(#15311,#15312)),.UNSPECIFIED.,.F.,.F.,
 .F.,(4,1,4),(2,2),(-0.0823277275224533,-0.0471437460408873,0.),(0.,0.1),
 .UNSPECIFIED.);
#115=B_SPLINE_SURFACE_WITH_KNOTS('',3,1,((#15320,#15321),(#15322,#15323),
(#15324,#15325),(#15326,#15327),(#15328,#15329)),.UNSPECIFIED.,.F.,.F.,
 .F.,(4,1,4),(2,2),(-0.0593716178536709,-0.0291351115008088,0.),(0.,0.1),
 .UNSPECIFIED.);
#116=B_SPLINE_SURFACE_WITH_KNOTS('',3,1,((#15337,#15338),(#15339,#15340),
(#15341,#15342),(#15343,#15344),(#15345,#15346)),.UNSPECIFIED.,.F.,.F.,
 .F.,(4,1,4),(2,2),(-0.0631687942868547,-0.0313132741737748,0.),(0.,0.1),
 .UNSPECIFIED.);
#117=B_SPLINE_SURFACE_WITH_KNOTS('',3,1,((#15354,#15355),(#15356,#15357),
(#15358,#15359),(#15360,#15361),(#15362,#15363)),.UNSPECIFIED.,.F.,.F.,
 .F.,(4,1,4),(2,2),(-0.0783700026646516,-0.0398229730704349,0.),(0.,0.1),
 .UNSPECIFIED.);
#118=B_SPLINE_SURFACE_WITH_KNOTS('',3,1,((#15371,#15372),(#15373,#15374),
(#15375,#15376),(#15377,#15378),(#15379,#15380)),.UNSPECIFIED.,.F.,.F.,
 .F.,(4,1,4),(2,2),(-0.0942054851581695,-0.042417959984853,0.),(0.,0.1),
 .UNSPECIFIED.);
#119=B_SPLINE_SURFACE_WITH_KNOTS('',3,1,((#15388,#15389),(#15390,#15391),
(#15392,#15393),(#15394,#15395),(#15396,#15397)),.UNSPECIFIED.,.F.,.F.,
 .F.,(4,1,4),(2,2),(-0.0377156233520745,-0.0210300817470958,0.),(0.,0.1),
 .UNSPECIFIED.);
#120=B_SPLINE_SURFACE_WITH_KNOTS('',3,1,((#15405,#15406),(#15407,#15408),
(#15409,#15410),(#15411,#15412),(#15413,#15414)),.UNSPECIFIED.,.F.,.F.,
 .F.,(4,1,4),(2,2),(-0.0691337143132953,-0.0329095878921569,0.),(0.,0.1),
 .UNSPECIFIED.);
#121=B_SPLINE_SURFACE_WITH_KNOTS('',3,1,((#15434,#15435),(#15436,#15437),
(#15438,#15439),(#15440,#15441),(#15442,#15443)),.UNSPECIFIED.,.F.,.F.,
 .F.,(4,1,4),(2,2),(-0.0670753342325328,-0.0381782551544756,0.),(0.,0.1),
 .UNSPECIFIED.);
#122=B_SPLINE_SURFACE_WITH_KNOTS('',3,1,((#15451,#15452),(#15453,#15454),
(#15455,#15456),(#15457,#15458),(#15459,#15460)),.UNSPECIFIED.,.F.,.F.,
 .F.,(4,1,4),(2,2),(-0.038029062494459,-0.0215833178267296,0.),(0.,0.1),
 .UNSPECIFIED.);
#123=B_SPLINE_SURFACE_WITH_KNOTS('',3,1,((#15468,#15469),(#15470,#15471),
(#15472,#15473),(#15474,#15475),(#15476,#15477)),.UNSPECIFIED.,.F.,.F.,
 .F.,(4,1,4),(2,2),(-0.0264799838527117,-0.0136126296549734,0.),(0.,0.1),
 .UNSPECIFIED.);
#124=B_SPLINE_SURFACE_WITH_KNOTS('',3,1,((#15485,#15486),(#15487,#15488),
(#15489,#15490),(#15491,#15492),(#15493,#15494)),.UNSPECIFIED.,.F.,.F.,
 .F.,(4,1,4),(2,2),(-0.0295604225206363,-0.0119551961726255,0.),(0.,0.1),
 .UNSPECIFIED.);
#125=B_SPLINE_SURFACE_WITH_KNOTS('',3,1,((#15523,#15524),(#15525,#15526),
(#15527,#15528),(#15529,#15530),(#15531,#15532)),.UNSPECIFIED.,.F.,.F.,
 .F.,(4,1,4),(2,2),(-0.0574474648532003,-0.0323871494215762,0.),(0.,0.1),
 .UNSPECIFIED.);
#126=B_SPLINE_SURFACE_WITH_KNOTS('',3,1,((#15546,#15547),(#15548,#15549),
(#15550,#15551),(#15552,#15553),(#15554,#15555)),.UNSPECIFIED.,.F.,.F.,
 .F.,(4,1,4),(2,2),(-0.0398394286438193,-0.0204803593809196,0.),(0.,0.1),
 .UNSPECIFIED.);
#127=B_SPLINE_SURFACE_WITH_KNOTS('',3,1,((#15569,#15570),(#15571,#15572),
(#15573,#15574),(#15575,#15576),(#15577,#15578)),.UNSPECIFIED.,.F.,.F.,
 .F.,(4,1,4),(2,2),(-0.0378277462788842,-0.0189827770073881,0.),(0.,0.1),
 .UNSPECIFIED.);
#128=B_SPLINE_SURFACE_WITH_KNOTS('',3,1,((#15592,#15593),(#15594,#15595),
(#15596,#15597),(#15598,#15599),(#15600,#15601)),.UNSPECIFIED.,.F.,.F.,
 .F.,(4,1,4),(2,2),(-0.052274811075996,-0.0263606134100262,0.),(0.,0.1),
 .UNSPECIFIED.);
#129=B_SPLINE_SURFACE_WITH_KNOTS('',3,1,((#15615,#15616),(#15617,#15618),
(#15619,#15620),(#15621,#15622),(#15623,#15624)),.UNSPECIFIED.,.F.,.F.,
 .F.,(4,1,4),(2,2),(-0.0686746535899567,-0.0298979967702733,0.),(0.,0.1),
 .UNSPECIFIED.);
#130=B_SPLINE_SURFACE_WITH_KNOTS('',3,1,((#15657,#15658),(#15659,#15660),
(#15661,#15662),(#15663,#15664),(#15665,#15666)),.UNSPECIFIED.,.F.,.F.,
 .F.,(4,1,4),(2,2),(-0.0823276418833627,-0.0471438650553271,0.),(0.,0.1),
 .UNSPECIFIED.);
#131=B_SPLINE_SURFACE_WITH_KNOTS('',3,1,((#15674,#15675),(#15676,#15677),
(#15678,#15679),(#15680,#15681),(#15682,#15683)),.UNSPECIFIED.,.F.,.F.,
 .F.,(4,1,4),(2,2),(-0.0593718227138191,-0.029135316360957,0.),(0.,0.1),
 .UNSPECIFIED.);
#132=B_SPLINE_SURFACE_WITH_KNOTS('',3,1,((#15691,#15692),(#15693,#15694),
(#15695,#15696),(#15697,#15698),(#15699,#15700)),.UNSPECIFIED.,.F.,.F.,
 .F.,(4,1,4),(2,2),(-0.0631688262386731,-0.0313133216966119,0.),(0.,0.1),
 .UNSPECIFIED.);
#133=B_SPLINE_SURFACE_WITH_KNOTS('',3,1,((#15708,#15709),(#15710,#15711),
(#15712,#15713),(#15714,#15715),(#15716,#15717)),.UNSPECIFIED.,.F.,.F.,
 .F.,(4,1,4),(2,2),(-0.0783701305026792,-0.0398229730704349,0.),(0.,0.1),
 .UNSPECIFIED.);
#134=B_SPLINE_SURFACE_WITH_KNOTS('',3,1,((#15725,#15726),(#15727,#15728),
(#15729,#15730),(#15731,#15732),(#15733,#15734)),.UNSPECIFIED.,.F.,.F.,
 .F.,(4,1,4),(2,2),(-0.0942052379374643,-0.0424180585192424,0.),(0.,0.1),
 .UNSPECIFIED.);
#135=B_SPLINE_SURFACE_WITH_KNOTS('',3,1,((#15742,#15743),(#15744,#15745),
(#15746,#15747),(#15748,#15749),(#15750,#15751)),.UNSPECIFIED.,.F.,.F.,
 .F.,(4,1,4),(2,2),(-0.0377154313381917,-0.0210300817470958,0.),(0.,0.1),
 .UNSPECIFIED.);
#136=B_SPLINE_SURFACE_WITH_KNOTS('',3,1,((#15759,#15760),(#15761,#15762),
(#15763,#15764),(#15765,#15766),(#15767,#15768)),.UNSPECIFIED.,.F.,.F.,
 .F.,(4,1,4),(2,2),(-0.0691337143132953,-0.0329095878921569,0.),(0.,0.1),
 .UNSPECIFIED.);
#137=B_SPLINE_SURFACE_WITH_KNOTS('',3,1,((#15788,#15789),(#15790,#15791),
(#15792,#15793),(#15794,#15795),(#15796,#15797)),.UNSPECIFIED.,.F.,.F.,
 .F.,(4,1,4),(2,2),(-0.0670754749319055,-0.0381782551544756,0.),(0.,0.1),
 .UNSPECIFIED.);
#138=B_SPLINE_SURFACE_WITH_KNOTS('',3,1,((#15805,#15806),(#15807,#15808),
(#15809,#15810),(#15811,#15812),(#15813,#15814)),.UNSPECIFIED.,.F.,.F.,
 .F.,(4,1,4),(2,2),(-0.0380289839413734,-0.021583239273644,0.),(0.,0.1),
 .UNSPECIFIED.);
#139=B_SPLINE_SURFACE_WITH_KNOTS('',3,1,((#15822,#15823),(#15824,#15825),
(#15826,#15827),(#15828,#15829),(#15830,#15831)),.UNSPECIFIED.,.F.,.F.,
 .F.,(4,1,4),(2,2),(-0.0264799838527117,-0.0136126296549734,0.),(0.,0.1),
 .UNSPECIFIED.);
#140=B_SPLINE_SURFACE_WITH_KNOTS('',3,1,((#15839,#15840),(#15841,#15842),
(#15843,#15844),(#15845,#15846),(#15847,#15848)),.UNSPECIFIED.,.F.,.F.,
 .F.,(4,1,4),(2,2),(-0.0295604225206363,-0.0119551961726255,0.),(0.,0.1),
 .UNSPECIFIED.);
#141=B_SPLINE_SURFACE_WITH_KNOTS('',3,1,((#15882,#15883),(#15884,#15885),
(#15886,#15887),(#15888,#15889),(#15890,#15891)),.UNSPECIFIED.,.F.,.F.,
 .F.,(4,1,4),(2,2),(-0.0687839829448108,-0.0357435223414521,0.),(0.,0.1),
 .UNSPECIFIED.);
#142=B_SPLINE_SURFACE_WITH_KNOTS('',3,1,((#15899,#15900),(#15901,#15902),
(#15903,#15904),(#15905,#15906),(#15907,#15908)),.UNSPECIFIED.,.F.,.F.,
 .F.,(4,1,4),(2,2),(-0.0689554530769854,-0.0342430610631737,0.),(0.,0.1),
 .UNSPECIFIED.);
#143=B_SPLINE_SURFACE_WITH_KNOTS('',3,1,((#15945,#15946),(#15947,#15948),
(#15949,#15950),(#15951,#15952),(#15953,#15954)),.UNSPECIFIED.,.F.,.F.,
 .F.,(4,1,4),(2,2),(-0.0933893059830939,-0.0480966824061838,0.),(0.,0.1),
 .UNSPECIFIED.);
#144=B_SPLINE_SURFACE_WITH_KNOTS('',3,1,((#15962,#15963),(#15964,#15965),
(#15966,#15967),(#15968,#15969),(#15970,#15971)),.UNSPECIFIED.,.F.,.F.,
 .F.,(4,1,4),(2,2),(-0.0869241659689994,-0.0436356204152708,0.),(0.,0.1),
 .UNSPECIFIED.);
#145=B_SPLINE_SURFACE_WITH_KNOTS('',3,1,((#15979,#15980),(#15981,#15982),
(#15983,#15984),(#15985,#15986),(#15987,#15988)),.UNSPECIFIED.,.F.,.F.,
 .F.,(4,1,4),(2,2),(-0.110855753011471,-0.0565943218827075,0.),(0.,0.1),
 .UNSPECIFIED.);
#146=B_SPLINE_SURFACE_WITH_KNOTS('',3,1,((#15996,#15997),(#15998,#15999),
(#16000,#16001),(#16002,#16003),(#16004,#16005)),.UNSPECIFIED.,.F.,.F.,
 .F.,(4,1,4),(2,2),(-0.104309499331068,-0.0523302412851438,0.),(0.,0.1),
 .UNSPECIFIED.);
#147=B_SPLINE_SURFACE_WITH_KNOTS('',3,1,((#16013,#16014),(#16015,#16016),
(#16017,#16018),(#16019,#16020),(#16021,#16022)),.UNSPECIFIED.,.F.,.F.,
 .F.,(4,1,4),(2,2),(-0.110270475859021,-0.0537965659318433,0.),(0.,0.1),
 .UNSPECIFIED.);
#148=B_SPLINE_SURFACE_WITH_KNOTS('',3,1,((#16030,#16031),(#16032,#16033),
(#16034,#16035),(#16036,#16037),(#16038,#16039)),.UNSPECIFIED.,.F.,.F.,
 .F.,(4,1,4),(2,2),(-0.112432977063657,-0.0567752665471781,0.),(0.,0.1),
 .UNSPECIFIED.);
#149=B_SPLINE_SURFACE_WITH_KNOTS('',3,1,((#16047,#16048),(#16049,#16050),
(#16051,#16052),(#16053,#16054),(#16055,#16056)),.UNSPECIFIED.,.F.,.F.,
 .F.,(4,1,4),(2,2),(-0.104243270325464,-0.0532101373062964,0.),(0.,0.1),
 .UNSPECIFIED.);
#150=B_SPLINE_SURFACE_WITH_KNOTS('',3,1,((#16064,#16065),(#16066,#16067),
(#16068,#16069),(#16070,#16071),(#16072,#16073)),.UNSPECIFIED.,.F.,.F.,
 .F.,(4,1,4),(2,2),(-0.109254091117921,-0.0526446841997696,0.),(0.,0.1),
 .UNSPECIFIED.);
#151=B_SPLINE_SURFACE_WITH_KNOTS('',3,1,((#16081,#16082),(#16083,#16084),
(#16085,#16086),(#16087,#16088),(#16089,#16090)),.UNSPECIFIED.,.F.,.F.,
 .F.,(4,1,4),(2,2),(-0.0800601359734305,-0.0414520567143461,0.),(0.,0.1),
 .UNSPECIFIED.);
#152=B_SPLINE_SURFACE_WITH_KNOTS('',3,1,((#16098,#16099),(#16100,#16101),
(#16102,#16103),(#16104,#16105),(#16106,#16107)),.UNSPECIFIED.,.F.,.F.,
 .F.,(4,1,4),(2,2),(-0.0680811598428978,-0.0355089807591625,0.),(0.,0.1),
 .UNSPECIFIED.);
#153=B_SPLINE_SURFACE_WITH_KNOTS('',3,1,((#16115,#16116),(#16117,#16118),
(#16119,#16120),(#16121,#16122),(#16123,#16124)),.UNSPECIFIED.,.F.,.F.,
 .F.,(4,1,4),(2,2),(-0.0725436905810177,-0.0338204862623804,0.),(0.,0.1),
 .UNSPECIFIED.);
#154=B_SPLINE_SURFACE_WITH_KNOTS('',3,1,((#16136,#16137),(#16138,#16139),
(#16140,#16141),(#16142,#16143),(#16144,#16145)),.UNSPECIFIED.,.F.,.F.,
 .F.,(4,1,4),(2,2),(-0.0531920447350584,-0.0290928941580454,0.),(0.,0.1),
 .UNSPECIFIED.);
#155=B_SPLINE_SURFACE_WITH_KNOTS('',3,1,((#16153,#16154),(#16155,#16156),
(#16157,#16158),(#16159,#16160),(#16161,#16162)),.UNSPECIFIED.,.F.,.F.,
 .F.,(4,1,4),(2,2),(-0.0477471689869557,-0.0226003502558113,0.),(0.,0.1),
 .UNSPECIFIED.);
#156=B_SPLINE_SURFACE_WITH_KNOTS('',3,1,((#16170,#16171),(#16172,#16173),
(#16174,#16175),(#16176,#16177),(#16178,#16179)),.UNSPECIFIED.,.F.,.F.,
 .F.,(4,1,4),(2,2),(-0.0563941284812976,-0.027352883033182,0.),(0.,0.1),
 .UNSPECIFIED.);
#157=B_SPLINE_SURFACE_WITH_KNOTS('',3,1,((#16187,#16188),(#16189,#16190),
(#16191,#16192),(#16193,#16194),(#16195,#16196)),.UNSPECIFIED.,.F.,.F.,
 .F.,(4,1,4),(2,2),(-0.0640324768238336,-0.0339461591867011,0.),(0.,0.1),
 .UNSPECIFIED.);
#158=B_SPLINE_SURFACE_WITH_KNOTS('',3,1,((#16204,#16205),(#16206,#16207),
(#16208,#16209),(#16210,#16211),(#16212,#16213)),.UNSPECIFIED.,.F.,.F.,
 .F.,(4,1,4),(2,2),(-0.0519708406798191,-0.027114586440026,0.),(0.,0.1),
 .UNSPECIFIED.);
#159=B_SPLINE_SURFACE_WITH_KNOTS('',3,1,((#16221,#16222),(#16223,#16224),
(#16225,#16226),(#16227,#16228),(#16229,#16230)),.UNSPECIFIED.,.F.,.F.,
 .F.,(4,1,4),(2,2),(-0.0470985662657763,-0.0237730495231023,0.),(0.,0.1),
 .UNSPECIFIED.);
#160=B_SPLINE_SURFACE_WITH_KNOTS('',3,1,((#16238,#16239),(#16240,#16241),
(#16242,#16243),(#16244,#16245),(#16246,#16247)),.UNSPECIFIED.,.F.,.F.,
 .F.,(4,1,4),(2,2),(-0.0823272091057213,-0.0403387619403995,0.),(0.,0.1),
 .UNSPECIFIED.);
#161=B_SPLINE_SURFACE_WITH_KNOTS('',3,1,((#16255,#16256),(#16257,#16258),
(#16259,#16260),(#16261,#16262),(#16263,#16264)),.UNSPECIFIED.,.F.,.F.,
 .F.,(4,1,4),(2,2),(-0.0920076399109333,-0.0493286284917896,0.),(0.,0.1),
 .UNSPECIFIED.);
#162=B_SPLINE_SURFACE_WITH_KNOTS('',3,1,((#16272,#16273),(#16274,#16275),
(#16276,#16277),(#16278,#16279),(#16280,#16281)),.UNSPECIFIED.,.F.,.F.,
 .F.,(4,1,4),(2,2),(-0.0767508878035651,-0.0386769855995287,0.),(0.,0.1),
 .UNSPECIFIED.);
#163=B_SPLINE_SURFACE_WITH_KNOTS('',3,1,((#16289,#16290),(#16291,#16292),
(#16293,#16294),(#16295,#16296),(#16297,#16298)),.UNSPECIFIED.,.F.,.F.,
 .F.,(4,1,4),(2,2),(-0.0772992404436958,-0.0385803312055366,0.),(0.,0.1),
 .UNSPECIFIED.);
#164=B_SPLINE_SURFACE_WITH_KNOTS('',3,1,((#16306,#16307),(#16308,#16309),
(#16310,#16311),(#16312,#16313),(#16314,#16315)),.UNSPECIFIED.,.F.,.F.,
 .F.,(4,1,4),(2,2),(-0.0687359543236335,-0.0341307136217149,0.),(0.,0.1),
 .UNSPECIFIED.);
#165=B_SPLINE_SURFACE_WITH_KNOTS('',3,1,((#16323,#16324),(#16325,#16326),
(#16327,#16328),(#16329,#16330),(#16331,#16332)),.UNSPECIFIED.,.F.,.F.,
 .F.,(4,1,4),(2,2),(-0.0573212090252579,-0.0318695428341165,0.),(0.,0.1),
 .UNSPECIFIED.);
#166=B_SPLINE_SURFACE_WITH_KNOTS('',3,1,((#16380,#16381),(#16382,#16383),
(#16384,#16385),(#16386,#16387),(#16388,#16389)),.UNSPECIFIED.,.F.,.F.,
 .F.,(4,1,4),(2,2),(-0.122623059666622,-0.065358324795391,0.),(0.,0.1),
 .UNSPECIFIED.);
#167=B_SPLINE_SURFACE_WITH_KNOTS('',3,1,((#16406,#16407),(#16408,#16409),
(#16410,#16411),(#16412,#16413),(#16414,#16415)),.UNSPECIFIED.,.F.,.F.,
 .F.,(4,1,4),(2,2),(-0.108517903322994,-0.0538022957719683,0.),(0.,0.1),
 .UNSPECIFIED.);
#168=B_SPLINE_SURFACE_WITH_KNOTS('',3,1,((#16429,#16430),(#16431,#16432),
(#16433,#16434),(#16435,#16436),(#16437,#16438)),.UNSPECIFIED.,.F.,.F.,
 .F.,(4,1,4),(2,2),(-0.109507919388323,-0.0554716876660122,0.),(0.,0.1),
 .UNSPECIFIED.);
#169=B_SPLINE_SURFACE_WITH_KNOTS('',3,1,((#16452,#16453),(#16454,#16455),
(#16456,#16457),(#16458,#16459),(#16460,#16461)),.UNSPECIFIED.,.F.,.F.,
 .F.,(4,1,4),(2,2),(-0.127584107869897,-0.0584893022134488,0.),(0.,0.1),
 .UNSPECIFIED.);
#170=B_SPLINE_SURFACE_WITH_KNOTS('',3,1,((#16475,#16476),(#16477,#16478),
(#16479,#16480),(#16481,#16482),(#16483,#16484)),.UNSPECIFIED.,.F.,.F.,
 .F.,(4,1,4),(2,2),(-0.0873453700567503,-0.0459225903542692,0.),(0.,0.1),
 .UNSPECIFIED.);
#171=B_SPLINE_SURFACE_WITH_KNOTS('',3,1,((#16498,#16499),(#16500,#16501),
(#16502,#16503),(#16504,#16505),(#16506,#16507)),.UNSPECIFIED.,.F.,.F.,
 .F.,(4,1,4),(2,2),(-0.0751412885518928,-0.0381917641119999,0.),(0.,0.1),
 .UNSPECIFIED.);
#172=B_SPLINE_SURFACE_WITH_KNOTS('',3,1,((#16521,#16522),(#16523,#16524),
(#16525,#16526),(#16527,#16528),(#16529,#16530)),.UNSPECIFIED.,.F.,.F.,
 .F.,(4,1,4),(2,2),(-0.0748846669506556,-0.0369326854300458,0.),(0.,0.1),
 .UNSPECIFIED.);
#173=B_SPLINE_SURFACE_WITH_KNOTS('',3,1,((#16544,#16545),(#16546,#16547),
(#16548,#16549),(#16550,#16551),(#16552,#16553)),.UNSPECIFIED.,.F.,.F.,
 .F.,(4,1,4),(2,2),(-0.106210389718982,-0.0531684892413551,0.),(0.,0.1),
 .UNSPECIFIED.);
#174=B_SPLINE_SURFACE_WITH_KNOTS('',3,1,((#16567,#16568),(#16569,#16570),
(#16571,#16572),(#16573,#16574),(#16575,#16576)),.UNSPECIFIED.,.F.,.F.,
 .F.,(4,1,4),(2,2),(-0.137875205083767,-0.0598277355300017,0.),(0.,0.1),
 .UNSPECIFIED.);
#175=B_SPLINE_SURFACE_WITH_KNOTS('',3,1,((#16587,#16588),(#16589,#16590),
(#16591,#16592),(#16593,#16594),(#16595,#16596)),.UNSPECIFIED.,.F.,.F.,
 .F.,(4,1,4),(2,2),(-0.16800165303019,-0.089780050661029,0.),(0.,0.1),
 .UNSPECIFIED.);
#176=B_SPLINE_SURFACE_WITH_KNOTS('',3,1,((#16606,#16607),(#16608,#16609),
(#16610,#16611),(#16612,#16613),(#16614,#16615)),.UNSPECIFIED.,.F.,.F.,
 .F.,(4,1,4),(2,2),(-0.152505713703278,-0.0744170196413368,0.),(0.,0.1),
 .UNSPECIFIED.);
#177=B_SPLINE_SURFACE_WITH_KNOTS('',3,1,((#16623,#16624),(#16625,#16626),
(#16627,#16628),(#16629,#16630),(#16631,#16632)),.UNSPECIFIED.,.F.,.F.,
 .F.,(4,1,4),(2,2),(-0.10428145213306,-0.0530742761045053,0.),(0.,0.1),
 .UNSPECIFIED.);
#178=B_SPLINE_SURFACE_WITH_KNOTS('',3,1,((#16640,#16641),(#16642,#16643),
(#16644,#16645),(#16646,#16647),(#16648,#16649)),.UNSPECIFIED.,.F.,.F.,
 .F.,(4,1,4),(2,2),(-0.101316997593587,-0.0503950479152616,0.),(0.,0.1),
 .UNSPECIFIED.);
#179=B_SPLINE_SURFACE_WITH_KNOTS('',3,1,((#16657,#16658),(#16659,#16660),
(#16661,#16662),(#16663,#16664),(#16665,#16666)),.UNSPECIFIED.,.F.,.F.,
 .F.,(4,1,4),(2,2),(-0.110609865247029,-0.0534560764374124,0.),(0.,0.1),
 .UNSPECIFIED.);
#180=B_SPLINE_SURFACE_WITH_KNOTS('',3,1,((#16674,#16675),(#16676,#16677),
(#16678,#16679),(#16680,#16681),(#16682,#16683)),.UNSPECIFIED.,.F.,.F.,
 .F.,(4,1,4),(2,2),(-0.112403815813769,-0.0579658530140974,0.),(0.,0.1),
 .UNSPECIFIED.);
#181=B_SPLINE_SURFACE_WITH_KNOTS('',3,1,((#16691,#16692),(#16693,#16694),
(#16695,#16696),(#16697,#16698),(#16699,#16700)),.UNSPECIFIED.,.F.,.F.,
 .F.,(4,1,4),(2,2),(-0.101820392931868,-0.0515793245709557,0.),(0.,0.1),
 .UNSPECIFIED.);
#182=B_SPLINE_SURFACE_WITH_KNOTS('',3,1,((#16708,#16709),(#16710,#16711),
(#16712,#16713),(#16714,#16715),(#16716,#16717)),.UNSPECIFIED.,.F.,.F.,
 .F.,(4,1,4),(2,2),(-0.10104376489231,-0.0503255253263822,0.),(0.,0.1),
 .UNSPECIFIED.);
#183=B_SPLINE_SURFACE_WITH_KNOTS('',3,1,((#16725,#16726),(#16727,#16728),
(#16729,#16730),(#16731,#16732),(#16733,#16734)),.UNSPECIFIED.,.F.,.F.,
 .F.,(4,1,4),(2,2),(-0.105610868956509,-0.0539121268726969,0.),(0.,0.1),
 .UNSPECIFIED.);
#184=B_SPLINE_SURFACE_WITH_KNOTS('',3,1,((#16742,#16743),(#16744,#16745),
(#16746,#16747),(#16748,#16749),(#16750,#16751)),.UNSPECIFIED.,.F.,.F.,
 .F.,(4,1,4),(2,2),(-0.101517629723837,-0.0506823533078311,0.),(0.,0.1),
 .UNSPECIFIED.);
#185=B_SPLINE_SURFACE_WITH_KNOTS('',3,1,((#16759,#16760),(#16761,#16762),
(#16763,#16764),(#16765,#16766),(#16767,#16768)),.UNSPECIFIED.,.F.,.F.,
 .F.,(4,1,4),(2,2),(-0.103134801095567,-0.0515197866021819,0.),(0.,0.1),
 .UNSPECIFIED.);
#186=B_SPLINE_SURFACE_WITH_KNOTS('',3,1,((#16791,#16792),(#16793,#16794),
(#16795,#16796),(#16797,#16798),(#16799,#16800)),.UNSPECIFIED.,.F.,.F.,
 .F.,(4,1,4),(2,2),(-0.0876837119388693,-0.0488954239655284,0.),(0.,0.1),
 .UNSPECIFIED.);
#187=B_SPLINE_SURFACE_WITH_KNOTS('',3,1,((#16814,#16815),(#16816,#16817),
(#16818,#16819),(#16820,#16821),(#16822,#16823)),.UNSPECIFIED.,.F.,.F.,
 .F.,(4,1,4),(2,2),(-0.0794412732507716,-0.039426330578328,0.),(0.,0.1),
 .UNSPECIFIED.);
#188=B_SPLINE_SURFACE_WITH_KNOTS('',3,1,((#16906,#16907),(#16908,#16909),
(#16910,#16911),(#16912,#16913),(#16914,#16915)),.UNSPECIFIED.,.F.,.F.,
 .F.,(4,1,4),(2,2),(-0.0876837479969617,-0.0488954239655284,0.),(0.,0.1),
 .UNSPECIFIED.);
#189=B_SPLINE_SURFACE_WITH_KNOTS('',3,1,((#16929,#16930),(#16931,#16932),
(#16933,#16934),(#16935,#16936),(#16937,#16938)),.UNSPECIFIED.,.F.,.F.,
 .F.,(4,1,4),(2,2),(-0.0794412593289718,-0.0394263166565283,0.),(0.,0.1),
 .UNSPECIFIED.);
#190=B_SPLINE_SURFACE_WITH_KNOTS('',3,1,((#17045,#17046),(#17047,#17048),
(#17049,#17050),(#17051,#17052),(#17053,#17054)),.UNSPECIFIED.,.F.,.F.,
 .F.,(4,1,4),(2,2),(-0.087683745736818,-0.0488954036762137,0.),(0.,0.1),
 .UNSPECIFIED.);
#191=B_SPLINE_SURFACE_WITH_KNOTS('',3,1,((#17068,#17069),(#17070,#17071),
(#17072,#17073),(#17074,#17075),(#17076,#17077)),.UNSPECIFIED.,.F.,.F.,
 .F.,(4,1,4),(2,2),(-0.0794412454072573,-0.0394263027348137,0.),(0.,0.1),
 .UNSPECIFIED.);
#192=B_SPLINE_SURFACE_WITH_KNOTS('',3,1,((#17138,#17139),(#17140,#17141),
(#17142,#17143),(#17144,#17145),(#17146,#17147)),.UNSPECIFIED.,.F.,.F.,
 .F.,(4,1,4),(2,2),(-0.0971158596668594,-0.0542003040604319,0.),(0.,0.1),
 .UNSPECIFIED.);
#193=B_SPLINE_SURFACE_WITH_KNOTS('',3,1,((#17155,#17156),(#17157,#17158),
(#17159,#17160),(#17161,#17162),(#17163,#17164)),.UNSPECIFIED.,.F.,.F.,
 .F.,(4,1,4),(2,2),(-0.0769146404146612,-0.037423518641624,0.),(0.,0.1),
 .UNSPECIFIED.);
#194=B_SPLINE_SURFACE_WITH_KNOTS('',3,1,((#17172,#17173),(#17174,#17175),
(#17176,#17177),(#17178,#17179),(#17180,#17181)),.UNSPECIFIED.,.F.,.F.,
 .F.,(4,1,4),(2,2),(-0.0969963998194958,-0.0444165889628178,0.),(0.,0.1),
 .UNSPECIFIED.);
#195=B_SPLINE_SURFACE_WITH_KNOTS('',3,1,((#17189,#17190),(#17191,#17192),
(#17193,#17194),(#17195,#17196),(#17197,#17198)),.UNSPECIFIED.,.F.,.F.,
 .F.,(4,1,4),(2,2),(-0.094686293634986,-0.0513204774687258,0.),(0.,0.1),
 .UNSPECIFIED.);
#196=B_SPLINE_SURFACE_WITH_KNOTS('',3,1,((#17206,#17207),(#17208,#17209),
(#17210,#17211),(#17212,#17213),(#17214,#17215)),.UNSPECIFIED.,.F.,.F.,
 .F.,(4,1,4),(2,2),(-0.0769860407246917,-0.0387289616436735,0.),(0.,0.1),
 .UNSPECIFIED.);
#197=B_SPLINE_SURFACE_WITH_KNOTS('',3,1,((#17223,#17224),(#17225,#17226),
(#17227,#17228),(#17229,#17230),(#17231,#17232)),.UNSPECIFIED.,.F.,.F.,
 .F.,(4,1,4),(2,2),(-0.101887965796177,-0.0449043450442934,0.),(0.,0.1),
 .UNSPECIFIED.);
#198=B_SPLINE_SURFACE_WITH_KNOTS('',3,1,((#17252,#17253),(#17254,#17255),
(#17256,#17257),(#17258,#17259),(#17260,#17261)),.UNSPECIFIED.,.F.,.F.,
 .F.,(4,1,4),(2,2),(-0.0776978499180407,-0.0453237346372797,0.),(0.,0.1),
 .UNSPECIFIED.);
#199=B_SPLINE_SURFACE_WITH_KNOTS('',3,1,((#17269,#17270),(#17271,#17272),
(#17273,#17274),(#17275,#17276),(#17277,#17278)),.UNSPECIFIED.,.F.,.F.,
 .F.,(4,1,4),(2,2),(-0.0513539327785347,-0.0255201698494734,0.),(0.,0.1),
 .UNSPECIFIED.);
#200=B_SPLINE_SURFACE_WITH_KNOTS('',3,1,((#17286,#17287),(#17288,#17289),
(#17290,#17291),(#17292,#17293),(#17294,#17295)),.UNSPECIFIED.,.F.,.F.,
 .F.,(4,1,4),(2,2),(-0.0597363917720759,-0.0280792326265975,0.),(0.,0.1),
 .UNSPECIFIED.);
#201=B_SPLINE_SURFACE_WITH_KNOTS('',3,1,((#17303,#17304),(#17305,#17306),
(#17307,#17308),(#17309,#17310),(#17311,#17312)),.UNSPECIFIED.,.F.,.F.,
 .F.,(4,1,4),(2,2),(-0.0891343194744676,-0.0504359047423203,0.),(0.,0.1),
 .UNSPECIFIED.);
#202=B_SPLINE_SURFACE_WITH_KNOTS('',3,1,((#17320,#17321),(#17322,#17323),
(#17324,#17325),(#17326,#17327),(#17328,#17329)),.UNSPECIFIED.,.F.,.F.,
 .F.,(4,1,4),(2,2),(-0.106327750371626,-0.0429263900297125,0.),(0.,0.1),
 .UNSPECIFIED.);
#203=B_SPLINE_SURFACE_WITH_KNOTS('',3,1,((#17340,#17341),(#17342,#17343),
(#17344,#17345),(#17346,#17347),(#17348,#17349)),.UNSPECIFIED.,.F.,.F.,
 .F.,(4,1,4),(2,2),(-0.122623090019176,-0.065358324795391,0.),(0.,0.1),
 .UNSPECIFIED.);
#204=B_SPLINE_SURFACE_WITH_KNOTS('',3,1,((#17366,#17367),(#17368,#17369),
(#17370,#17371),(#17372,#17373),(#17374,#17375)),.UNSPECIFIED.,.F.,.F.,
 .F.,(4,1,4),(2,2),(-0.10851780123425,-0.0538022229419613,0.),(0.,0.1),
 .UNSPECIFIED.);
#205=B_SPLINE_SURFACE_WITH_KNOTS('',3,1,((#17389,#17390),(#17391,#17392),
(#17393,#17394),(#17395,#17396),(#17397,#17398)),.UNSPECIFIED.,.F.,.F.,
 .F.,(4,1,4),(2,2),(-0.10950796739411,-0.0554716571474778,0.),(0.,0.1),
 .UNSPECIFIED.);
#206=B_SPLINE_SURFACE_WITH_KNOTS('',3,1,((#17412,#17413),(#17414,#17415),
(#17416,#17417),(#17418,#17419),(#17420,#17421)),.UNSPECIFIED.,.F.,.F.,
 .F.,(4,1,4),(2,2),(-0.127584201690657,-0.0584893981158126,0.),(0.,0.1),
 .UNSPECIFIED.);
#207=B_SPLINE_SURFACE_WITH_KNOTS('',3,1,((#17435,#17436),(#17437,#17438),
(#17439,#17440),(#17441,#17442),(#17443,#17444)),.UNSPECIFIED.,.F.,.F.,
 .F.,(4,1,4),(2,2),(-0.0873453869987461,-0.0459225983888223,0.),(0.,0.1),
 .UNSPECIFIED.);
#208=B_SPLINE_SURFACE_WITH_KNOTS('',3,1,((#17458,#17459),(#17460,#17461),
(#17462,#17463),(#17464,#17465),(#17466,#17467)),.UNSPECIFIED.,.F.,.F.,
 .F.,(4,1,4),(2,2),(-0.0751412735654861,-0.0381916927318756,0.),(0.,0.1),
 .UNSPECIFIED.);
#209=B_SPLINE_SURFACE_WITH_KNOTS('',3,1,((#17481,#17482),(#17483,#17484),
(#17485,#17486),(#17487,#17488),(#17489,#17490)),.UNSPECIFIED.,.F.,.F.,
 .F.,(4,1,4),(2,2),(-0.0748846669506556,-0.0369326854300458,0.),(0.,0.1),
 .UNSPECIFIED.);
#210=B_SPLINE_SURFACE_WITH_KNOTS('',3,1,((#17504,#17505),(#17506,#17507),
(#17508,#17509),(#17510,#17511),(#17512,#17513)),.UNSPECIFIED.,.F.,.F.,
 .F.,(4,1,4),(2,2),(-0.106210402727037,-0.0531685548427492,0.),(0.,0.1),
 .UNSPECIFIED.);
#211=B_SPLINE_SURFACE_WITH_KNOTS('',3,1,((#17527,#17528),(#17529,#17530),
(#17531,#17532),(#17533,#17534),(#17535,#17536)),.UNSPECIFIED.,.F.,.F.,
 .F.,(4,1,4),(2,2),(-0.137875183298589,-0.0598274696068919,0.),(0.,0.1),
 .UNSPECIFIED.);
#212=B_SPLINE_SURFACE_WITH_KNOTS('',3,1,((#17547,#17548),(#17549,#17550),
(#17551,#17552),(#17553,#17554),(#17555,#17556)),.UNSPECIFIED.,.F.,.F.,
 .F.,(4,1,4),(2,2),(-0.168001537371255,-0.0897800373468324,0.),(0.,0.1),
 .UNSPECIFIED.);
#213=B_SPLINE_SURFACE_WITH_KNOTS('',3,1,((#17566,#17567),(#17568,#17569),
(#17570,#17571),(#17572,#17573),(#17574,#17575)),.UNSPECIFIED.,.F.,.F.,
 .F.,(4,1,4),(2,2),(-0.152505740764034,-0.0744171854593657,0.),(0.,0.1),
 .UNSPECIFIED.);
#214=B_SPLINE_SURFACE_WITH_KNOTS('',3,1,((#17583,#17584),(#17585,#17586),
(#17587,#17588),(#17589,#17590),(#17591,#17592)),.UNSPECIFIED.,.F.,.F.,
 .F.,(4,1,4),(2,2),(-0.104281434762676,-0.053074364890603,0.),(0.,0.1),
 .UNSPECIFIED.);
#215=B_SPLINE_SURFACE_WITH_KNOTS('',3,1,((#17600,#17601),(#17602,#17603),
(#17604,#17605),(#17606,#17607),(#17608,#17609)),.UNSPECIFIED.,.F.,.F.,
 .F.,(4,1,4),(2,2),(-0.10131694160198,-0.0503949668028287,0.),(0.,0.1),
 .UNSPECIFIED.);
#216=B_SPLINE_SURFACE_WITH_KNOTS('',3,1,((#17617,#17618),(#17619,#17620),
(#17621,#17622),(#17623,#17624),(#17625,#17626)),.UNSPECIFIED.,.F.,.F.,
 .F.,(4,1,4),(2,2),(-0.110609865247029,-0.0534560764374124,0.),(0.,0.1),
 .UNSPECIFIED.);
#217=B_SPLINE_SURFACE_WITH_KNOTS('',3,1,((#17634,#17635),(#17636,#17637),
(#17638,#17639),(#17640,#17641),(#17642,#17643)),.UNSPECIFIED.,.F.,.F.,
 .F.,(4,1,4),(2,2),(-0.112403815813769,-0.0579658530140974,0.),(0.,0.1),
 .UNSPECIFIED.);
#218=B_SPLINE_SURFACE_WITH_KNOTS('',3,1,((#17651,#17652),(#17653,#17654),
(#17655,#17656),(#17657,#17658),(#17659,#17660)),.UNSPECIFIED.,.F.,.F.,
 .F.,(4,1,4),(2,2),(-0.101820304774585,-0.0515793074262417,0.),(0.,0.1),
 .UNSPECIFIED.);
#219=B_SPLINE_SURFACE_WITH_KNOTS('',3,1,((#17668,#17669),(#17670,#17671),
(#17672,#17673),(#17674,#17675),(#17676,#17677)),.UNSPECIFIED.,.F.,.F.,
 .F.,(4,1,4),(2,2),(-0.101043702926181,-0.050325566892807,0.),(0.,0.1),
 .UNSPECIFIED.);
#220=B_SPLINE_SURFACE_WITH_KNOTS('',3,1,((#17685,#17686),(#17687,#17688),
(#17689,#17690),(#17691,#17692),(#17693,#17694)),.UNSPECIFIED.,.F.,.F.,
 .F.,(4,1,4),(2,2),(-0.105610871151138,-0.0539121564354992,0.),(0.,0.1),
 .UNSPECIFIED.);
#221=B_SPLINE_SURFACE_WITH_KNOTS('',3,1,((#17702,#17703),(#17704,#17705),
(#17706,#17707),(#17708,#17709),(#17710,#17711)),.UNSPECIFIED.,.F.,.F.,
 .F.,(4,1,4),(2,2),(-0.1015176424988,-0.0506823992745171,0.),(0.,0.1),
 .UNSPECIFIED.);
#222=B_SPLINE_SURFACE_WITH_KNOTS('',3,1,((#17719,#17720),(#17721,#17722),
(#17723,#17724),(#17725,#17726),(#17727,#17728)),.UNSPECIFIED.,.F.,.F.,
 .F.,(4,1,4),(2,2),(-0.10313482320932,-0.0515195618458325,0.),(0.,0.1),
 .UNSPECIFIED.);
#223=PLANE('',#9700);
#224=PLANE('',#9701);
#225=PLANE('',#9712);
#226=PLANE('',#9713);
#227=PLANE('',#9740);
#228=PLANE('',#9741);
#229=PLANE('',#9742);
#230=PLANE('',#9744);
#231=PLANE('',#9752);
#232=PLANE('',#9753);
#233=PLANE('',#9754);
#234=PLANE('',#9774);
#235=PLANE('',#9778);
#236=PLANE('',#9779);
#237=PLANE('',#9783);
#238=PLANE('',#9787);
#239=PLANE('',#9788);
#240=PLANE('',#9789);
#241=PLANE('',#9790);
#242=PLANE('',#9791);
#243=PLANE('',#9792);
#244=PLANE('',#9793);
#245=PLANE('',#9794);
#246=PLANE('',#9795);
#247=PLANE('',#9796);
#248=PLANE('',#9797);
#249=PLANE('',#9798);
#250=PLANE('',#9799);
#251=PLANE('',#9800);
#252=PLANE('',#9801);
#253=PLANE('',#9802);
#254=PLANE('',#9803);
#255=PLANE('',#9804);
#256=PLANE('',#9805);
#257=PLANE('',#9810);
#258=PLANE('',#9814);
#259=PLANE('',#9817);
#260=PLANE('',#9823);
#261=PLANE('',#9824);
#262=PLANE('',#9825);
#263=PLANE('',#9826);
#264=PLANE('',#9827);
#265=PLANE('',#9828);
#266=PLANE('',#9829);
#267=PLANE('',#9830);
#268=PLANE('',#9831);
#269=PLANE('',#9832);
#270=PLANE('',#9839);
#271=PLANE('',#9846);
#272=PLANE('',#9847);
#273=PLANE('',#9848);
#274=PLANE('',#9849);
#275=PLANE('',#9850);
#276=PLANE('',#9851);
#277=PLANE('',#9852);
#278=PLANE('',#9853);
#279=PLANE('',#9854);
#280=PLANE('',#9855);
#281=PLANE('',#9860);
#282=PLANE('',#9861);
#283=PLANE('',#9862);
#284=PLANE('',#9863);
#285=PLANE('',#9871);
#286=PLANE('',#9880);
#287=PLANE('',#9890);
#288=PLANE('',#9894);
#289=PLANE('',#9899);
#290=PLANE('',#9900);
#291=PLANE('',#9905);
#292=PLANE('',#9907);
#293=PLANE('',#9911);
#294=PLANE('',#9924);
#295=PLANE('',#9925);
#296=PLANE('',#9926);
#297=PLANE('',#9927);
#298=PLANE('',#9928);
#299=PLANE('',#9929);
#300=PLANE('',#9930);
#301=PLANE('',#9931);
#302=PLANE('',#9932);
#303=PLANE('',#9933);
#304=PLANE('',#9934);
#305=PLANE('',#9935);
#306=PLANE('',#9936);
#307=PLANE('',#9937);
#308=PLANE('',#9938);
#309=PLANE('',#9939);
#310=PLANE('',#9940);
#311=PLANE('',#9941);
#312=PLANE('',#9942);
#313=PLANE('',#9943);
#314=PLANE('',#9944);
#315=PLANE('',#9945);
#316=PLANE('',#9946);
#317=PLANE('',#9947);
#318=PLANE('',#9948);
#319=PLANE('',#9949);
#320=PLANE('',#9950);
#321=PLANE('',#9951);
#322=PLANE('',#9952);
#323=PLANE('',#9953);
#324=PLANE('',#9954);
#325=PLANE('',#9955);
#326=PLANE('',#9956);
#327=PLANE('',#9957);
#328=PLANE('',#9958);
#329=PLANE('',#9959);
#330=PLANE('',#9960);
#331=PLANE('',#9961);
#332=PLANE('',#9962);
#333=PLANE('',#9963);
#334=PLANE('',#9964);
#335=PLANE('',#9965);
#336=PLANE('',#9966);
#337=PLANE('',#9967);
#338=PLANE('',#9968);
#339=PLANE('',#9969);
#340=PLANE('',#9970);
#341=PLANE('',#9971);
#342=PLANE('',#9972);
#343=PLANE('',#9973);
#344=PLANE('',#9974);
#345=PLANE('',#9975);
#346=PLANE('',#9976);
#347=PLANE('',#9977);
#348=PLANE('',#9978);
#349=PLANE('',#9979);
#350=PLANE('',#9980);
#351=PLANE('',#9981);
#352=PLANE('',#9982);
#353=PLANE('',#9983);
#354=PLANE('',#9984);
#355=PLANE('',#9985);
#356=PLANE('',#9986);
#357=PLANE('',#9987);
#358=PLANE('',#9988);
#359=PLANE('',#9989);
#360=PLANE('',#9990);
#361=PLANE('',#9991);
#362=PLANE('',#9992);
#363=PLANE('',#9993);
#364=PLANE('',#9994);
#365=PLANE('',#9995);
#366=PLANE('',#9996);
#367=PLANE('',#9997);
#368=PLANE('',#9998);
#369=PLANE('',#9999);
#370=PLANE('',#10000);
#371=PLANE('',#10001);
#372=PLANE('',#10002);
#373=PLANE('',#10003);
#374=PLANE('',#10004);
#375=PLANE('',#10005);
#376=PLANE('',#10006);
#377=PLANE('',#10007);
#378=PLANE('',#10008);
#379=PLANE('',#10009);
#380=PLANE('',#10010);
#381=PLANE('',#10011);
#382=PLANE('',#10012);
#383=PLANE('',#10013);
#384=PLANE('',#10014);
#385=PLANE('',#10015);
#386=PLANE('',#10016);
#387=PLANE('',#10017);
#388=PLANE('',#10018);
#389=PLANE('',#10019);
#390=PLANE('',#10020);
#391=PLANE('',#10021);
#392=PLANE('',#10022);
#393=PLANE('',#10023);
#394=PLANE('',#10024);
#395=PLANE('',#10025);
#396=PLANE('',#10026);
#397=PLANE('',#10027);
#398=PLANE('',#10028);
#399=PLANE('',#10029);
#400=PLANE('',#10030);
#401=PLANE('',#10031);
#402=PLANE('',#10032);
#403=PLANE('',#10033);
#404=PLANE('',#10034);
#405=PLANE('',#10035);
#406=PLANE('',#10036);
#407=PLANE('',#10037);
#408=PLANE('',#10038);
#409=PLANE('',#10039);
#410=PLANE('',#10040);
#411=PLANE('',#10041);
#412=PLANE('',#10042);
#413=PLANE('',#10043);
#414=PLANE('',#10044);
#415=PLANE('',#10045);
#416=PLANE('',#10046);
#417=PLANE('',#10047);
#418=PLANE('',#10048);
#419=PLANE('',#10049);
#420=PLANE('',#10050);
#421=PLANE('',#10051);
#422=PLANE('',#10052);
#423=PLANE('',#10053);
#424=PLANE('',#10054);
#425=PLANE('',#10055);
#426=PLANE('',#10056);
#427=PLANE('',#10057);
#428=PLANE('',#10058);
#429=PLANE('',#10059);
#430=PLANE('',#10060);
#431=PLANE('',#10061);
#432=PLANE('',#10062);
#433=PLANE('',#10063);
#434=PLANE('',#10064);
#435=PLANE('',#10065);
#436=PLANE('',#10066);
#437=PLANE('',#10067);
#438=PLANE('',#10068);
#439=PLANE('',#10069);
#440=PLANE('',#10070);
#441=PLANE('',#10071);
#442=PLANE('',#10072);
#443=PLANE('',#10073);
#444=PLANE('',#10074);
#445=PLANE('',#10075);
#446=PLANE('',#10076);
#447=PLANE('',#10077);
#448=PLANE('',#10078);
#449=PLANE('',#10079);
#450=PLANE('',#10080);
#451=PLANE('',#10081);
#452=PLANE('',#10082);
#453=PLANE('',#10083);
#454=PLANE('',#10084);
#455=PLANE('',#10085);
#456=PLANE('',#10086);
#457=PLANE('',#10087);
#458=PLANE('',#10088);
#459=PLANE('',#10089);
#460=PLANE('',#10090);
#461=PLANE('',#10095);
#462=PLANE('',#10099);
#463=PLANE('',#10101);
#464=PLANE('',#10107);
#465=PLANE('',#10112);
#466=PLANE('',#10117);
#467=PLANE('',#10119);
#468=PLANE('',#10122);
#469=PLANE('',#10125);
#470=PLANE('',#10127);
#471=PLANE('',#10130);
#472=PLANE('',#10133);
#473=PLANE('',#10139);
#474=PLANE('',#10161);
#475=PLANE('',#10162);
#476=PLANE('',#10163);
#477=PLANE('',#10164);
#478=FACE_BOUND('',#1086,.T.);
#479=FACE_BOUND('',#1087,.T.);
#480=FACE_BOUND('',#1088,.T.);
#481=FACE_BOUND('',#1089,.T.);
#482=FACE_BOUND('',#1090,.T.);
#483=FACE_BOUND('',#1128,.T.);
#484=FACE_BOUND('',#1129,.T.);
#485=FACE_BOUND('',#1130,.T.);
#486=FACE_BOUND('',#1131,.T.);
#487=FACE_BOUND('',#1132,.T.);
#488=FACE_BOUND('',#1135,.T.);
#489=FACE_BOUND('',#1136,.T.);
#490=FACE_BOUND('',#1137,.T.);
#491=FACE_BOUND('',#1138,.T.);
#492=FACE_BOUND('',#1139,.T.);
#493=FACE_BOUND('',#1141,.T.);
#494=FACE_BOUND('',#1142,.T.);
#495=FACE_BOUND('',#1143,.T.);
#496=FACE_BOUND('',#1144,.T.);
#497=FACE_BOUND('',#1145,.T.);
#498=FACE_BOUND('',#1178,.T.);
#499=FACE_BOUND('',#1180,.T.);
#500=FACE_BOUND('',#1181,.T.);
#501=FACE_BOUND('',#1182,.T.);
#502=FACE_BOUND('',#1183,.T.);
#503=FACE_BOUND('',#1184,.T.);
#504=FACE_BOUND('',#1185,.T.);
#505=FACE_BOUND('',#1186,.T.);
#506=FACE_BOUND('',#1187,.T.);
#507=FACE_BOUND('',#1188,.T.);
#508=FACE_BOUND('',#1189,.T.);
#509=FACE_BOUND('',#1190,.T.);
#510=FACE_BOUND('',#1191,.T.);
#511=FACE_BOUND('',#1192,.T.);
#512=FACE_BOUND('',#1193,.T.);
#513=FACE_BOUND('',#1194,.T.);
#514=FACE_BOUND('',#1195,.T.);
#515=FACE_BOUND('',#1196,.T.);
#516=FACE_BOUND('',#1197,.T.);
#517=FACE_BOUND('',#1198,.T.);
#518=FACE_BOUND('',#1199,.T.);
#519=FACE_BOUND('',#1200,.T.);
#520=FACE_BOUND('',#1201,.T.);
#521=FACE_BOUND('',#1203,.T.);
#522=FACE_BOUND('',#1204,.T.);
#523=FACE_BOUND('',#1205,.T.);
#524=FACE_BOUND('',#1208,.T.);
#525=FACE_BOUND('',#1209,.T.);
#526=FACE_BOUND('',#1210,.T.);
#527=FACE_BOUND('',#1211,.T.);
#528=FACE_BOUND('',#1214,.T.);
#529=FACE_BOUND('',#1215,.T.);
#530=FACE_BOUND('',#1224,.T.);
#531=FACE_BOUND('',#1225,.T.);
#532=FACE_BOUND('',#1226,.T.);
#533=FACE_BOUND('',#1227,.T.);
#534=FACE_BOUND('',#1228,.T.);
#535=FACE_BOUND('',#1231,.T.);
#536=FACE_BOUND('',#1244,.T.);
#537=FACE_BOUND('',#1245,.T.);
#538=FACE_BOUND('',#1246,.T.);
#539=FACE_BOUND('',#1247,.T.);
#540=FACE_BOUND('',#1248,.T.);
#541=FACE_BOUND('',#1255,.T.);
#542=FACE_BOUND('',#1256,.T.);
#543=FACE_BOUND('',#1257,.T.);
#544=FACE_BOUND('',#1258,.T.);
#545=FACE_BOUND('',#1261,.T.);
#546=FACE_BOUND('',#1262,.T.);
#547=FACE_BOUND('',#1263,.T.);
#548=FACE_BOUND('',#1264,.T.);
#549=FACE_BOUND('',#1265,.T.);
#550=FACE_BOUND('',#1270,.T.);
#551=FACE_BOUND('',#1273,.T.);
#552=FACE_BOUND('',#1277,.T.);
#553=FACE_BOUND('',#1282,.T.);
#554=FACE_BOUND('',#1317,.T.);
#555=FACE_BOUND('',#1357,.T.);
#556=FACE_BOUND('',#1394,.T.);
#557=FACE_BOUND('',#1424,.T.);
#558=FACE_BOUND('',#1496,.T.);
#559=FACE_BOUND('',#1512,.T.);
#560=FACE_BOUND('',#1533,.T.);
#561=FACE_BOUND('',#1560,.T.);
#562=FACE_BOUND('',#1601,.T.);
#563=FACE_BOUND('',#1617,.T.);
#564=FACE_BOUND('',#1618,.T.);
#565=FACE_BOUND('',#1619,.T.);
#566=FACE_BOUND('',#1624,.T.);
#567=FACE_BOUND('',#1625,.T.);
#568=FACE_BOUND('',#1626,.T.);
#569=FACE_BOUND('',#1627,.T.);
#570=FACE_BOUND('',#1628,.T.);
#571=FACE_BOUND('',#1629,.T.);
#572=FACE_BOUND('',#1631,.T.);
#573=FACE_BOUND('',#1632,.T.);
#574=FACE_BOUND('',#1633,.T.);
#575=FACE_BOUND('',#1634,.T.);
#576=FACE_BOUND('',#1666,.T.);
#577=FACE_BOUND('',#1667,.T.);
#578=FACE_BOUND('',#1668,.T.);
#579=FACE_BOUND('',#1669,.T.);
#580=FACE_BOUND('',#1671,.T.);
#581=FACE_BOUND('',#1672,.T.);
#582=FACE_BOUND('',#1673,.T.);
#583=FACE_BOUND('',#1674,.T.);
#584=FACE_BOUND('',#1676,.T.);
#585=FACE_BOUND('',#1677,.T.);
#586=FACE_OUTER_BOUND('',#1078,.T.);
#587=FACE_OUTER_BOUND('',#1079,.T.);
#588=FACE_OUTER_BOUND('',#1080,.T.);
#589=FACE_OUTER_BOUND('',#1081,.T.);
#590=FACE_OUTER_BOUND('',#1082,.T.);
#591=FACE_OUTER_BOUND('',#1083,.T.);
#592=FACE_OUTER_BOUND('',#1084,.T.);
#593=FACE_OUTER_BOUND('',#1085,.T.);
#594=FACE_OUTER_BOUND('',#1091,.T.);
#595=FACE_OUTER_BOUND('',#1092,.T.);
#596=FACE_OUTER_BOUND('',#1093,.T.);
#597=FACE_OUTER_BOUND('',#1094,.T.);
#598=FACE_OUTER_BOUND('',#1095,.T.);
#599=FACE_OUTER_BOUND('',#1096,.T.);
#600=FACE_OUTER_BOUND('',#1097,.T.);
#601=FACE_OUTER_BOUND('',#1098,.T.);
#602=FACE_OUTER_BOUND('',#1099,.T.);
#603=FACE_OUTER_BOUND('',#1100,.T.);
#604=FACE_OUTER_BOUND('',#1101,.T.);
#605=FACE_OUTER_BOUND('',#1102,.T.);
#606=FACE_OUTER_BOUND('',#1103,.T.);
#607=FACE_OUTER_BOUND('',#1104,.T.);
#608=FACE_OUTER_BOUND('',#1105,.T.);
#609=FACE_OUTER_BOUND('',#1106,.T.);
#610=FACE_OUTER_BOUND('',#1107,.T.);
#611=FACE_OUTER_BOUND('',#1108,.T.);
#612=FACE_OUTER_BOUND('',#1109,.T.);
#613=FACE_OUTER_BOUND('',#1110,.T.);
#614=FACE_OUTER_BOUND('',#1111,.T.);
#615=FACE_OUTER_BOUND('',#1112,.T.);
#616=FACE_OUTER_BOUND('',#1113,.T.);
#617=FACE_OUTER_BOUND('',#1114,.T.);
#618=FACE_OUTER_BOUND('',#1115,.T.);
#619=FACE_OUTER_BOUND('',#1116,.T.);
#620=FACE_OUTER_BOUND('',#1117,.T.);
#621=FACE_OUTER_BOUND('',#1118,.T.);
#622=FACE_OUTER_BOUND('',#1119,.T.);
#623=FACE_OUTER_BOUND('',#1120,.T.);
#624=FACE_OUTER_BOUND('',#1121,.T.);
#625=FACE_OUTER_BOUND('',#1122,.T.);
#626=FACE_OUTER_BOUND('',#1123,.T.);
#627=FACE_OUTER_BOUND('',#1124,.T.);
#628=FACE_OUTER_BOUND('',#1125,.T.);
#629=FACE_OUTER_BOUND('',#1126,.T.);
#630=FACE_OUTER_BOUND('',#1127,.T.);
#631=FACE_OUTER_BOUND('',#1133,.T.);
#632=FACE_OUTER_BOUND('',#1134,.T.);
#633=FACE_OUTER_BOUND('',#1140,.T.);
#634=FACE_OUTER_BOUND('',#1146,.T.);
#635=FACE_OUTER_BOUND('',#1147,.T.);
#636=FACE_OUTER_BOUND('',#1148,.T.);
#637=FACE_OUTER_BOUND('',#1149,.T.);
#638=FACE_OUTER_BOUND('',#1150,.T.);
#639=FACE_OUTER_BOUND('',#1151,.T.);
#640=FACE_OUTER_BOUND('',#1152,.T.);
#641=FACE_OUTER_BOUND('',#1153,.T.);
#642=FACE_OUTER_BOUND('',#1154,.T.);
#643=FACE_OUTER_BOUND('',#1155,.T.);
#644=FACE_OUTER_BOUND('',#1156,.T.);
#645=FACE_OUTER_BOUND('',#1157,.T.);
#646=FACE_OUTER_BOUND('',#1158,.T.);
#647=FACE_OUTER_BOUND('',#1159,.T.);
#648=FACE_OUTER_BOUND('',#1160,.T.);
#649=FACE_OUTER_BOUND('',#1161,.T.);
#650=FACE_OUTER_BOUND('',#1162,.T.);
#651=FACE_OUTER_BOUND('',#1163,.T.);
#652=FACE_OUTER_BOUND('',#1164,.T.);
#653=FACE_OUTER_BOUND('',#1165,.T.);
#654=FACE_OUTER_BOUND('',#1166,.T.);
#655=FACE_OUTER_BOUND('',#1167,.T.);
#656=FACE_OUTER_BOUND('',#1168,.T.);
#657=FACE_OUTER_BOUND('',#1169,.T.);
#658=FACE_OUTER_BOUND('',#1170,.T.);
#659=FACE_OUTER_BOUND('',#1171,.T.);
#660=FACE_OUTER_BOUND('',#1172,.T.);
#661=FACE_OUTER_BOUND('',#1173,.T.);
#662=FACE_OUTER_BOUND('',#1174,.T.);
#663=FACE_OUTER_BOUND('',#1175,.T.);
#664=FACE_OUTER_BOUND('',#1176,.T.);
#665=FACE_OUTER_BOUND('',#1177,.T.);
#666=FACE_OUTER_BOUND('',#1179,.T.);
#667=FACE_OUTER_BOUND('',#1202,.T.);
#668=FACE_OUTER_BOUND('',#1206,.T.);
#669=FACE_OUTER_BOUND('',#1207,.T.);
#670=FACE_OUTER_BOUND('',#1212,.T.);
#671=FACE_OUTER_BOUND('',#1213,.T.);
#672=FACE_OUTER_BOUND('',#1216,.T.);
#673=FACE_OUTER_BOUND('',#1217,.T.);
#674=FACE_OUTER_BOUND('',#1218,.T.);
#675=FACE_OUTER_BOUND('',#1219,.T.);
#676=FACE_OUTER_BOUND('',#1220,.T.);
#677=FACE_OUTER_BOUND('',#1221,.T.);
#678=FACE_OUTER_BOUND('',#1222,.T.);
#679=FACE_OUTER_BOUND('',#1223,.T.);
#680=FACE_OUTER_BOUND('',#1229,.T.);
#681=FACE_OUTER_BOUND('',#1230,.T.);
#682=FACE_OUTER_BOUND('',#1232,.T.);
#683=FACE_OUTER_BOUND('',#1233,.T.);
#684=FACE_OUTER_BOUND('',#1234,.T.);
#685=FACE_OUTER_BOUND('',#1235,.T.);
#686=FACE_OUTER_BOUND('',#1236,.T.);
#687=FACE_OUTER_BOUND('',#1237,.T.);
#688=FACE_OUTER_BOUND('',#1238,.T.);
#689=FACE_OUTER_BOUND('',#1239,.T.);
#690=FACE_OUTER_BOUND('',#1240,.T.);
#691=FACE_OUTER_BOUND('',#1241,.T.);
#692=FACE_OUTER_BOUND('',#1242,.T.);
#693=FACE_OUTER_BOUND('',#1243,.T.);
#694=FACE_OUTER_BOUND('',#1249,.T.);
#695=FACE_OUTER_BOUND('',#1250,.T.);
#696=FACE_OUTER_BOUND('',#1251,.T.);
#697=FACE_OUTER_BOUND('',#1252,.T.);
#698=FACE_OUTER_BOUND('',#1253,.T.);
#699=FACE_OUTER_BOUND('',#1254,.T.);
#700=FACE_OUTER_BOUND('',#1259,.T.);
#701=FACE_OUTER_BOUND('',#1260,.T.);
#702=FACE_OUTER_BOUND('',#1266,.T.);
#703=FACE_OUTER_BOUND('',#1267,.T.);
#704=FACE_OUTER_BOUND('',#1268,.T.);
#705=FACE_OUTER_BOUND('',#1269,.T.);
#706=FACE_OUTER_BOUND('',#1271,.T.);
#707=FACE_OUTER_BOUND('',#1272,.T.);
#708=FACE_OUTER_BOUND('',#1274,.T.);
#709=FACE_OUTER_BOUND('',#1275,.T.);
#710=FACE_OUTER_BOUND('',#1276,.T.);
#711=FACE_OUTER_BOUND('',#1278,.T.);
#712=FACE_OUTER_BOUND('',#1279,.T.);
#713=FACE_OUTER_BOUND('',#1280,.T.);
#714=FACE_OUTER_BOUND('',#1281,.T.);
#715=FACE_OUTER_BOUND('',#1283,.T.);
#716=FACE_OUTER_BOUND('',#1284,.T.);
#717=FACE_OUTER_BOUND('',#1285,.T.);
#718=FACE_OUTER_BOUND('',#1286,.T.);
#719=FACE_OUTER_BOUND('',#1287,.T.);
#720=FACE_OUTER_BOUND('',#1288,.T.);
#721=FACE_OUTER_BOUND('',#1289,.T.);
#722=FACE_OUTER_BOUND('',#1290,.T.);
#723=FACE_OUTER_BOUND('',#1291,.T.);
#724=FACE_OUTER_BOUND('',#1292,.T.);
#725=FACE_OUTER_BOUND('',#1293,.T.);
#726=FACE_OUTER_BOUND('',#1294,.T.);
#727=FACE_OUTER_BOUND('',#1295,.T.);
#728=FACE_OUTER_BOUND('',#1296,.T.);
#729=FACE_OUTER_BOUND('',#1297,.T.);
#730=FACE_OUTER_BOUND('',#1298,.T.);
#731=FACE_OUTER_BOUND('',#1299,.T.);
#732=FACE_OUTER_BOUND('',#1300,.T.);
#733=FACE_OUTER_BOUND('',#1301,.T.);
#734=FACE_OUTER_BOUND('',#1302,.T.);
#735=FACE_OUTER_BOUND('',#1303,.T.);
#736=FACE_OUTER_BOUND('',#1304,.T.);
#737=FACE_OUTER_BOUND('',#1305,.T.);
#738=FACE_OUTER_BOUND('',#1306,.T.);
#739=FACE_OUTER_BOUND('',#1307,.T.);
#740=FACE_OUTER_BOUND('',#1308,.T.);
#741=FACE_OUTER_BOUND('',#1309,.T.);
#742=FACE_OUTER_BOUND('',#1310,.T.);
#743=FACE_OUTER_BOUND('',#1311,.T.);
#744=FACE_OUTER_BOUND('',#1312,.T.);
#745=FACE_OUTER_BOUND('',#1313,.T.);
#746=FACE_OUTER_BOUND('',#1314,.T.);
#747=FACE_OUTER_BOUND('',#1315,.T.);
#748=FACE_OUTER_BOUND('',#1316,.T.);
#749=FACE_OUTER_BOUND('',#1318,.T.);
#750=FACE_OUTER_BOUND('',#1319,.T.);
#751=FACE_OUTER_BOUND('',#1320,.T.);
#752=FACE_OUTER_BOUND('',#1321,.T.);
#753=FACE_OUTER_BOUND('',#1322,.T.);
#754=FACE_OUTER_BOUND('',#1323,.T.);
#755=FACE_OUTER_BOUND('',#1324,.T.);
#756=FACE_OUTER_BOUND('',#1325,.T.);
#757=FACE_OUTER_BOUND('',#1326,.T.);
#758=FACE_OUTER_BOUND('',#1327,.T.);
#759=FACE_OUTER_BOUND('',#1328,.T.);
#760=FACE_OUTER_BOUND('',#1329,.T.);
#761=FACE_OUTER_BOUND('',#1330,.T.);
#762=FACE_OUTER_BOUND('',#1331,.T.);
#763=FACE_OUTER_BOUND('',#1332,.T.);
#764=FACE_OUTER_BOUND('',#1333,.T.);
#765=FACE_OUTER_BOUND('',#1334,.T.);
#766=FACE_OUTER_BOUND('',#1335,.T.);
#767=FACE_OUTER_BOUND('',#1336,.T.);
#768=FACE_OUTER_BOUND('',#1337,.T.);
#769=FACE_OUTER_BOUND('',#1338,.T.);
#770=FACE_OUTER_BOUND('',#1339,.T.);
#771=FACE_OUTER_BOUND('',#1340,.T.);
#772=FACE_OUTER_BOUND('',#1341,.T.);
#773=FACE_OUTER_BOUND('',#1342,.T.);
#774=FACE_OUTER_BOUND('',#1343,.T.);
#775=FACE_OUTER_BOUND('',#1344,.T.);
#776=FACE_OUTER_BOUND('',#1345,.T.);
#777=FACE_OUTER_BOUND('',#1346,.T.);
#778=FACE_OUTER_BOUND('',#1347,.T.);
#779=FACE_OUTER_BOUND('',#1348,.T.);
#780=FACE_OUTER_BOUND('',#1349,.T.);
#781=FACE_OUTER_BOUND('',#1350,.T.);
#782=FACE_OUTER_BOUND('',#1351,.T.);
#783=FACE_OUTER_BOUND('',#1352,.T.);
#784=FACE_OUTER_BOUND('',#1353,.T.);
#785=FACE_OUTER_BOUND('',#1354,.T.);
#786=FACE_OUTER_BOUND('',#1355,.T.);
#787=FACE_OUTER_BOUND('',#1356,.T.);
#788=FACE_OUTER_BOUND('',#1358,.T.);
#789=FACE_OUTER_BOUND('',#1359,.T.);
#790=FACE_OUTER_BOUND('',#1360,.T.);
#791=FACE_OUTER_BOUND('',#1361,.T.);
#792=FACE_OUTER_BOUND('',#1362,.T.);
#793=FACE_OUTER_BOUND('',#1363,.T.);
#794=FACE_OUTER_BOUND('',#1364,.T.);
#795=FACE_OUTER_BOUND('',#1365,.T.);
#796=FACE_OUTER_BOUND('',#1366,.T.);
#797=FACE_OUTER_BOUND('',#1367,.T.);
#798=FACE_OUTER_BOUND('',#1368,.T.);
#799=FACE_OUTER_BOUND('',#1369,.T.);
#800=FACE_OUTER_BOUND('',#1370,.T.);
#801=FACE_OUTER_BOUND('',#1371,.T.);
#802=FACE_OUTER_BOUND('',#1372,.T.);
#803=FACE_OUTER_BOUND('',#1373,.T.);
#804=FACE_OUTER_BOUND('',#1374,.T.);
#805=FACE_OUTER_BOUND('',#1375,.T.);
#806=FACE_OUTER_BOUND('',#1376,.T.);
#807=FACE_OUTER_BOUND('',#1377,.T.);
#808=FACE_OUTER_BOUND('',#1378,.T.);
#809=FACE_OUTER_BOUND('',#1379,.T.);
#810=FACE_OUTER_BOUND('',#1380,.T.);
#811=FACE_OUTER_BOUND('',#1381,.T.);
#812=FACE_OUTER_BOUND('',#1382,.T.);
#813=FACE_OUTER_BOUND('',#1383,.T.);
#814=FACE_OUTER_BOUND('',#1384,.T.);
#815=FACE_OUTER_BOUND('',#1385,.T.);
#816=FACE_OUTER_BOUND('',#1386,.T.);
#817=FACE_OUTER_BOUND('',#1387,.T.);
#818=FACE_OUTER_BOUND('',#1388,.T.);
#819=FACE_OUTER_BOUND('',#1389,.T.);
#820=FACE_OUTER_BOUND('',#1390,.T.);
#821=FACE_OUTER_BOUND('',#1391,.T.);
#822=FACE_OUTER_BOUND('',#1392,.T.);
#823=FACE_OUTER_BOUND('',#1393,.T.);
#824=FACE_OUTER_BOUND('',#1395,.T.);
#825=FACE_OUTER_BOUND('',#1396,.T.);
#826=FACE_OUTER_BOUND('',#1397,.T.);
#827=FACE_OUTER_BOUND('',#1398,.T.);
#828=FACE_OUTER_BOUND('',#1399,.T.);
#829=FACE_OUTER_BOUND('',#1400,.T.);
#830=FACE_OUTER_BOUND('',#1401,.T.);
#831=FACE_OUTER_BOUND('',#1402,.T.);
#832=FACE_OUTER_BOUND('',#1403,.T.);
#833=FACE_OUTER_BOUND('',#1404,.T.);
#834=FACE_OUTER_BOUND('',#1405,.T.);
#835=FACE_OUTER_BOUND('',#1406,.T.);
#836=FACE_OUTER_BOUND('',#1407,.T.);
#837=FACE_OUTER_BOUND('',#1408,.T.);
#838=FACE_OUTER_BOUND('',#1409,.T.);
#839=FACE_OUTER_BOUND('',#1410,.T.);
#840=FACE_OUTER_BOUND('',#1411,.T.);
#841=FACE_OUTER_BOUND('',#1412,.T.);
#842=FACE_OUTER_BOUND('',#1413,.T.);
#843=FACE_OUTER_BOUND('',#1414,.T.);
#844=FACE_OUTER_BOUND('',#1415,.T.);
#845=FACE_OUTER_BOUND('',#1416,.T.);
#846=FACE_OUTER_BOUND('',#1417,.T.);
#847=FACE_OUTER_BOUND('',#1418,.T.);
#848=FACE_OUTER_BOUND('',#1419,.T.);
#849=FACE_OUTER_BOUND('',#1420,.T.);
#850=FACE_OUTER_BOUND('',#1421,.T.);
#851=FACE_OUTER_BOUND('',#1422,.T.);
#852=FACE_OUTER_BOUND('',#1423,.T.);
#853=FACE_OUTER_BOUND('',#1425,.T.);
#854=FACE_OUTER_BOUND('',#1426,.T.);
#855=FACE_OUTER_BOUND('',#1427,.T.);
#856=FACE_OUTER_BOUND('',#1428,.T.);
#857=FACE_OUTER_BOUND('',#1429,.T.);
#858=FACE_OUTER_BOUND('',#1430,.T.);
#859=FACE_OUTER_BOUND('',#1431,.T.);
#860=FACE_OUTER_BOUND('',#1432,.T.);
#861=FACE_OUTER_BOUND('',#1433,.T.);
#862=FACE_OUTER_BOUND('',#1434,.T.);
#863=FACE_OUTER_BOUND('',#1435,.T.);
#864=FACE_OUTER_BOUND('',#1436,.T.);
#865=FACE_OUTER_BOUND('',#1437,.T.);
#866=FACE_OUTER_BOUND('',#1438,.T.);
#867=FACE_OUTER_BOUND('',#1439,.T.);
#868=FACE_OUTER_BOUND('',#1440,.T.);
#869=FACE_OUTER_BOUND('',#1441,.T.);
#870=FACE_OUTER_BOUND('',#1442,.T.);
#871=FACE_OUTER_BOUND('',#1443,.T.);
#872=FACE_OUTER_BOUND('',#1444,.T.);
#873=FACE_OUTER_BOUND('',#1445,.T.);
#874=FACE_OUTER_BOUND('',#1446,.T.);
#875=FACE_OUTER_BOUND('',#1447,.T.);
#876=FACE_OUTER_BOUND('',#1448,.T.);
#877=FACE_OUTER_BOUND('',#1449,.T.);
#878=FACE_OUTER_BOUND('',#1450,.T.);
#879=FACE_OUTER_BOUND('',#1451,.T.);
#880=FACE_OUTER_BOUND('',#1452,.T.);
#881=FACE_OUTER_BOUND('',#1453,.T.);
#882=FACE_OUTER_BOUND('',#1454,.T.);
#883=FACE_OUTER_BOUND('',#1455,.T.);
#884=FACE_OUTER_BOUND('',#1456,.T.);
#885=FACE_OUTER_BOUND('',#1457,.T.);
#886=FACE_OUTER_BOUND('',#1458,.T.);
#887=FACE_OUTER_BOUND('',#1459,.T.);
#888=FACE_OUTER_BOUND('',#1460,.T.);
#889=FACE_OUTER_BOUND('',#1461,.T.);
#890=FACE_OUTER_BOUND('',#1462,.T.);
#891=FACE_OUTER_BOUND('',#1463,.T.);
#892=FACE_OUTER_BOUND('',#1464,.T.);
#893=FACE_OUTER_BOUND('',#1465,.T.);
#894=FACE_OUTER_BOUND('',#1466,.T.);
#895=FACE_OUTER_BOUND('',#1467,.T.);
#896=FACE_OUTER_BOUND('',#1468,.T.);
#897=FACE_OUTER_BOUND('',#1469,.T.);
#898=FACE_OUTER_BOUND('',#1470,.T.);
#899=FACE_OUTER_BOUND('',#1471,.T.);
#900=FACE_OUTER_BOUND('',#1472,.T.);
#901=FACE_OUTER_BOUND('',#1473,.T.);
#902=FACE_OUTER_BOUND('',#1474,.T.);
#903=FACE_OUTER_BOUND('',#1475,.T.);
#904=FACE_OUTER_BOUND('',#1476,.T.);
#905=FACE_OUTER_BOUND('',#1477,.T.);
#906=FACE_OUTER_BOUND('',#1478,.T.);
#907=FACE_OUTER_BOUND('',#1479,.T.);
#908=FACE_OUTER_BOUND('',#1480,.T.);
#909=FACE_OUTER_BOUND('',#1481,.T.);
#910=FACE_OUTER_BOUND('',#1482,.T.);
#911=FACE_OUTER_BOUND('',#1483,.T.);
#912=FACE_OUTER_BOUND('',#1484,.T.);
#913=FACE_OUTER_BOUND('',#1485,.T.);
#914=FACE_OUTER_BOUND('',#1486,.T.);
#915=FACE_OUTER_BOUND('',#1487,.T.);
#916=FACE_OUTER_BOUND('',#1488,.T.);
#917=FACE_OUTER_BOUND('',#1489,.T.);
#918=FACE_OUTER_BOUND('',#1490,.T.);
#919=FACE_OUTER_BOUND('',#1491,.T.);
#920=FACE_OUTER_BOUND('',#1492,.T.);
#921=FACE_OUTER_BOUND('',#1493,.T.);
#922=FACE_OUTER_BOUND('',#1494,.T.);
#923=FACE_OUTER_BOUND('',#1495,.T.);
#924=FACE_OUTER_BOUND('',#1497,.T.);
#925=FACE_OUTER_BOUND('',#1498,.T.);
#926=FACE_OUTER_BOUND('',#1499,.T.);
#927=FACE_OUTER_BOUND('',#1500,.T.);
#928=FACE_OUTER_BOUND('',#1501,.T.);
#929=FACE_OUTER_BOUND('',#1502,.T.);
#930=FACE_OUTER_BOUND('',#1503,.T.);
#931=FACE_OUTER_BOUND('',#1504,.T.);
#932=FACE_OUTER_BOUND('',#1505,.T.);
#933=FACE_OUTER_BOUND('',#1506,.T.);
#934=FACE_OUTER_BOUND('',#1507,.T.);
#935=FACE_OUTER_BOUND('',#1508,.T.);
#936=FACE_OUTER_BOUND('',#1509,.T.);
#937=FACE_OUTER_BOUND('',#1510,.T.);
#938=FACE_OUTER_BOUND('',#1511,.T.);
#939=FACE_OUTER_BOUND('',#1513,.T.);
#940=FACE_OUTER_BOUND('',#1514,.T.);
#941=FACE_OUTER_BOUND('',#1515,.T.);
#942=FACE_OUTER_BOUND('',#1516,.T.);
#943=FACE_OUTER_BOUND('',#1517,.T.);
#944=FACE_OUTER_BOUND('',#1518,.T.);
#945=FACE_OUTER_BOUND('',#1519,.T.);
#946=FACE_OUTER_BOUND('',#1520,.T.);
#947=FACE_OUTER_BOUND('',#1521,.T.);
#948=FACE_OUTER_BOUND('',#1522,.T.);
#949=FACE_OUTER_BOUND('',#1523,.T.);
#950=FACE_OUTER_BOUND('',#1524,.T.);
#951=FACE_OUTER_BOUND('',#1525,.T.);
#952=FACE_OUTER_BOUND('',#1526,.T.);
#953=FACE_OUTER_BOUND('',#1527,.T.);
#954=FACE_OUTER_BOUND('',#1528,.T.);
#955=FACE_OUTER_BOUND('',#1529,.T.);
#956=FACE_OUTER_BOUND('',#1530,.T.);
#957=FACE_OUTER_BOUND('',#1531,.T.);
#958=FACE_OUTER_BOUND('',#1532,.T.);
#959=FACE_OUTER_BOUND('',#1534,.T.);
#960=FACE_OUTER_BOUND('',#1535,.T.);
#961=FACE_OUTER_BOUND('',#1536,.T.);
#962=FACE_OUTER_BOUND('',#1537,.T.);
#963=FACE_OUTER_BOUND('',#1538,.T.);
#964=FACE_OUTER_BOUND('',#1539,.T.);
#965=FACE_OUTER_BOUND('',#1540,.T.);
#966=FACE_OUTER_BOUND('',#1541,.T.);
#967=FACE_OUTER_BOUND('',#1542,.T.);
#968=FACE_OUTER_BOUND('',#1543,.T.);
#969=FACE_OUTER_BOUND('',#1544,.T.);
#970=FACE_OUTER_BOUND('',#1545,.T.);
#971=FACE_OUTER_BOUND('',#1546,.T.);
#972=FACE_OUTER_BOUND('',#1547,.T.);
#973=FACE_OUTER_BOUND('',#1548,.T.);
#974=FACE_OUTER_BOUND('',#1549,.T.);
#975=FACE_OUTER_BOUND('',#1550,.T.);
#976=FACE_OUTER_BOUND('',#1551,.T.);
#977=FACE_OUTER_BOUND('',#1552,.T.);
#978=FACE_OUTER_BOUND('',#1553,.T.);
#979=FACE_OUTER_BOUND('',#1554,.T.);
#980=FACE_OUTER_BOUND('',#1555,.T.);
#981=FACE_OUTER_BOUND('',#1556,.T.);
#982=FACE_OUTER_BOUND('',#1557,.T.);
#983=FACE_OUTER_BOUND('',#1558,.T.);
#984=FACE_OUTER_BOUND('',#1559,.T.);
#985=FACE_OUTER_BOUND('',#1561,.T.);
#986=FACE_OUTER_BOUND('',#1562,.T.);
#987=FACE_OUTER_BOUND('',#1563,.T.);
#988=FACE_OUTER_BOUND('',#1564,.T.);
#989=FACE_OUTER_BOUND('',#1565,.T.);
#990=FACE_OUTER_BOUND('',#1566,.T.);
#991=FACE_OUTER_BOUND('',#1567,.T.);
#992=FACE_OUTER_BOUND('',#1568,.T.);
#993=FACE_OUTER_BOUND('',#1569,.T.);
#994=FACE_OUTER_BOUND('',#1570,.T.);
#995=FACE_OUTER_BOUND('',#1571,.T.);
#996=FACE_OUTER_BOUND('',#1572,.T.);
#997=FACE_OUTER_BOUND('',#1573,.T.);
#998=FACE_OUTER_BOUND('',#1574,.T.);
#999=FACE_OUTER_BOUND('',#1575,.T.);
#1000=FACE_OUTER_BOUND('',#1576,.T.);
#1001=FACE_OUTER_BOUND('',#1577,.T.);
#1002=FACE_OUTER_BOUND('',#1578,.T.);
#1003=FACE_OUTER_BOUND('',#1579,.T.);
#1004=FACE_OUTER_BOUND('',#1580,.T.);
#1005=FACE_OUTER_BOUND('',#1581,.T.);
#1006=FACE_OUTER_BOUND('',#1582,.T.);
#1007=FACE_OUTER_BOUND('',#1583,.T.);
#1008=FACE_OUTER_BOUND('',#1584,.T.);
#1009=FACE_OUTER_BOUND('',#1585,.T.);
#1010=FACE_OUTER_BOUND('',#1586,.T.);
#1011=FACE_OUTER_BOUND('',#1587,.T.);
#1012=FACE_OUTER_BOUND('',#1588,.T.);
#1013=FACE_OUTER_BOUND('',#1589,.T.);
#1014=FACE_OUTER_BOUND('',#1590,.T.);
#1015=FACE_OUTER_BOUND('',#1591,.T.);
#1016=FACE_OUTER_BOUND('',#1592,.T.);
#1017=FACE_OUTER_BOUND('',#1593,.T.);
#1018=FACE_OUTER_BOUND('',#1594,.T.);
#1019=FACE_OUTER_BOUND('',#1595,.T.);
#1020=FACE_OUTER_BOUND('',#1596,.T.);
#1021=FACE_OUTER_BOUND('',#1597,.T.);
#1022=FACE_OUTER_BOUND('',#1598,.T.);
#1023=FACE_OUTER_BOUND('',#1599,.T.);
#1024=FACE_OUTER_BOUND('',#1600,.T.);
#1025=FACE_OUTER_BOUND('',#1602,.T.);
#1026=FACE_OUTER_BOUND('',#1603,.T.);
#1027=FACE_OUTER_BOUND('',#1604,.T.);
#1028=FACE_OUTER_BOUND('',#1605,.T.);
#1029=FACE_OUTER_BOUND('',#1606,.T.);
#1030=FACE_OUTER_BOUND('',#1607,.T.);
#1031=FACE_OUTER_BOUND('',#1608,.T.);
#1032=FACE_OUTER_BOUND('',#1609,.T.);
#1033=FACE_OUTER_BOUND('',#1610,.T.);
#1034=FACE_OUTER_BOUND('',#1611,.T.);
#1035=FACE_OUTER_BOUND('',#1612,.T.);
#1036=FACE_OUTER_BOUND('',#1613,.T.);
#1037=FACE_OUTER_BOUND('',#1614,.T.);
#1038=FACE_OUTER_BOUND('',#1615,.T.);
#1039=FACE_OUTER_BOUND('',#1616,.T.);
#1040=FACE_OUTER_BOUND('',#1620,.T.);
#1041=FACE_OUTER_BOUND('',#1621,.T.);
#1042=FACE_OUTER_BOUND('',#1622,.T.);
#1043=FACE_OUTER_BOUND('',#1623,.T.);
#1044=FACE_OUTER_BOUND('',#1630,.T.);
#1045=FACE_OUTER_BOUND('',#1635,.T.);
#1046=FACE_OUTER_BOUND('',#1636,.T.);
#1047=FACE_OUTER_BOUND('',#1637,.T.);
#1048=FACE_OUTER_BOUND('',#1638,.T.);
#1049=FACE_OUTER_BOUND('',#1639,.T.);
#1050=FACE_OUTER_BOUND('',#1640,.T.);
#1051=FACE_OUTER_BOUND('',#1641,.T.);
#1052=FACE_OUTER_BOUND('',#1642,.T.);
#1053=FACE_OUTER_BOUND('',#1643,.T.);
#1054=FACE_OUTER_BOUND('',#1644,.T.);
#1055=FACE_OUTER_BOUND('',#1645,.T.);
#1056=FACE_OUTER_BOUND('',#1646,.T.);
#1057=FACE_OUTER_BOUND('',#1647,.T.);
#1058=FACE_OUTER_BOUND('',#1648,.T.);
#1059=FACE_OUTER_BOUND('',#1649,.T.);
#1060=FACE_OUTER_BOUND('',#1650,.T.);
#1061=FACE_OUTER_BOUND('',#1651,.T.);
#1062=FACE_OUTER_BOUND('',#1652,.T.);
#1063=FACE_OUTER_BOUND('',#1653,.T.);
#1064=FACE_OUTER_BOUND('',#1654,.T.);
#1065=FACE_OUTER_BOUND('',#1655,.T.);
#1066=FACE_OUTER_BOUND('',#1656,.T.);
#1067=FACE_OUTER_BOUND('',#1657,.T.);
#1068=FACE_OUTER_BOUND('',#1658,.T.);
#1069=FACE_OUTER_BOUND('',#1659,.T.);
#1070=FACE_OUTER_BOUND('',#1660,.T.);
#1071=FACE_OUTER_BOUND('',#1661,.T.);
#1072=FACE_OUTER_BOUND('',#1662,.T.);
#1073=FACE_OUTER_BOUND('',#1663,.T.);
#1074=FACE_OUTER_BOUND('',#1664,.T.);
#1075=FACE_OUTER_BOUND('',#1665,.T.);
#1076=FACE_OUTER_BOUND('',#1670,.T.);
#1077=FACE_OUTER_BOUND('',#1675,.T.);
#1078=EDGE_LOOP('',(#6282,#6283,#6284,#6285,#6286,#6287,#6288,#6289,#6290,
#6291,#6292,#6293));
#1079=EDGE_LOOP('',(#6294,#6295,#6296,#6297));
#1080=EDGE_LOOP('',(#6298,#6299,#6300,#6301));
#1081=EDGE_LOOP('',(#6302,#6303,#6304,#6305));
#1082=EDGE_LOOP('',(#6306,#6307,#6308,#6309));
#1083=EDGE_LOOP('',(#6310,#6311,#6312,#6313));
#1084=EDGE_LOOP('',(#6314,#6315,#6316,#6317));
#1085=EDGE_LOOP('',(#6318,#6319,#6320,#6321));
#1086=EDGE_LOOP('',(#6322,#6323));
#1087=EDGE_LOOP('',(#6324,#6325,#6326));
#1088=EDGE_LOOP('',(#6327,#6328));
#1089=EDGE_LOOP('',(#6329,#6330,#6331));
#1090=EDGE_LOOP('',(#6332,#6333));
#1091=EDGE_LOOP('',(#6334,#6335,#6336,#6337));
#1092=EDGE_LOOP('',(#6338,#6339,#6340,#6341));
#1093=EDGE_LOOP('',(#6342,#6343,#6344,#6345));
#1094=EDGE_LOOP('',(#6346,#6347,#6348,#6349,#6350,#6351,#6352,#6353));
#1095=EDGE_LOOP('',(#6354,#6355,#6356,#6357,#6358,#6359,#6360,#6361));
#1096=EDGE_LOOP('',(#6362,#6363,#6364,#6365));
#1097=EDGE_LOOP('',(#6366,#6367,#6368,#6369));
#1098=EDGE_LOOP('',(#6370,#6371,#6372,#6373));
#1099=EDGE_LOOP('',(#6374,#6375,#6376,#6377));
#1100=EDGE_LOOP('',(#6378,#6379,#6380,#6381));
#1101=EDGE_LOOP('',(#6382,#6383,#6384,#6385));
#1102=EDGE_LOOP('',(#6386,#6387,#6388,#6389,#6390,#6391));
#1103=EDGE_LOOP('',(#6392,#6393,#6394,#6395));
#1104=EDGE_LOOP('',(#6396,#6397,#6398,#6399));
#1105=EDGE_LOOP('',(#6400,#6401,#6402,#6403,#6404,#6405));
#1106=EDGE_LOOP('',(#6406,#6407,#6408,#6409));
#1107=EDGE_LOOP('',(#6410,#6411,#6412,#6413,#6414,#6415,#6416,#6417,#6418,
#6419,#6420,#6421));
#1108=EDGE_LOOP('',(#6422,#6423,#6424,#6425));
#1109=EDGE_LOOP('',(#6426,#6427,#6428,#6429,#6430,#6431,#6432));
#1110=EDGE_LOOP('',(#6433,#6434,#6435,#6436));
#1111=EDGE_LOOP('',(#6437,#6438,#6439,#6440));
#1112=EDGE_LOOP('',(#6441,#6442,#6443,#6444,#6445));
#1113=EDGE_LOOP('',(#6446,#6447,#6448,#6449));
#1114=EDGE_LOOP('',(#6450,#6451,#6452));
#1115=EDGE_LOOP('',(#6453,#6454,#6455,#6456));
#1116=EDGE_LOOP('',(#6457,#6458,#6459,#6460,#6461));
#1117=EDGE_LOOP('',(#6462,#6463,#6464,#6465));
#1118=EDGE_LOOP('',(#6466,#6467,#6468));
#1119=EDGE_LOOP('',(#6469,#6470,#6471,#6472));
#1120=EDGE_LOOP('',(#6473,#6474,#6475,#6476));
#1121=EDGE_LOOP('',(#6477,#6478,#6479,#6480,#6481));
#1122=EDGE_LOOP('',(#6482,#6483,#6484));
#1123=EDGE_LOOP('',(#6485,#6486,#6487,#6488));
#1124=EDGE_LOOP('',(#6489,#6490,#6491,#6492,#6493,#6494));
#1125=EDGE_LOOP('',(#6495,#6496,#6497,#6498));
#1126=EDGE_LOOP('',(#6499,#6500,#6501,#6502));
#1127=EDGE_LOOP('',(#6503,#6504,#6505,#6506));
#1128=EDGE_LOOP('',(#6507,#6508,#6509,#6510));
#1129=EDGE_LOOP('',(#6511));
#1130=EDGE_LOOP('',(#6512));
#1131=EDGE_LOOP('',(#6513));
#1132=EDGE_LOOP('',(#6514,#6515,#6516,#6517,#6518,#6519,#6520,#6521,#6522,
#6523,#6524,#6525,#6526));
#1133=EDGE_LOOP('',(#6527,#6528,#6529,#6530,#6531,#6532,#6533,#6534,#6535,
#6536));
#1134=EDGE_LOOP('',(#6537,#6538,#6539,#6540,#6541,#6542,#6543,#6544,#6545,
#6546,#6547,#6548,#6549,#6550,#6551,#6552,#6553));
#1135=EDGE_LOOP('',(#6554));
#1136=EDGE_LOOP('',(#6555));
#1137=EDGE_LOOP('',(#6556));
#1138=EDGE_LOOP('',(#6557));
#1139=EDGE_LOOP('',(#6558));
#1140=EDGE_LOOP('',(#6559,#6560,#6561,#6562,#6563,#6564,#6565,#6566,#6567,
#6568,#6569,#6570,#6571,#6572));
#1141=EDGE_LOOP('',(#6573));
#1142=EDGE_LOOP('',(#6574));
#1143=EDGE_LOOP('',(#6575));
#1144=EDGE_LOOP('',(#6576));
#1145=EDGE_LOOP('',(#6577));
#1146=EDGE_LOOP('',(#6578,#6579));
#1147=EDGE_LOOP('',(#6580,#6581,#6582,#6583,#6584,#6585));
#1148=EDGE_LOOP('',(#6586,#6587,#6588));
#1149=EDGE_LOOP('',(#6589,#6590,#6591,#6592));
#1150=EDGE_LOOP('',(#6593,#6594,#6595,#6596));
#1151=EDGE_LOOP('',(#6597,#6598,#6599,#6600));
#1152=EDGE_LOOP('',(#6601,#6602,#6603,#6604));
#1153=EDGE_LOOP('',(#6605,#6606,#6607,#6608));
#1154=EDGE_LOOP('',(#6609,#6610,#6611,#6612));
#1155=EDGE_LOOP('',(#6613,#6614,#6615,#6616));
#1156=EDGE_LOOP('',(#6617,#6618,#6619,#6620));
#1157=EDGE_LOOP('',(#6621,#6622,#6623,#6624));
#1158=EDGE_LOOP('',(#6625,#6626,#6627,#6628));
#1159=EDGE_LOOP('',(#6629,#6630,#6631,#6632));
#1160=EDGE_LOOP('',(#6633,#6634,#6635,#6636));
#1161=EDGE_LOOP('',(#6637,#6638,#6639,#6640));
#1162=EDGE_LOOP('',(#6641,#6642,#6643,#6644,#6645,#6646,#6647,#6648,#6649,
#6650,#6651,#6652,#6653));
#1163=EDGE_LOOP('',(#6654,#6655,#6656,#6657));
#1164=EDGE_LOOP('',(#6658,#6659,#6660,#6661));
#1165=EDGE_LOOP('',(#6662,#6663,#6664,#6665));
#1166=EDGE_LOOP('',(#6666,#6667,#6668,#6669));
#1167=EDGE_LOOP('',(#6670,#6671,#6672,#6673));
#1168=EDGE_LOOP('',(#6674,#6675,#6676,#6677));
#1169=EDGE_LOOP('',(#6678,#6679,#6680,#6681));
#1170=EDGE_LOOP('',(#6682,#6683,#6684,#6685));
#1171=EDGE_LOOP('',(#6686,#6687,#6688,#6689));
#1172=EDGE_LOOP('',(#6690,#6691,#6692,#6693));
#1173=EDGE_LOOP('',(#6694,#6695,#6696,#6697));
#1174=EDGE_LOOP('',(#6698,#6699,#6700,#6701));
#1175=EDGE_LOOP('',(#6702,#6703,#6704,#6705));
#1176=EDGE_LOOP('',(#6706,#6707,#6708,#6709,#6710,#6711,#6712,#6713,#6714,
#6715,#6716,#6717,#6718));
#1177=EDGE_LOOP('',(#6719,#6720,#6721,#6722,#6723,#6724,#6725,#6726));
#1178=EDGE_LOOP('',(#6727,#6728,#6729,#6730));
#1179=EDGE_LOOP('',(#6731,#6732,#6733,#6734));
#1180=EDGE_LOOP('',(#6735,#6736,#6737,#6738,#6739,#6740,#6741,#6742,#6743,
#6744,#6745,#6746,#6747,#6748,#6749));
#1181=EDGE_LOOP('',(#6750,#6751,#6752,#6753,#6754,#6755));
#1182=EDGE_LOOP('',(#6756,#6757,#6758,#6759,#6760,#6761,#6762,#6763,#6764,
#6765,#6766,#6767,#6768,#6769,#6770,#6771,#6772,#6773,#6774));
#1183=EDGE_LOOP('',(#6775,#6776,#6777,#6778,#6779,#6780,#6781,#6782,#6783,
#6784,#6785,#6786,#6787,#6788,#6789,#6790,#6791,#6792,#6793,#6794,#6795,
#6796,#6797,#6798,#6799,#6800,#6801,#6802,#6803));
#1184=EDGE_LOOP('',(#6804,#6805,#6806,#6807,#6808,#6809,#6810,#6811,#6812,
#6813,#6814));
#1185=EDGE_LOOP('',(#6815,#6816,#6817,#6818));
#1186=EDGE_LOOP('',(#6819,#6820,#6821,#6822,#6823,#6824,#6825,#6826,#6827,
#6828));
#1187=EDGE_LOOP('',(#6829,#6830,#6831,#6832,#6833,#6834,#6835,#6836,#6837,
#6838,#6839));
#1188=EDGE_LOOP('',(#6840));
#1189=EDGE_LOOP('',(#6841));
#1190=EDGE_LOOP('',(#6842));
#1191=EDGE_LOOP('',(#6843));
#1192=EDGE_LOOP('',(#6844,#6845,#6846,#6847));
#1193=EDGE_LOOP('',(#6848,#6849,#6850,#6851,#6852,#6853,#6854,#6855,#6856,
#6857,#6858,#6859,#6860,#6861,#6862,#6863,#6864));
#1194=EDGE_LOOP('',(#6865,#6866,#6867,#6868,#6869,#6870,#6871,#6872));
#1195=EDGE_LOOP('',(#6873,#6874,#6875,#6876,#6877,#6878,#6879,#6880));
#1196=EDGE_LOOP('',(#6881,#6882,#6883,#6884,#6885,#6886,#6887,#6888));
#1197=EDGE_LOOP('',(#6889,#6890,#6891,#6892,#6893,#6894,#6895,#6896));
#1198=EDGE_LOOP('',(#6897,#6898,#6899,#6900,#6901,#6902,#6903,#6904,#6905));
#1199=EDGE_LOOP('',(#6906,#6907,#6908,#6909,#6910,#6911,#6912,#6913,#6914,
#6915,#6916,#6917,#6918,#6919,#6920,#6921,#6922,#6923,#6924));
#1200=EDGE_LOOP('',(#6925,#6926,#6927,#6928,#6929,#6930,#6931,#6932,#6933,
#6934,#6935,#6936));
#1201=EDGE_LOOP('',(#6937,#6938,#6939,#6940));
#1202=EDGE_LOOP('',(#6941,#6942,#6943,#6944,#6945,#6946,#6947,#6948,#6949,
#6950,#6951,#6952,#6953,#6954,#6955,#6956,#6957,#6958,#6959,#6960,#6961));
#1203=EDGE_LOOP('',(#6962));
#1204=EDGE_LOOP('',(#6963));
#1205=EDGE_LOOP('',(#6964));
#1206=EDGE_LOOP('',(#6965,#6966,#6967,#6968,#6969,#6970,#6971,#6972));
#1207=EDGE_LOOP('',(#6973,#6974,#6975,#6976,#6977,#6978,#6979,#6980,#6981,
#6982));
#1208=EDGE_LOOP('',(#6983));
#1209=EDGE_LOOP('',(#6984,#6985));
#1210=EDGE_LOOP('',(#6986));
#1211=EDGE_LOOP('',(#6987,#6988,#6989,#6990));
#1212=EDGE_LOOP('',(#6991,#6992,#6993,#6994));
#1213=EDGE_LOOP('',(#6995,#6996,#6997,#6998,#6999,#7000,#7001,#7002,#7003,
#7004,#7005));
#1214=EDGE_LOOP('',(#7006,#7007,#7008,#7009));
#1215=EDGE_LOOP('',(#7010,#7011,#7012,#7013));
#1216=EDGE_LOOP('',(#7014,#7015,#7016,#7017));
#1217=EDGE_LOOP('',(#7018,#7019,#7020,#7021));
#1218=EDGE_LOOP('',(#7022,#7023,#7024,#7025));
#1219=EDGE_LOOP('',(#7026,#7027,#7028,#7029));
#1220=EDGE_LOOP('',(#7030,#7031,#7032,#7033));
#1221=EDGE_LOOP('',(#7034,#7035,#7036,#7037));
#1222=EDGE_LOOP('',(#7038,#7039,#7040,#7041));
#1223=EDGE_LOOP('',(#7042,#7043,#7044,#7045));
#1224=EDGE_LOOP('',(#7046,#7047,#7048,#7049,#7050,#7051,#7052,#7053,#7054,
#7055,#7056,#7057,#7058));
#1225=EDGE_LOOP('',(#7059,#7060,#7061,#7062));
#1226=EDGE_LOOP('',(#7063));
#1227=EDGE_LOOP('',(#7064));
#1228=EDGE_LOOP('',(#7065,#7066));
#1229=EDGE_LOOP('',(#7067,#7068,#7069,#7070,#7071));
#1230=EDGE_LOOP('',(#7072));
#1231=EDGE_LOOP('',(#7073));
#1232=EDGE_LOOP('',(#7074,#7075,#7076,#7077));
#1233=EDGE_LOOP('',(#7078,#7079,#7080,#7081));
#1234=EDGE_LOOP('',(#7082,#7083,#7084,#7085));
#1235=EDGE_LOOP('',(#7086,#7087,#7088,#7089,#7090,#7091,#7092,#7093,#7094,
#7095,#7096,#7097,#7098,#7099,#7100,#7101,#7102));
#1236=EDGE_LOOP('',(#7103,#7104,#7105,#7106));
#1237=EDGE_LOOP('',(#7107,#7108,#7109,#7110));
#1238=EDGE_LOOP('',(#7111,#7112,#7113,#7114));
#1239=EDGE_LOOP('',(#7115,#7116,#7117,#7118));
#1240=EDGE_LOOP('',(#7119,#7120,#7121,#7122));
#1241=EDGE_LOOP('',(#7123,#7124,#7125,#7126));
#1242=EDGE_LOOP('',(#7127,#7128,#7129,#7130));
#1243=EDGE_LOOP('',(#7131,#7132,#7133,#7134,#7135,#7136,#7137,#7138,#7139));
#1244=EDGE_LOOP('',(#7140));
#1245=EDGE_LOOP('',(#7141));
#1246=EDGE_LOOP('',(#7142));
#1247=EDGE_LOOP('',(#7143,#7144));
#1248=EDGE_LOOP('',(#7145));
#1249=EDGE_LOOP('',(#7146,#7147,#7148,#7149));
#1250=EDGE_LOOP('',(#7150,#7151,#7152,#7153,#7154,#7155,#7156,#7157,#7158,
#7159,#7160,#7161,#7162,#7163,#7164,#7165,#7166,#7167));
#1251=EDGE_LOOP('',(#7168,#7169,#7170,#7171));
#1252=EDGE_LOOP('',(#7172,#7173,#7174,#7175));
#1253=EDGE_LOOP('',(#7176,#7177,#7178,#7179,#7180,#7181,#7182,#7183,#7184,
#7185,#7186,#7187,#7188,#7189,#7190,#7191));
#1254=EDGE_LOOP('',(#7192,#7193,#7194,#7195,#7196,#7197,#7198,#7199,#7200,
#7201,#7202,#7203));
#1255=EDGE_LOOP('',(#7204));
#1256=EDGE_LOOP('',(#7205,#7206,#7207,#7208));
#1257=EDGE_LOOP('',(#7209,#7210,#7211));
#1258=EDGE_LOOP('',(#7212,#7213,#7214,#7215));
#1259=EDGE_LOOP('',(#7216,#7217,#7218,#7219));
#1260=EDGE_LOOP('',(#7220,#7221,#7222,#7223,#7224,#7225,#7226,#7227,#7228,
#7229,#7230,#7231,#7232));
#1261=EDGE_LOOP('',(#7233));
#1262=EDGE_LOOP('',(#7234));
#1263=EDGE_LOOP('',(#7235,#7236,#7237,#7238));
#1264=EDGE_LOOP('',(#7239,#7240,#7241));
#1265=EDGE_LOOP('',(#7242,#7243,#7244,#7245));
#1266=EDGE_LOOP('',(#7246,#7247,#7248,#7249,#7250,#7251,#7252,#7253,#7254,
#7255,#7256,#7257));
#1267=EDGE_LOOP('',(#7258,#7259,#7260));
#1268=EDGE_LOOP('',(#7261,#7262,#7263,#7264));
#1269=EDGE_LOOP('',(#7265));
#1270=EDGE_LOOP('',(#7266));
#1271=EDGE_LOOP('',(#7267,#7268,#7269,#7270));
#1272=EDGE_LOOP('',(#7271));
#1273=EDGE_LOOP('',(#7272));
#1274=EDGE_LOOP('',(#7273,#7274));
#1275=EDGE_LOOP('',(#7275,#7276,#7277,#7278));
#1276=EDGE_LOOP('',(#7279));
#1277=EDGE_LOOP('',(#7280));
#1278=EDGE_LOOP('',(#7281,#7282,#7283,#7284));
#1279=EDGE_LOOP('',(#7285,#7286));
#1280=EDGE_LOOP('',(#7287,#7288,#7289,#7290));
#1281=EDGE_LOOP('',(#7291));
#1282=EDGE_LOOP('',(#7292));
#1283=EDGE_LOOP('',(#7293,#7294,#7295,#7296,#7297));
#1284=EDGE_LOOP('',(#7298,#7299,#7300,#7301));
#1285=EDGE_LOOP('',(#7302,#7303,#7304,#7305));
#1286=EDGE_LOOP('',(#7306,#7307,#7308,#7309));
#1287=EDGE_LOOP('',(#7310,#7311,#7312,#7313,#7314,#7315));
#1288=EDGE_LOOP('',(#7316,#7317,#7318,#7319));
#1289=EDGE_LOOP('',(#7320,#7321,#7322,#7323));
#1290=EDGE_LOOP('',(#7324,#7325,#7326,#7327));
#1291=EDGE_LOOP('',(#7328,#7329,#7330,#7331));
#1292=EDGE_LOOP('',(#7332,#7333,#7334,#7335));
#1293=EDGE_LOOP('',(#7336,#7337,#7338,#7339));
#1294=EDGE_LOOP('',(#7340,#7341,#7342,#7343));
#1295=EDGE_LOOP('',(#7344,#7345,#7346,#7347));
#1296=EDGE_LOOP('',(#7348,#7349,#7350,#7351));
#1297=EDGE_LOOP('',(#7352,#7353,#7354,#7355));
#1298=EDGE_LOOP('',(#7356,#7357,#7358,#7359));
#1299=EDGE_LOOP('',(#7360,#7361,#7362,#7363));
#1300=EDGE_LOOP('',(#7364,#7365,#7366,#7367));
#1301=EDGE_LOOP('',(#7368,#7369,#7370,#7371));
#1302=EDGE_LOOP('',(#7372,#7373,#7374,#7375));
#1303=EDGE_LOOP('',(#7376,#7377,#7378,#7379));
#1304=EDGE_LOOP('',(#7380,#7381,#7382,#7383));
#1305=EDGE_LOOP('',(#7384,#7385,#7386,#7387));
#1306=EDGE_LOOP('',(#7388,#7389,#7390,#7391));
#1307=EDGE_LOOP('',(#7392,#7393,#7394,#7395));
#1308=EDGE_LOOP('',(#7396,#7397,#7398,#7399));
#1309=EDGE_LOOP('',(#7400,#7401,#7402,#7403));
#1310=EDGE_LOOP('',(#7404,#7405,#7406,#7407));
#1311=EDGE_LOOP('',(#7408,#7409,#7410,#7411,#7412,#7413,#7414,#7415,#7416,
#7417,#7418,#7419,#7420,#7421,#7422,#7423,#7424,#7425,#7426));
#1312=EDGE_LOOP('',(#7427,#7428,#7429,#7430));
#1313=EDGE_LOOP('',(#7431,#7432,#7433,#7434));
#1314=EDGE_LOOP('',(#7435,#7436,#7437,#7438));
#1315=EDGE_LOOP('',(#7439,#7440,#7441,#7442));
#1316=EDGE_LOOP('',(#7443,#7444,#7445,#7446));
#1317=EDGE_LOOP('',(#7447,#7448,#7449,#7450,#7451,#7452,#7453,#7454,#7455,
#7456,#7457,#7458,#7459,#7460,#7461,#7462,#7463,#7464,#7465));
#1318=EDGE_LOOP('',(#7466,#7467,#7468,#7469));
#1319=EDGE_LOOP('',(#7470,#7471,#7472,#7473));
#1320=EDGE_LOOP('',(#7474,#7475,#7476,#7477));
#1321=EDGE_LOOP('',(#7478,#7479,#7480,#7481));
#1322=EDGE_LOOP('',(#7482,#7483,#7484,#7485));
#1323=EDGE_LOOP('',(#7486,#7487,#7488,#7489));
#1324=EDGE_LOOP('',(#7490,#7491,#7492,#7493));
#1325=EDGE_LOOP('',(#7494,#7495,#7496,#7497));
#1326=EDGE_LOOP('',(#7498,#7499,#7500,#7501));
#1327=EDGE_LOOP('',(#7502,#7503,#7504,#7505));
#1328=EDGE_LOOP('',(#7506,#7507,#7508,#7509));
#1329=EDGE_LOOP('',(#7510,#7511,#7512,#7513));
#1330=EDGE_LOOP('',(#7514,#7515,#7516,#7517));
#1331=EDGE_LOOP('',(#7518,#7519,#7520,#7521));
#1332=EDGE_LOOP('',(#7522,#7523,#7524,#7525));
#1333=EDGE_LOOP('',(#7526,#7527,#7528,#7529,#7530,#7531,#7532,#7533,#7534,
#7535,#7536,#7537,#7538,#7539,#7540));
#1334=EDGE_LOOP('',(#7541,#7542,#7543,#7544));
#1335=EDGE_LOOP('',(#7545,#7546,#7547,#7548));
#1336=EDGE_LOOP('',(#7549,#7550,#7551,#7552));
#1337=EDGE_LOOP('',(#7553,#7554,#7555,#7556));
#1338=EDGE_LOOP('',(#7557,#7558,#7559,#7560));
#1339=EDGE_LOOP('',(#7561,#7562,#7563,#7564));
#1340=EDGE_LOOP('',(#7565,#7566,#7567,#7568));
#1341=EDGE_LOOP('',(#7569,#7570,#7571,#7572));
#1342=EDGE_LOOP('',(#7573,#7574,#7575,#7576));
#1343=EDGE_LOOP('',(#7577,#7578,#7579,#7580));
#1344=EDGE_LOOP('',(#7581,#7582,#7583,#7584));
#1345=EDGE_LOOP('',(#7585,#7586,#7587,#7588));
#1346=EDGE_LOOP('',(#7589,#7590,#7591,#7592));
#1347=EDGE_LOOP('',(#7593,#7594,#7595,#7596));
#1348=EDGE_LOOP('',(#7597,#7598,#7599,#7600));
#1349=EDGE_LOOP('',(#7601,#7602,#7603,#7604));
#1350=EDGE_LOOP('',(#7605,#7606,#7607,#7608));
#1351=EDGE_LOOP('',(#7609,#7610,#7611,#7612));
#1352=EDGE_LOOP('',(#7613,#7614,#7615,#7616));
#1353=EDGE_LOOP('',(#7617,#7618,#7619,#7620));
#1354=EDGE_LOOP('',(#7621,#7622,#7623,#7624));
#1355=EDGE_LOOP('',(#7625,#7626,#7627,#7628));
#1356=EDGE_LOOP('',(#7629,#7630,#7631,#7632,#7633,#7634,#7635,#7636,#7637,
#7638,#7639,#7640));
#1357=EDGE_LOOP('',(#7641,#7642,#7643,#7644,#7645,#7646,#7647,#7648,#7649,
#7650));
#1358=EDGE_LOOP('',(#7651,#7652,#7653,#7654,#7655,#7656,#7657,#7658,#7659,
#7660));
#1359=EDGE_LOOP('',(#7661,#7662,#7663,#7664));
#1360=EDGE_LOOP('',(#7665,#7666,#7667,#7668));
#1361=EDGE_LOOP('',(#7669,#7670,#7671,#7672));
#1362=EDGE_LOOP('',(#7673,#7674,#7675,#7676));
#1363=EDGE_LOOP('',(#7677,#7678,#7679,#7680));
#1364=EDGE_LOOP('',(#7681,#7682,#7683,#7684));
#1365=EDGE_LOOP('',(#7685,#7686,#7687,#7688,#7689,#7690));
#1366=EDGE_LOOP('',(#7691,#7692,#7693,#7694));
#1367=EDGE_LOOP('',(#7695,#7696,#7697,#7698));
#1368=EDGE_LOOP('',(#7699,#7700,#7701,#7702));
#1369=EDGE_LOOP('',(#7703,#7704,#7705,#7706));
#1370=EDGE_LOOP('',(#7707,#7708,#7709,#7710));
#1371=EDGE_LOOP('',(#7711,#7712,#7713,#7714));
#1372=EDGE_LOOP('',(#7715,#7716,#7717,#7718));
#1373=EDGE_LOOP('',(#7719,#7720,#7721,#7722));
#1374=EDGE_LOOP('',(#7723,#7724,#7725,#7726));
#1375=EDGE_LOOP('',(#7727,#7728,#7729,#7730));
#1376=EDGE_LOOP('',(#7731,#7732,#7733,#7734));
#1377=EDGE_LOOP('',(#7735,#7736,#7737,#7738));
#1378=EDGE_LOOP('',(#7739,#7740,#7741,#7742));
#1379=EDGE_LOOP('',(#7743,#7744,#7745,#7746));
#1380=EDGE_LOOP('',(#7747,#7748,#7749,#7750));
#1381=EDGE_LOOP('',(#7751,#7752,#7753,#7754));
#1382=EDGE_LOOP('',(#7755,#7756,#7757,#7758));
#1383=EDGE_LOOP('',(#7759,#7760,#7761,#7762));
#1384=EDGE_LOOP('',(#7763,#7764,#7765,#7766));
#1385=EDGE_LOOP('',(#7767,#7768,#7769,#7770));
#1386=EDGE_LOOP('',(#7771,#7772,#7773,#7774));
#1387=EDGE_LOOP('',(#7775,#7776,#7777,#7778));
#1388=EDGE_LOOP('',(#7779,#7780,#7781,#7782));
#1389=EDGE_LOOP('',(#7783,#7784,#7785,#7786));
#1390=EDGE_LOOP('',(#7787,#7788,#7789,#7790));
#1391=EDGE_LOOP('',(#7791,#7792,#7793,#7794));
#1392=EDGE_LOOP('',(#7795,#7796,#7797,#7798));
#1393=EDGE_LOOP('',(#7799,#7800,#7801,#7802,#7803,#7804,#7805,#7806,#7807,
#7808,#7809,#7810,#7811,#7812,#7813,#7814,#7815,#7816,#7817));
#1394=EDGE_LOOP('',(#7818,#7819,#7820,#7821,#7822,#7823,#7824,#7825));
#1395=EDGE_LOOP('',(#7826,#7827,#7828,#7829,#7830,#7831,#7832,#7833));
#1396=EDGE_LOOP('',(#7834,#7835,#7836,#7837));
#1397=EDGE_LOOP('',(#7838,#7839,#7840,#7841));
#1398=EDGE_LOOP('',(#7842,#7843,#7844,#7845));
#1399=EDGE_LOOP('',(#7846,#7847,#7848,#7849));
#1400=EDGE_LOOP('',(#7850,#7851,#7852,#7853));
#1401=EDGE_LOOP('',(#7854,#7855,#7856,#7857));
#1402=EDGE_LOOP('',(#7858,#7859,#7860,#7861));
#1403=EDGE_LOOP('',(#7862,#7863,#7864,#7865));
#1404=EDGE_LOOP('',(#7866,#7867,#7868,#7869));
#1405=EDGE_LOOP('',(#7870,#7871,#7872,#7873));
#1406=EDGE_LOOP('',(#7874,#7875,#7876,#7877));
#1407=EDGE_LOOP('',(#7878,#7879,#7880,#7881));
#1408=EDGE_LOOP('',(#7882,#7883,#7884,#7885));
#1409=EDGE_LOOP('',(#7886,#7887,#7888,#7889));
#1410=EDGE_LOOP('',(#7890,#7891,#7892,#7893));
#1411=EDGE_LOOP('',(#7894,#7895,#7896,#7897));
#1412=EDGE_LOOP('',(#7898,#7899,#7900,#7901));
#1413=EDGE_LOOP('',(#7902,#7903,#7904,#7905));
#1414=EDGE_LOOP('',(#7906,#7907,#7908,#7909));
#1415=EDGE_LOOP('',(#7910,#7911,#7912,#7913));
#1416=EDGE_LOOP('',(#7914,#7915,#7916,#7917));
#1417=EDGE_LOOP('',(#7918,#7919,#7920,#7921));
#1418=EDGE_LOOP('',(#7922,#7923,#7924,#7925));
#1419=EDGE_LOOP('',(#7926,#7927,#7928,#7929));
#1420=EDGE_LOOP('',(#7930,#7931,#7932,#7933));
#1421=EDGE_LOOP('',(#7934,#7935,#7936,#7937));
#1422=EDGE_LOOP('',(#7938,#7939,#7940,#7941));
#1423=EDGE_LOOP('',(#7942,#7943,#7944,#7945,#7946,#7947,#7948,#7949,#7950,
#7951,#7952,#7953,#7954,#7955,#7956,#7957,#7958,#7959,#7960));
#1424=EDGE_LOOP('',(#7961,#7962,#7963,#7964,#7965,#7966,#7967,#7968));
#1425=EDGE_LOOP('',(#7969,#7970,#7971,#7972,#7973,#7974,#7975,#7976));
#1426=EDGE_LOOP('',(#7977,#7978,#7979,#7980));
#1427=EDGE_LOOP('',(#7981,#7982,#7983,#7984));
#1428=EDGE_LOOP('',(#7985,#7986,#7987,#7988));
#1429=EDGE_LOOP('',(#7989,#7990,#7991,#7992));
#1430=EDGE_LOOP('',(#7993,#7994,#7995,#7996));
#1431=EDGE_LOOP('',(#7997,#7998,#7999,#8000));
#1432=EDGE_LOOP('',(#8001,#8002,#8003,#8004));
#1433=EDGE_LOOP('',(#8005,#8006,#8007,#8008));
#1434=EDGE_LOOP('',(#8009,#8010,#8011,#8012));
#1435=EDGE_LOOP('',(#8013,#8014,#8015,#8016,#8017,#8018,#8019,#8020,#8021));
#1436=EDGE_LOOP('',(#8022,#8023,#8024,#8025));
#1437=EDGE_LOOP('',(#8026,#8027,#8028,#8029));
#1438=EDGE_LOOP('',(#8030,#8031,#8032,#8033));
#1439=EDGE_LOOP('',(#8034,#8035,#8036,#8037));
#1440=EDGE_LOOP('',(#8038,#8039,#8040,#8041));
#1441=EDGE_LOOP('',(#8042,#8043,#8044,#8045));
#1442=EDGE_LOOP('',(#8046,#8047,#8048,#8049));
#1443=EDGE_LOOP('',(#8050,#8051,#8052,#8053));
#1444=EDGE_LOOP('',(#8054,#8055,#8056,#8057));
#1445=EDGE_LOOP('',(#8058,#8059,#8060,#8061));
#1446=EDGE_LOOP('',(#8062,#8063,#8064,#8065));
#1447=EDGE_LOOP('',(#8066,#8067,#8068,#8069));
#1448=EDGE_LOOP('',(#8070,#8071,#8072,#8073));
#1449=EDGE_LOOP('',(#8074,#8075,#8076,#8077));
#1450=EDGE_LOOP('',(#8078,#8079,#8080,#8081));
#1451=EDGE_LOOP('',(#8082,#8083,#8084,#8085));
#1452=EDGE_LOOP('',(#8086,#8087,#8088,#8089));
#1453=EDGE_LOOP('',(#8090,#8091,#8092,#8093));
#1454=EDGE_LOOP('',(#8094,#8095,#8096,#8097));
#1455=EDGE_LOOP('',(#8098,#8099,#8100,#8101));
#1456=EDGE_LOOP('',(#8102,#8103,#8104,#8105));
#1457=EDGE_LOOP('',(#8106,#8107,#8108,#8109));
#1458=EDGE_LOOP('',(#8110,#8111,#8112,#8113));
#1459=EDGE_LOOP('',(#8114,#8115,#8116,#8117));
#1460=EDGE_LOOP('',(#8118,#8119,#8120,#8121));
#1461=EDGE_LOOP('',(#8122,#8123,#8124,#8125));
#1462=EDGE_LOOP('',(#8126,#8127,#8128,#8129));
#1463=EDGE_LOOP('',(#8130,#8131,#8132,#8133));
#1464=EDGE_LOOP('',(#8134,#8135,#8136,#8137));
#1465=EDGE_LOOP('',(#8138,#8139,#8140,#8141,#8142,#8143,#8144,#8145,#8146,
#8147,#8148,#8149,#8150,#8151,#8152,#8153,#8154,#8155,#8156,#8157,#8158,
#8159,#8160,#8161,#8162,#8163,#8164,#8165,#8166));
#1466=EDGE_LOOP('',(#8167,#8168,#8169,#8170));
#1467=EDGE_LOOP('',(#8171,#8172,#8173,#8174));
#1468=EDGE_LOOP('',(#8175,#8176,#8177,#8178));
#1469=EDGE_LOOP('',(#8179,#8180,#8181,#8182));
#1470=EDGE_LOOP('',(#8183,#8184,#8185,#8186));
#1471=EDGE_LOOP('',(#8187,#8188,#8189,#8190));
#1472=EDGE_LOOP('',(#8191,#8192,#8193,#8194));
#1473=EDGE_LOOP('',(#8195,#8196,#8197,#8198));
#1474=EDGE_LOOP('',(#8199,#8200,#8201,#8202,#8203,#8204,#8205,#8206));
#1475=EDGE_LOOP('',(#8207,#8208,#8209,#8210));
#1476=EDGE_LOOP('',(#8211,#8212,#8213,#8214));
#1477=EDGE_LOOP('',(#8215,#8216,#8217,#8218));
#1478=EDGE_LOOP('',(#8219,#8220,#8221,#8222));
#1479=EDGE_LOOP('',(#8223,#8224,#8225,#8226));
#1480=EDGE_LOOP('',(#8227,#8228,#8229,#8230));
#1481=EDGE_LOOP('',(#8231,#8232,#8233,#8234));
#1482=EDGE_LOOP('',(#8235,#8236,#8237,#8238));
#1483=EDGE_LOOP('',(#8239,#8240,#8241,#8242));
#1484=EDGE_LOOP('',(#8243,#8244,#8245,#8246));
#1485=EDGE_LOOP('',(#8247,#8248,#8249,#8250));
#1486=EDGE_LOOP('',(#8251,#8252,#8253,#8254));
#1487=EDGE_LOOP('',(#8255,#8256,#8257,#8258));
#1488=EDGE_LOOP('',(#8259,#8260,#8261,#8262));
#1489=EDGE_LOOP('',(#8263,#8264,#8265,#8266));
#1490=EDGE_LOOP('',(#8267,#8268,#8269,#8270));
#1491=EDGE_LOOP('',(#8271,#8272,#8273,#8274));
#1492=EDGE_LOOP('',(#8275,#8276,#8277,#8278));
#1493=EDGE_LOOP('',(#8279,#8280,#8281,#8282));
#1494=EDGE_LOOP('',(#8283,#8284,#8285,#8286));
#1495=EDGE_LOOP('',(#8287,#8288,#8289,#8290,#8291,#8292,#8293,#8294,#8295,
#8296,#8297));
#1496=EDGE_LOOP('',(#8298,#8299,#8300,#8301,#8302,#8303,#8304,#8305,#8306));
#1497=EDGE_LOOP('',(#8307,#8308,#8309,#8310,#8311,#8312,#8313,#8314,#8315));
#1498=EDGE_LOOP('',(#8316,#8317,#8318,#8319));
#1499=EDGE_LOOP('',(#8320,#8321,#8322,#8323));
#1500=EDGE_LOOP('',(#8324,#8325,#8326,#8327));
#1501=EDGE_LOOP('',(#8328,#8329,#8330,#8331));
#1502=EDGE_LOOP('',(#8332,#8333,#8334,#8335));
#1503=EDGE_LOOP('',(#8336,#8337,#8338,#8339));
#1504=EDGE_LOOP('',(#8340,#8341,#8342,#8343));
#1505=EDGE_LOOP('',(#8344,#8345,#8346,#8347));
#1506=EDGE_LOOP('',(#8348,#8349,#8350,#8351));
#1507=EDGE_LOOP('',(#8352,#8353,#8354,#8355));
#1508=EDGE_LOOP('',(#8356,#8357,#8358,#8359));
#1509=EDGE_LOOP('',(#8360,#8361,#8362,#8363));
#1510=EDGE_LOOP('',(#8364,#8365,#8366,#8367));
#1511=EDGE_LOOP('',(#8368,#8369,#8370,#8371,#8372,#8373,#8374,#8375));
#1512=EDGE_LOOP('',(#8376,#8377,#8378,#8379,#8380));
#1513=EDGE_LOOP('',(#8381,#8382,#8383,#8384,#8385));
#1514=EDGE_LOOP('',(#8386,#8387,#8388,#8389));
#1515=EDGE_LOOP('',(#8390,#8391,#8392,#8393));
#1516=EDGE_LOOP('',(#8394,#8395,#8396,#8397));
#1517=EDGE_LOOP('',(#8398,#8399,#8400,#8401));
#1518=EDGE_LOOP('',(#8402,#8403,#8404,#8405));
#1519=EDGE_LOOP('',(#8406,#8407,#8408,#8409));
#1520=EDGE_LOOP('',(#8410,#8411,#8412,#8413));
#1521=EDGE_LOOP('',(#8414,#8415,#8416,#8417));
#1522=EDGE_LOOP('',(#8418,#8419,#8420,#8421));
#1523=EDGE_LOOP('',(#8422,#8423,#8424,#8425));
#1524=EDGE_LOOP('',(#8426,#8427,#8428,#8429));
#1525=EDGE_LOOP('',(#8430,#8431,#8432,#8433));
#1526=EDGE_LOOP('',(#8434,#8435,#8436,#8437));
#1527=EDGE_LOOP('',(#8438,#8439,#8440,#8441));
#1528=EDGE_LOOP('',(#8442,#8443,#8444,#8445));
#1529=EDGE_LOOP('',(#8446,#8447,#8448,#8449));
#1530=EDGE_LOOP('',(#8450,#8451,#8452,#8453));
#1531=EDGE_LOOP('',(#8454,#8455,#8456,#8457));
#1532=EDGE_LOOP('',(#8458,#8459,#8460,#8461,#8462,#8463,#8464,#8465));
#1533=EDGE_LOOP('',(#8466,#8467,#8468,#8469,#8470));
#1534=EDGE_LOOP('',(#8471,#8472,#8473,#8474,#8475));
#1535=EDGE_LOOP('',(#8476,#8477,#8478,#8479));
#1536=EDGE_LOOP('',(#8480,#8481,#8482,#8483));
#1537=EDGE_LOOP('',(#8484,#8485,#8486,#8487));
#1538=EDGE_LOOP('',(#8488,#8489,#8490,#8491));
#1539=EDGE_LOOP('',(#8492,#8493,#8494,#8495));
#1540=EDGE_LOOP('',(#8496,#8497,#8498,#8499));
#1541=EDGE_LOOP('',(#8500,#8501,#8502,#8503));
#1542=EDGE_LOOP('',(#8504,#8505,#8506,#8507));
#1543=EDGE_LOOP('',(#8508,#8509,#8510,#8511));
#1544=EDGE_LOOP('',(#8512,#8513,#8514,#8515));
#1545=EDGE_LOOP('',(#8516,#8517,#8518,#8519,#8520,#8521,#8522,#8523,#8524,
#8525));
#1546=EDGE_LOOP('',(#8526,#8527,#8528,#8529));
#1547=EDGE_LOOP('',(#8530,#8531,#8532,#8533));
#1548=EDGE_LOOP('',(#8534,#8535,#8536,#8537));
#1549=EDGE_LOOP('',(#8538,#8539,#8540,#8541));
#1550=EDGE_LOOP('',(#8542,#8543,#8544,#8545));
#1551=EDGE_LOOP('',(#8546,#8547,#8548,#8549));
#1552=EDGE_LOOP('',(#8550,#8551,#8552,#8553));
#1553=EDGE_LOOP('',(#8554,#8555,#8556,#8557));
#1554=EDGE_LOOP('',(#8558,#8559,#8560,#8561));
#1555=EDGE_LOOP('',(#8562,#8563,#8564,#8565));
#1556=EDGE_LOOP('',(#8566,#8567,#8568,#8569));
#1557=EDGE_LOOP('',(#8570,#8571,#8572,#8573));
#1558=EDGE_LOOP('',(#8574,#8575,#8576,#8577));
#1559=EDGE_LOOP('',(#8578,#8579,#8580,#8581,#8582,#8583,#8584,#8585));
#1560=EDGE_LOOP('',(#8586,#8587,#8588,#8589,#8590));
#1561=EDGE_LOOP('',(#8591,#8592,#8593,#8594,#8595));
#1562=EDGE_LOOP('',(#8596,#8597,#8598,#8599));
#1563=EDGE_LOOP('',(#8600,#8601,#8602,#8603));
#1564=EDGE_LOOP('',(#8604,#8605,#8606,#8607));
#1565=EDGE_LOOP('',(#8608,#8609,#8610,#8611));
#1566=EDGE_LOOP('',(#8612,#8613,#8614,#8615));
#1567=EDGE_LOOP('',(#8616,#8617,#8618,#8619));
#1568=EDGE_LOOP('',(#8620,#8621,#8622,#8623));
#1569=EDGE_LOOP('',(#8624,#8625,#8626,#8627));
#1570=EDGE_LOOP('',(#8628,#8629,#8630,#8631));
#1571=EDGE_LOOP('',(#8632,#8633,#8634,#8635));
#1572=EDGE_LOOP('',(#8636,#8637,#8638,#8639));
#1573=EDGE_LOOP('',(#8640,#8641,#8642,#8643));
#1574=EDGE_LOOP('',(#8644,#8645,#8646,#8647));
#1575=EDGE_LOOP('',(#8648,#8649,#8650,#8651));
#1576=EDGE_LOOP('',(#8652,#8653,#8654,#8655));
#1577=EDGE_LOOP('',(#8656,#8657,#8658,#8659));
#1578=EDGE_LOOP('',(#8660,#8661,#8662,#8663));
#1579=EDGE_LOOP('',(#8664,#8665,#8666,#8667,#8668,#8669,#8670,#8671,#8672,
#8673,#8674,#8675,#8676,#8677,#8678,#8679,#8680));
#1580=EDGE_LOOP('',(#8681,#8682,#8683,#8684));
#1581=EDGE_LOOP('',(#8685,#8686,#8687,#8688));
#1582=EDGE_LOOP('',(#8689,#8690,#8691,#8692));
#1583=EDGE_LOOP('',(#8693,#8694,#8695,#8696));
#1584=EDGE_LOOP('',(#8697,#8698,#8699,#8700));
#1585=EDGE_LOOP('',(#8701,#8702,#8703,#8704));
#1586=EDGE_LOOP('',(#8705,#8706,#8707,#8708));
#1587=EDGE_LOOP('',(#8709,#8710,#8711,#8712));
#1588=EDGE_LOOP('',(#8713,#8714,#8715,#8716));
#1589=EDGE_LOOP('',(#8717,#8718,#8719,#8720));
#1590=EDGE_LOOP('',(#8721,#8722,#8723,#8724));
#1591=EDGE_LOOP('',(#8725,#8726,#8727,#8728));
#1592=EDGE_LOOP('',(#8729,#8730,#8731,#8732));
#1593=EDGE_LOOP('',(#8733,#8734,#8735,#8736));
#1594=EDGE_LOOP('',(#8737,#8738,#8739,#8740));
#1595=EDGE_LOOP('',(#8741,#8742,#8743,#8744));
#1596=EDGE_LOOP('',(#8745,#8746,#8747,#8748));
#1597=EDGE_LOOP('',(#8749,#8750,#8751,#8752));
#1598=EDGE_LOOP('',(#8753,#8754,#8755,#8756));
#1599=EDGE_LOOP('',(#8757,#8758,#8759,#8760));
#1600=EDGE_LOOP('',(#8761,#8762,#8763,#8764,#8765,#8766,#8767,#8768,#8769,
#8770,#8771));
#1601=EDGE_LOOP('',(#8772,#8773,#8774,#8775,#8776,#8777,#8778,#8779,#8780));
#1602=EDGE_LOOP('',(#8781,#8782,#8783,#8784,#8785,#8786,#8787,#8788,#8789));
#1603=EDGE_LOOP('',(#8790,#8791,#8792,#8793,#8794,#8795,#8796,#8797));
#1604=EDGE_LOOP('',(#8798,#8799,#8800,#8801));
#1605=EDGE_LOOP('',(#8802,#8803,#8804,#8805));
#1606=EDGE_LOOP('',(#8806,#8807,#8808,#8809));
#1607=EDGE_LOOP('',(#8810,#8811,#8812,#8813,#8814));
#1608=EDGE_LOOP('',(#8815,#8816,#8817,#8818,#8819));
#1609=EDGE_LOOP('',(#8820,#8821,#8822,#8823));
#1610=EDGE_LOOP('',(#8824,#8825,#8826,#8827));
#1611=EDGE_LOOP('',(#8828,#8829,#8830,#8831));
#1612=EDGE_LOOP('',(#8832,#8833,#8834,#8835));
#1613=EDGE_LOOP('',(#8836,#8837,#8838,#8839,#8840,#8841,#8842,#8843));
#1614=EDGE_LOOP('',(#8844,#8845,#8846));
#1615=EDGE_LOOP('',(#8847,#8848,#8849,#8850,#8851,#8852,#8853,#8854));
#1616=EDGE_LOOP('',(#8855,#8856,#8857,#8858,#8859,#8860,#8861,#8862,#8863,
#8864));
#1617=EDGE_LOOP('',(#8865));
#1618=EDGE_LOOP('',(#8866));
#1619=EDGE_LOOP('',(#8867));
#1620=EDGE_LOOP('',(#8868,#8869));
#1621=EDGE_LOOP('',(#8870,#8871,#8872));
#1622=EDGE_LOOP('',(#8873,#8874,#8875,#8876,#8877,#8878,#8879,#8880,#8881,
#8882,#8883,#8884));
#1623=EDGE_LOOP('',(#8885,#8886,#8887,#8888,#8889,#8890,#8891,#8892,#8893,
#8894));
#1624=EDGE_LOOP('',(#8895));
#1625=EDGE_LOOP('',(#8896));
#1626=EDGE_LOOP('',(#8897,#8898,#8899,#8900));
#1627=EDGE_LOOP('',(#8901));
#1628=EDGE_LOOP('',(#8902));
#1629=EDGE_LOOP('',(#8903,#8904));
#1630=EDGE_LOOP('',(#8905,#8906,#8907,#8908,#8909,#8910,#8911,#8912,#8913,
#8914,#8915,#8916,#8917));
#1631=EDGE_LOOP('',(#8918));
#1632=EDGE_LOOP('',(#8919));
#1633=EDGE_LOOP('',(#8920));
#1634=EDGE_LOOP('',(#8921));
#1635=EDGE_LOOP('',(#8922,#8923,#8924,#8925,#8926,#8927,#8928,#8929));
#1636=EDGE_LOOP('',(#8930,#8931,#8932,#8933));
#1637=EDGE_LOOP('',(#8934,#8935));
#1638=EDGE_LOOP('',(#8936,#8937,#8938,#8939,#8940,#8941,#8942,#8943,#8944,
#8945,#8946,#8947));
#1639=EDGE_LOOP('',(#8948,#8949,#8950,#8951,#8952,#8953));
#1640=EDGE_LOOP('',(#8954,#8955,#8956));
#1641=EDGE_LOOP('',(#8957,#8958,#8959));
#1642=EDGE_LOOP('',(#8960,#8961,#8962,#8963,#8964,#8965,#8966,#8967,#8968,
#8969,#8970,#8971));
#1643=EDGE_LOOP('',(#8972,#8973,#8974,#8975));
#1644=EDGE_LOOP('',(#8976,#8977,#8978,#8979,#8980,#8981,#8982,#8983));
#1645=EDGE_LOOP('',(#8984,#8985,#8986,#8987,#8988,#8989,#8990,#8991));
#1646=EDGE_LOOP('',(#8992,#8993));
#1647=EDGE_LOOP('',(#8994,#8995,#8996,#8997));
#1648=EDGE_LOOP('',(#8998,#8999,#9000,#9001));
#1649=EDGE_LOOP('',(#9002,#9003,#9004,#9005));
#1650=EDGE_LOOP('',(#9006,#9007,#9008,#9009));
#1651=EDGE_LOOP('',(#9010,#9011,#9012,#9013));
#1652=EDGE_LOOP('',(#9014,#9015,#9016,#9017));
#1653=EDGE_LOOP('',(#9018,#9019,#9020,#9021));
#1654=EDGE_LOOP('',(#9022,#9023,#9024,#9025));
#1655=EDGE_LOOP('',(#9026,#9027,#9028,#9029));
#1656=EDGE_LOOP('',(#9030,#9031,#9032,#9033));
#1657=EDGE_LOOP('',(#9034,#9035,#9036,#9037));
#1658=EDGE_LOOP('',(#9038,#9039,#9040,#9041));
#1659=EDGE_LOOP('',(#9042,#9043,#9044,#9045));
#1660=EDGE_LOOP('',(#9046,#9047,#9048,#9049));
#1661=EDGE_LOOP('',(#9050,#9051,#9052,#9053));
#1662=EDGE_LOOP('',(#9054,#9055,#9056,#9057));
#1663=EDGE_LOOP('',(#9058,#9059,#9060,#9061));
#1664=EDGE_LOOP('',(#9062,#9063,#9064,#9065));
#1665=EDGE_LOOP('',(#9066,#9067,#9068,#9069,#9070,#9071));
#1666=EDGE_LOOP('',(#9072));
#1667=EDGE_LOOP('',(#9073));
#1668=EDGE_LOOP('',(#9074));
#1669=EDGE_LOOP('',(#9075));
#1670=EDGE_LOOP('',(#9076,#9077,#9078,#9079,#9080,#9081,#9082,#9083,#9084,
#9085,#9086,#9087));
#1671=EDGE_LOOP('',(#9088));
#1672=EDGE_LOOP('',(#9089));
#1673=EDGE_LOOP('',(#9090));
#1674=EDGE_LOOP('',(#9091));
#1675=EDGE_LOOP('',(#9092,#9093,#9094,#9095));
#1676=EDGE_LOOP('',(#9096));
#1677=EDGE_LOOP('',(#9097));
#1678=B_SPLINE_CURVE_WITH_KNOTS('',3,(#12062,#12063,#12064,#12065,#12066,
#12067,#12068,#12069,#12070,#12071,#12072,#12073,#12074,#12075,#12076,#12077),
 .UNSPECIFIED.,.F.,.F.,(4,2,2,2,2,2,2,4),(0.452029080541131,0.508532710242329,
0.565036339943528,0.6215405191345,0.678044698325473,0.734547897412064,0.791051096498656,
0.811890060049785),.UNSPECIFIED.);
#1679=B_SPLINE_CURVE_WITH_KNOTS('',3,(#12132,#12133,#12134,#12135,#12136,
#12137,#12138,#12139,#12140,#12141,#12142,#12143,#12144,#12145,#12146,#12147,
#12148,#12149),.UNSPECIFIED.,.F.,.F.,(4,2,2,2,2,2,2,2,4),(0.,0.0565035050363248,
0.11300701007265,0.169510103200742,0.226013196328834,0.282517705754373,
0.339022215179912,0.39552586097807,0.452029506776227),.UNSPECIFIED.);
#1680=B_SPLINE_CURVE_WITH_KNOTS('',3,(#12150,#12151,#12152,#12153,#12154,
#12155,#12156,#12157,#12158,#12159,#12160,#12161,#12162,#12163,#12164,#12165,
#12166,#12167),.UNSPECIFIED.,.F.,.F.,(4,2,2,2,2,2,2,2,4),(0.452029506776227,
0.508533152574384,0.565036798372541,0.62154130779808,0.67804581722362,0.734548910351712,
0.791052003479804,0.847555508516129,0.904059013552454),.UNSPECIFIED.);
#1681=B_SPLINE_CURVE_WITH_KNOTS('',3,(#12169,#12170,#12171,#12172,#12173,
#12174),.UNSPECIFIED.,.F.,.F.,(4,2,4),(0.354468080314155,0.395525450839933,
0.452029080541131),.UNSPECIFIED.);
#1682=B_SPLINE_CURVE_WITH_KNOTS('',3,(#12175,#12176,#12177,#12178,#12179,
#12180,#12181,#12182,#12183,#12184,#12185,#12186,#12187,#12188,#12189,#12190,
#12191,#12192,#12193,#12194,#12195),.UNSPECIFIED.,.F.,.F.,(4,2,3,2,2,2,
2,2,2,4),(-0.0975604249437516,-0.0565035408761637,0.,0.0565035408761637,
0.113007081752327,0.169510324959341,0.226013568166355,0.282517646923147,
0.339021725679939,0.359860377737751),.UNSPECIFIED.);
#1683=B_SPLINE_CURVE_WITH_KNOTS('',3,(#12198,#12199,#12200,#12201,#12202,
#12203,#12204,#12205,#12206,#12207,#12208,#12209,#12210,#12211,#12212,#12213,
#12214,#12215,#12216,#12217,#12218),.UNSPECIFIED.,.F.,.F.,(4,2,2,3,2,2,
2,2,2,4),(0.76547062312022,0.799141257843064,0.855588572367767,0.912035886892469,
0.968483201417171,1.02493051594187,1.08243081286423,1.13993110978659,1.19753449189389,
1.22623837702715),.UNSPECIFIED.);
#1684=B_SPLINE_CURVE_WITH_KNOTS('',3,(#12219,#12220,#12221,#12222,#12223,
#12224,#12225,#12226,#12227,#12228,#12229,#12230,#12231,#12232,#12233,#12234,
#12235,#12236,#12237,#12238),.UNSPECIFIED.,.F.,.F.,(4,2,2,2,2,2,2,2,2,4),
(0.309321279083561,0.34311744140501,0.399575243236398,0.456033045067785,
0.512490846899173,0.568948648730561,0.626556099737654,0.684163550744748,
0.741667705634772,0.770383685576631),.UNSPECIFIED.);
#1685=B_SPLINE_CURVE_WITH_KNOTS('',3,(#12241,#12242,#12243,#12244,#12245,
#12246,#12247,#12248),.UNSPECIFIED.,.F.,.F.,(4,2,2,4),(0.305162847378262,
0.343114576706416,0.399572411223023,0.456030245739629),.UNSPECIFIED.);
#1686=B_SPLINE_CURVE_WITH_KNOTS('',3,(#12250,#12251,#12252,#12253,#12254,
#12255,#12256,#12257,#12258,#12259,#12260,#12261,#12262,#12263,#12264,#12265,
#12266,#12267,#12268,#12269,#12270),.UNSPECIFIED.,.F.,.F.,(4,2,2,3,2,2,
2,2,2,4),(-0.150715623660392,-0.112894489565625,-0.0564472447828125,0.,
0.0564472447828124,0.112894489565625,0.170396133568288,0.22789777757095,
0.28550258044497,0.307372780341482),.UNSPECIFIED.);
#1687=B_SPLINE_CURVE_WITH_KNOTS('',3,(#12271,#12272,#12273,#12274,#12275,
#12276,#12277,#12278,#12279,#12280,#12281,#12282,#12283,#12284),
 .UNSPECIFIED.,.F.,.F.,(4,2,2,2,2,2,4),(0.456030245739629,0.512488080256236,
0.568945914772842,0.626552611558274,0.684159308343705,0.741662748088584,
0.763555476468779),.UNSPECIFIED.);
#1688=B_SPLINE_CURVE_WITH_KNOTS('',3,(#12287,#12288,#12289,#12290,#12291,
#12292,#12293,#12294,#12295,#12296,#12297,#12298,#12299,#12300,#12301,#12302,
#12303,#12304),.UNSPECIFIED.,.F.,.F.,(4,2,2,2,2,2,2,2,4),(0.,0.226049412544249,
0.452098825088498,0.67814929451629,0.904199763944082,1.13024781648688,1.35629586902968,
1.58234503901828,1.80839420900688),.UNSPECIFIED.);
#1689=B_SPLINE_CURVE_WITH_KNOTS('',3,(#12305,#12306,#12307,#12308,#12309,
#12310,#12311,#12312,#12313,#12314,#12315,#12316,#12317,#12318,#12319,#12320,
#12321,#12322),.UNSPECIFIED.,.F.,.F.,(4,2,2,2,2,2,2,2,4),(1.80839420900688,
2.03444337899548,2.26049254898408,2.48654060152688,2.71258865406968,2.93863912349747,
3.16468959292526,3.39073900546951,3.61678841801376),.UNSPECIFIED.);
#1690=B_SPLINE_CURVE_WITH_KNOTS('',3,(#12395,#12396,#12397,#12398,#12399,
#12400,#12401,#12402),.UNSPECIFIED.,.F.,.F.,(4,2,2,4),(0.116265817344532,
0.146086873679019,0.188796893062434,0.221296697918251),.UNSPECIFIED.);
#1691=B_SPLINE_CURVE_WITH_KNOTS('',3,(#12404,#12405,#12406,#12407,#12408,
#12409,#12410,#12411),.UNSPECIFIED.,.F.,.F.,(4,2,2,4),(0.,0.0301441151582058,
0.067851460172381,0.0796453988992812),.UNSPECIFIED.);
#1692=B_SPLINE_CURVE_WITH_KNOTS('',3,(#12431,#12432,#12433,#12434,#12435,
#12436,#12437,#12438),.UNSPECIFIED.,.F.,.F.,(4,2,2,4),(-0.232724470310201,
-0.191393442886564,-0.095696721443282,0.),.UNSPECIFIED.);
#1693=B_SPLINE_CURVE_WITH_KNOTS('',3,(#12489,#12490,#12491,#12492,#12493,
#12494,#12495,#12496),.UNSPECIFIED.,.F.,.F.,(4,2,2,4),(0.116265817344552,
0.146086873679172,0.188796893062837,0.221296697918856),.UNSPECIFIED.);
#1694=B_SPLINE_CURVE_WITH_KNOTS('',3,(#12497,#12498,#12499,#12500,#12501,
#12502,#12503,#12504),.UNSPECIFIED.,.F.,.F.,(4,2,2,4),(0.,0.0301441151581722,
0.0678514601720605,0.0796453988988206),.UNSPECIFIED.);
#1695=B_SPLINE_CURVE_WITH_KNOTS('',3,(#12506,#12507,#12508,#12509),
 .UNSPECIFIED.,.F.,.F.,(4,4),(0.0343554799063987,0.0544196684801328),
 .UNSPECIFIED.);
#1696=B_SPLINE_CURVE_WITH_KNOTS('',3,(#12511,#12512,#12513,#12514,#12515,
#12516),.UNSPECIFIED.,.F.,.F.,(4,2,4),(0.,0.0199721258784881,0.0200569929252759),
 .UNSPECIFIED.);
#1697=B_SPLINE_CURVE_WITH_KNOTS('',3,(#12528,#12529,#12530,#12531,#12532,
#12533,#12534,#12535),.UNSPECIFIED.,.F.,.F.,(4,2,2,4),(0.,0.0956967214432819,
0.191393442886564,0.232724470310201),.UNSPECIFIED.);
#1698=B_SPLINE_CURVE_WITH_KNOTS('',3,(#12539,#12540,#12541,#12542,#12543,
#12544,#12545,#12546,#12547,#12548),.UNSPECIFIED.,.F.,.F.,(4,2,2,2,4),(0.378864107026379,
0.480865320015457,0.582866533004534,0.678563254447817,0.774259975891099),
 .UNSPECIFIED.);
#1699=B_SPLINE_CURVE_WITH_KNOTS('',3,(#12560,#12561,#12562,#12563,#12564,
#12565,#12566,#12567,#12568,#12569),.UNSPECIFIED.,.F.,.F.,(4,2,2,2,4),(0.774259975891098,
0.86995669733438,0.965653418777663,1.06765463176674,1.16965584475582),
 .UNSPECIFIED.);
#1700=B_SPLINE_CURVE_WITH_KNOTS('',3,(#12610,#12611,#12612,#12613,#12614,
#12615,#12616,#12617),.UNSPECIFIED.,.F.,.F.,(4,2,2,4),(0.0502367076142476,
0.071310887524212,0.142621775048424,0.160039749619551),.UNSPECIFIED.);
#1701=B_SPLINE_CURVE_WITH_KNOTS('',3,(#12646,#12647,#12648,#12649,#12650,
#12651,#12652,#12653),.UNSPECIFIED.,.F.,.F.,(4,2,2,4),(0.,0.0301441151584059,
0.067851460172968,0.0796453988999589),.UNSPECIFIED.);
#1702=B_SPLINE_CURVE_WITH_KNOTS('',3,(#12658,#12659,#12660,#12661,#12662,
#12663,#12664,#12665),.UNSPECIFIED.,.F.,.F.,(4,2,2,4),(0.116265817344594,
0.146086873679078,0.188796893062457,0.221296697918266),.UNSPECIFIED.);
#1703=B_SPLINE_CURVE_WITH_KNOTS('',3,(#12668,#12669,#12670,#12671,#12672,
#12673,#12674,#12675,#12676,#12677,#12678,#12679,#12680,#12681,#12682,#12683,
#12684,#12685),.UNSPECIFIED.,.F.,.F.,(4,2,2,2,2,2,2,2,4),(0.153599494760853,
0.154346561762453,0.186689583320275,0.219032604878097,0.251375626435919,
0.283718647993741,0.322305288434354,0.360891928874967,0.388590401320755),
 .UNSPECIFIED.);
#1704=B_SPLINE_CURVE_WITH_KNOTS('',3,(#12757,#12758,#12759,#12760,#12761),
 .UNSPECIFIED.,.F.,.F.,(4,1,4),(0.,0.0606903806638255,0.108757180068662),
 .UNSPECIFIED.);
#1705=B_SPLINE_CURVE_WITH_KNOTS('',3,(#12763,#12764,#12765,#12766,#12767),
 .UNSPECIFIED.,.F.,.F.,(4,1,4),(0.,0.0392187682894292,0.0734111016263777),
 .UNSPECIFIED.);
#1706=B_SPLINE_CURVE_WITH_KNOTS('',3,(#12771,#12772,#12773,#12774,#12775),
 .UNSPECIFIED.,.F.,.F.,(4,1,4),(0.,0.0379926954897271,0.0776257404856897),
 .UNSPECIFIED.);
#1707=B_SPLINE_CURVE_WITH_KNOTS('',3,(#12777,#12778,#12779,#12780,#12781),
 .UNSPECIFIED.,.F.,.F.,(4,1,4),(0.,0.0468203154153423,0.106320036211789),
 .UNSPECIFIED.);
#1708=B_SPLINE_CURVE_WITH_KNOTS('',3,(#12785,#12786,#12787,#12788,#12789),
 .UNSPECIFIED.,.F.,.F.,(4,1,4),(0.,0.0689414858548749,0.125374065594257),
 .UNSPECIFIED.);
#1709=B_SPLINE_CURVE_WITH_KNOTS('',3,(#12797,#12798,#12799,#12800,#12801),
 .UNSPECIFIED.,.F.,.F.,(4,1,4),(0.,0.0360872125308362,0.0608640187952906),
 .UNSPECIFIED.);
#1710=B_SPLINE_CURVE_WITH_KNOTS('',3,(#12803,#12804,#12805,#12806,#12807),
 .UNSPECIFIED.,.F.,.F.,(4,1,4),(0.,0.0255885099842357,0.064104929014591),
 .UNSPECIFIED.);
#1711=B_SPLINE_CURVE_WITH_KNOTS('',3,(#12882,#12883,#12884,#12885,#12886),
 .UNSPECIFIED.,.F.,.F.,(4,1,4),(0.,0.0606903806638255,0.108757180068662),
 .UNSPECIFIED.);
#1712=B_SPLINE_CURVE_WITH_KNOTS('',3,(#12890,#12891,#12892,#12893,#12894),
 .UNSPECIFIED.,.F.,.F.,(4,1,4),(-0.108757180068662,-0.0606903806638255,
0.),.UNSPECIFIED.);
#1713=B_SPLINE_CURVE_WITH_KNOTS('',3,(#12907,#12908,#12909,#12910,#12911),
 .UNSPECIFIED.,.F.,.F.,(4,1,4),(0.,0.0392187682894292,0.0734111016263777),
 .UNSPECIFIED.);
#1714=B_SPLINE_CURVE_WITH_KNOTS('',3,(#12913,#12914,#12915,#12916,#12917),
 .UNSPECIFIED.,.F.,.F.,(4,1,4),(-0.0734111016263777,-0.0392187682894292,
0.),.UNSPECIFIED.);
#1715=B_SPLINE_CURVE_WITH_KNOTS('',3,(#12936,#12937,#12938,#12939,#12940),
 .UNSPECIFIED.,.F.,.F.,(4,1,4),(0.,0.0379926954897271,0.0776257404856897),
 .UNSPECIFIED.);
#1716=B_SPLINE_CURVE_WITH_KNOTS('',3,(#12942,#12943,#12944,#12945,#12946),
 .UNSPECIFIED.,.F.,.F.,(4,1,4),(-0.0776257404856897,-0.0379926954897271,
0.),.UNSPECIFIED.);
#1717=B_SPLINE_CURVE_WITH_KNOTS('',3,(#12959,#12960,#12961,#12962,#12963),
 .UNSPECIFIED.,.F.,.F.,(4,1,4),(0.,0.0468203154153423,0.106320036211789),
 .UNSPECIFIED.);
#1718=B_SPLINE_CURVE_WITH_KNOTS('',3,(#12965,#12966,#12967,#12968,#12969),
 .UNSPECIFIED.,.F.,.F.,(4,1,4),(-0.106320036211789,-0.0468203154153423,
0.),.UNSPECIFIED.);
#1719=B_SPLINE_CURVE_WITH_KNOTS('',3,(#12988,#12989,#12990,#12991,#12992),
 .UNSPECIFIED.,.F.,.F.,(4,1,4),(0.,0.0689414858548749,0.125374065594257),
 .UNSPECIFIED.);
#1720=B_SPLINE_CURVE_WITH_KNOTS('',3,(#12994,#12995,#12996,#12997,#12998),
 .UNSPECIFIED.,.F.,.F.,(4,1,4),(-0.125374065594257,-0.0689414858548749,
0.),.UNSPECIFIED.);
#1721=B_SPLINE_CURVE_WITH_KNOTS('',3,(#13029,#13030,#13031,#13032,#13033),
 .UNSPECIFIED.,.F.,.F.,(4,1,4),(0.,0.0360872125308362,0.0608640187952906),
 .UNSPECIFIED.);
#1722=B_SPLINE_CURVE_WITH_KNOTS('',3,(#13035,#13036,#13037,#13038,#13039),
 .UNSPECIFIED.,.F.,.F.,(4,1,4),(-0.0608640187952906,-0.0360872125308362,
0.),.UNSPECIFIED.);
#1723=B_SPLINE_CURVE_WITH_KNOTS('',3,(#13052,#13053,#13054,#13055,#13056),
 .UNSPECIFIED.,.F.,.F.,(4,1,4),(0.,0.0255885099842357,0.064104929014591),
 .UNSPECIFIED.);
#1724=B_SPLINE_CURVE_WITH_KNOTS('',3,(#13058,#13059,#13060,#13061,#13062),
 .UNSPECIFIED.,.F.,.F.,(4,1,4),(-0.064104929014591,-0.0255885099842357,
0.),.UNSPECIFIED.);
#1725=B_SPLINE_CURVE_WITH_KNOTS('',3,(#13081,#13082,#13083,#13084,#13085),
 .UNSPECIFIED.,.F.,.F.,(4,1,4),(-0.108757180068662,-0.0606903806638255,
0.),.UNSPECIFIED.);
#1726=B_SPLINE_CURVE_WITH_KNOTS('',3,(#13098,#13099,#13100,#13101,#13102),
 .UNSPECIFIED.,.F.,.F.,(4,1,4),(-0.0734111016263777,-0.0392187682894292,
0.),.UNSPECIFIED.);
#1727=B_SPLINE_CURVE_WITH_KNOTS('',3,(#13119,#13120,#13121,#13122,#13123),
 .UNSPECIFIED.,.F.,.F.,(4,1,4),(-0.0776257404856897,-0.0379926954897271,
0.),.UNSPECIFIED.);
#1728=B_SPLINE_CURVE_WITH_KNOTS('',3,(#13136,#13137,#13138,#13139,#13140),
 .UNSPECIFIED.,.F.,.F.,(4,1,4),(-0.106320036211789,-0.0468203154153423,
0.),.UNSPECIFIED.);
#1729=B_SPLINE_CURVE_WITH_KNOTS('',3,(#13157,#13158,#13159,#13160,#13161),
 .UNSPECIFIED.,.F.,.F.,(4,1,4),(-0.125374065594257,-0.0689414858548749,
0.),.UNSPECIFIED.);
#1730=B_SPLINE_CURVE_WITH_KNOTS('',3,(#13186,#13187,#13188,#13189,#13190),
 .UNSPECIFIED.,.F.,.F.,(4,1,4),(-0.0608640187952906,-0.0360872125308362,
0.),.UNSPECIFIED.);
#1731=B_SPLINE_CURVE_WITH_KNOTS('',3,(#13203,#13204,#13205,#13206,#13207),
 .UNSPECIFIED.,.F.,.F.,(4,1,4),(-0.064104929014591,-0.0255885099842357,
0.),.UNSPECIFIED.);
#1732=B_SPLINE_CURVE_WITH_KNOTS('',3,(#13246,#13247,#13248,#13249,#13250),
 .UNSPECIFIED.,.F.,.F.,(4,1,4),(0.,0.0363903499766881,0.0622138316991267),
 .UNSPECIFIED.);
#1733=B_SPLINE_CURVE_WITH_KNOTS('',3,(#13252,#13253,#13254,#13255,#13256),
 .UNSPECIFIED.,.F.,.F.,(4,1,4),(0.,0.0283235315522044,0.0675609870555267),
 .UNSPECIFIED.);
#1734=B_SPLINE_CURVE_WITH_KNOTS('',3,(#13294,#13295,#13296,#13297,#13298),
 .UNSPECIFIED.,.F.,.F.,(4,1,4),(0.,0.0471438650553271,0.0823276418833627),
 .UNSPECIFIED.);
#1735=B_SPLINE_CURVE_WITH_KNOTS('',3,(#13300,#13301,#13302,#13303,#13304),
 .UNSPECIFIED.,.F.,.F.,(4,1,4),(0.,0.029135316360957,0.0593718227138191),
 .UNSPECIFIED.);
#1736=B_SPLINE_CURVE_WITH_KNOTS('',3,(#13306,#13307,#13308,#13309,#13310),
 .UNSPECIFIED.,.F.,.F.,(4,1,4),(0.,0.0313133216966119,0.0631688262386731),
 .UNSPECIFIED.);
#1737=B_SPLINE_CURVE_WITH_KNOTS('',3,(#13312,#13313,#13314,#13315,#13316),
 .UNSPECIFIED.,.F.,.F.,(4,1,4),(0.,0.0398229730704349,0.0783701305026792),
 .UNSPECIFIED.);
#1738=B_SPLINE_CURVE_WITH_KNOTS('',3,(#13318,#13319,#13320,#13321,#13322),
 .UNSPECIFIED.,.F.,.F.,(4,1,4),(0.,0.0424180585192424,0.0942052379374643),
 .UNSPECIFIED.);
#1739=B_SPLINE_CURVE_WITH_KNOTS('',3,(#13324,#13325,#13326,#13327,#13328),
 .UNSPECIFIED.,.F.,.F.,(4,1,4),(0.,0.0210300817470958,0.0377154313381917),
 .UNSPECIFIED.);
#1740=B_SPLINE_CURVE_WITH_KNOTS('',3,(#13330,#13331,#13332,#13333,#13334),
 .UNSPECIFIED.,.F.,.F.,(4,1,4),(0.,0.0329095878921569,0.0691337143132953),
 .UNSPECIFIED.);
#1741=B_SPLINE_CURVE_WITH_KNOTS('',3,(#13342,#13343,#13344,#13345,#13346),
 .UNSPECIFIED.,.F.,.F.,(4,1,4),(0.,0.0381782551544756,0.0670754749319055),
 .UNSPECIFIED.);
#1742=B_SPLINE_CURVE_WITH_KNOTS('',3,(#13348,#13349,#13350,#13351,#13352),
 .UNSPECIFIED.,.F.,.F.,(4,1,4),(0.,0.021583239273644,0.0380289839413734),
 .UNSPECIFIED.);
#1743=B_SPLINE_CURVE_WITH_KNOTS('',3,(#13354,#13355,#13356,#13357,#13358),
 .UNSPECIFIED.,.F.,.F.,(4,1,4),(0.,0.0136126296549734,0.0264799838527117),
 .UNSPECIFIED.);
#1744=B_SPLINE_CURVE_WITH_KNOTS('',3,(#13360,#13361,#13362,#13363,#13364),
 .UNSPECIFIED.,.F.,.F.,(4,1,4),(0.,0.0119551961726255,0.0295604225206363),
 .UNSPECIFIED.);
#1745=B_SPLINE_CURVE_WITH_KNOTS('',3,(#13378,#13379,#13380,#13381,#13382),
 .UNSPECIFIED.,.F.,.F.,(4,1,4),(0.,0.0480966824061838,0.0933893059830939),
 .UNSPECIFIED.);
#1746=B_SPLINE_CURVE_WITH_KNOTS('',3,(#13384,#13385,#13386,#13387,#13388),
 .UNSPECIFIED.,.F.,.F.,(4,1,4),(0.,0.0436356204152708,0.0869241659689994),
 .UNSPECIFIED.);
#1747=B_SPLINE_CURVE_WITH_KNOTS('',3,(#13390,#13391,#13392,#13393,#13394),
 .UNSPECIFIED.,.F.,.F.,(4,1,4),(0.,0.0565943218827075,0.110855753011471),
 .UNSPECIFIED.);
#1748=B_SPLINE_CURVE_WITH_KNOTS('',3,(#13396,#13397,#13398,#13399,#13400),
 .UNSPECIFIED.,.F.,.F.,(4,1,4),(0.,0.0523302412851438,0.104309499331068),
 .UNSPECIFIED.);
#1749=B_SPLINE_CURVE_WITH_KNOTS('',3,(#13402,#13403,#13404,#13405,#13406),
 .UNSPECIFIED.,.F.,.F.,(4,1,4),(0.,0.0537965659318433,0.110270475859021),
 .UNSPECIFIED.);
#1750=B_SPLINE_CURVE_WITH_KNOTS('',3,(#13408,#13409,#13410,#13411,#13412),
 .UNSPECIFIED.,.F.,.F.,(4,1,4),(0.,0.0567752665471781,0.112432977063657),
 .UNSPECIFIED.);
#1751=B_SPLINE_CURVE_WITH_KNOTS('',3,(#13414,#13415,#13416,#13417,#13418),
 .UNSPECIFIED.,.F.,.F.,(4,1,4),(0.,0.0532101373062964,0.104243270325464),
 .UNSPECIFIED.);
#1752=B_SPLINE_CURVE_WITH_KNOTS('',3,(#13420,#13421,#13422,#13423,#13424),
 .UNSPECIFIED.,.F.,.F.,(4,1,4),(0.,0.0526446841997696,0.109254091117921),
 .UNSPECIFIED.);
#1753=B_SPLINE_CURVE_WITH_KNOTS('',3,(#13426,#13427,#13428,#13429,#13430),
 .UNSPECIFIED.,.F.,.F.,(4,1,4),(0.,0.0414520567143461,0.0800601359734305),
 .UNSPECIFIED.);
#1754=B_SPLINE_CURVE_WITH_KNOTS('',3,(#13432,#13433,#13434,#13435,#13436),
 .UNSPECIFIED.,.F.,.F.,(4,1,4),(0.,0.0355089807591625,0.0680811598428978),
 .UNSPECIFIED.);
#1755=B_SPLINE_CURVE_WITH_KNOTS('',3,(#13438,#13439,#13440,#13441,#13442),
 .UNSPECIFIED.,.F.,.F.,(4,1,4),(0.,0.0338204862623804,0.0725436905810177),
 .UNSPECIFIED.);
#1756=B_SPLINE_CURVE_WITH_KNOTS('',3,(#13446,#13447,#13448,#13449,#13450),
 .UNSPECIFIED.,.F.,.F.,(4,1,4),(0.,0.0290928941580454,0.0531920447350584),
 .UNSPECIFIED.);
#1757=B_SPLINE_CURVE_WITH_KNOTS('',3,(#13452,#13453,#13454,#13455,#13456),
 .UNSPECIFIED.,.F.,.F.,(4,1,4),(0.,0.0226003502558113,0.0477471689869557),
 .UNSPECIFIED.);
#1758=B_SPLINE_CURVE_WITH_KNOTS('',3,(#13458,#13459,#13460,#13461,#13462),
 .UNSPECIFIED.,.F.,.F.,(4,1,4),(0.,0.027352883033182,0.0563941284812976),
 .UNSPECIFIED.);
#1759=B_SPLINE_CURVE_WITH_KNOTS('',3,(#13464,#13465,#13466,#13467,#13468),
 .UNSPECIFIED.,.F.,.F.,(4,1,4),(0.,0.0339461591867011,0.0640324768238336),
 .UNSPECIFIED.);
#1760=B_SPLINE_CURVE_WITH_KNOTS('',3,(#13470,#13471,#13472,#13473,#13474),
 .UNSPECIFIED.,.F.,.F.,(4,1,4),(0.,0.027114586440026,0.0519708406798191),
 .UNSPECIFIED.);
#1761=B_SPLINE_CURVE_WITH_KNOTS('',3,(#13476,#13477,#13478,#13479,#13480),
 .UNSPECIFIED.,.F.,.F.,(4,1,4),(0.,0.0237730495231023,0.0470985662657763),
 .UNSPECIFIED.);
#1762=B_SPLINE_CURVE_WITH_KNOTS('',3,(#13482,#13483,#13484,#13485,#13486),
 .UNSPECIFIED.,.F.,.F.,(4,1,4),(0.,0.0403387619403995,0.0823272091057213),
 .UNSPECIFIED.);
#1763=B_SPLINE_CURVE_WITH_KNOTS('',3,(#13488,#13489,#13490,#13491,#13492),
 .UNSPECIFIED.,.F.,.F.,(4,1,4),(0.,0.0493286284917896,0.0920076399109333),
 .UNSPECIFIED.);
#1764=B_SPLINE_CURVE_WITH_KNOTS('',3,(#13494,#13495,#13496,#13497,#13498),
 .UNSPECIFIED.,.F.,.F.,(4,1,4),(0.,0.0386769855995287,0.0767508878035651),
 .UNSPECIFIED.);
#1765=B_SPLINE_CURVE_WITH_KNOTS('',3,(#13500,#13501,#13502,#13503,#13504),
 .UNSPECIFIED.,.F.,.F.,(4,1,4),(0.,0.0385803312055366,0.0772992404436958),
 .UNSPECIFIED.);
#1766=B_SPLINE_CURVE_WITH_KNOTS('',3,(#13506,#13507,#13508,#13509,#13510),
 .UNSPECIFIED.,.F.,.F.,(4,1,4),(0.,0.0341307136217149,0.0687359543236335),
 .UNSPECIFIED.);
#1767=B_SPLINE_CURVE_WITH_KNOTS('',3,(#13512,#13513,#13514,#13515,#13516),
 .UNSPECIFIED.,.F.,.F.,(4,1,4),(0.,0.0318695428341165,0.0573212090252579),
 .UNSPECIFIED.);
#1768=B_SPLINE_CURVE_WITH_KNOTS('',3,(#13522,#13523,#13524,#13525,#13526),
 .UNSPECIFIED.,.F.,.F.,(4,1,4),(0.,0.089780050661029,0.16800165303019),
 .UNSPECIFIED.);
#1769=B_SPLINE_CURVE_WITH_KNOTS('',3,(#13528,#13529,#13530,#13531,#13532),
 .UNSPECIFIED.,.F.,.F.,(4,1,4),(0.,0.0744170196413368,0.152505713703278),
 .UNSPECIFIED.);
#1770=B_SPLINE_CURVE_WITH_KNOTS('',3,(#13534,#13535,#13536,#13537,#13538),
 .UNSPECIFIED.,.F.,.F.,(4,1,4),(0.,0.0530742761045053,0.10428145213306),
 .UNSPECIFIED.);
#1771=B_SPLINE_CURVE_WITH_KNOTS('',3,(#13540,#13541,#13542,#13543,#13544),
 .UNSPECIFIED.,.F.,.F.,(4,1,4),(0.,0.0503950479152616,0.101316997593587),
 .UNSPECIFIED.);
#1772=B_SPLINE_CURVE_WITH_KNOTS('',3,(#13546,#13547,#13548,#13549,#13550),
 .UNSPECIFIED.,.F.,.F.,(4,1,4),(0.,0.0534560764374124,0.110609865247029),
 .UNSPECIFIED.);
#1773=B_SPLINE_CURVE_WITH_KNOTS('',3,(#13552,#13553,#13554,#13555,#13556),
 .UNSPECIFIED.,.F.,.F.,(4,1,4),(0.,0.0579658530140974,0.112403815813769),
 .UNSPECIFIED.);
#1774=B_SPLINE_CURVE_WITH_KNOTS('',3,(#13558,#13559,#13560,#13561,#13562),
 .UNSPECIFIED.,.F.,.F.,(4,1,4),(0.,0.0515793245709557,0.101820392931868),
 .UNSPECIFIED.);
#1775=B_SPLINE_CURVE_WITH_KNOTS('',3,(#13564,#13565,#13566,#13567,#13568),
 .UNSPECIFIED.,.F.,.F.,(4,1,4),(0.,0.0503255253263822,0.10104376489231),
 .UNSPECIFIED.);
#1776=B_SPLINE_CURVE_WITH_KNOTS('',3,(#13570,#13571,#13572,#13573,#13574),
 .UNSPECIFIED.,.F.,.F.,(4,1,4),(0.,0.0539121268726969,0.105610868956509),
 .UNSPECIFIED.);
#1777=B_SPLINE_CURVE_WITH_KNOTS('',3,(#13576,#13577,#13578,#13579,#13580),
 .UNSPECIFIED.,.F.,.F.,(4,1,4),(0.,0.0506823533078311,0.101517629723837),
 .UNSPECIFIED.);
#1778=B_SPLINE_CURVE_WITH_KNOTS('',3,(#13581,#13582,#13583,#13584,#13585),
 .UNSPECIFIED.,.F.,.F.,(4,1,4),(0.,0.0515197866021819,0.103134801095567),
 .UNSPECIFIED.);
#1779=B_SPLINE_CURVE_WITH_KNOTS('',3,(#13616,#13617,#13618,#13619,#13620),
 .UNSPECIFIED.,.F.,.F.,(4,1,4),(0.,0.0897800373468324,0.168001537371255),
 .UNSPECIFIED.);
#1780=B_SPLINE_CURVE_WITH_KNOTS('',3,(#13622,#13623,#13624,#13625,#13626),
 .UNSPECIFIED.,.F.,.F.,(4,1,4),(0.,0.0744171854593657,0.152505740764034),
 .UNSPECIFIED.);
#1781=B_SPLINE_CURVE_WITH_KNOTS('',3,(#13628,#13629,#13630,#13631,#13632),
 .UNSPECIFIED.,.F.,.F.,(4,1,4),(0.,0.053074364890603,0.104281434762676),
 .UNSPECIFIED.);
#1782=B_SPLINE_CURVE_WITH_KNOTS('',3,(#13634,#13635,#13636,#13637,#13638),
 .UNSPECIFIED.,.F.,.F.,(4,1,4),(0.,0.0503949668028287,0.10131694160198),
 .UNSPECIFIED.);
#1783=B_SPLINE_CURVE_WITH_KNOTS('',3,(#13640,#13641,#13642,#13643,#13644),
 .UNSPECIFIED.,.F.,.F.,(4,1,4),(0.,0.0534560764374124,0.110609865247029),
 .UNSPECIFIED.);
#1784=B_SPLINE_CURVE_WITH_KNOTS('',3,(#13646,#13647,#13648,#13649,#13650),
 .UNSPECIFIED.,.F.,.F.,(4,1,4),(0.,0.0579658530140974,0.112403815813769),
 .UNSPECIFIED.);
#1785=B_SPLINE_CURVE_WITH_KNOTS('',3,(#13652,#13653,#13654,#13655,#13656),
 .UNSPECIFIED.,.F.,.F.,(4,1,4),(0.,0.0515793074262417,0.101820304774585),
 .UNSPECIFIED.);
#1786=B_SPLINE_CURVE_WITH_KNOTS('',3,(#13658,#13659,#13660,#13661,#13662),
 .UNSPECIFIED.,.F.,.F.,(4,1,4),(0.,0.050325566892807,0.101043702926181),
 .UNSPECIFIED.);
#1787=B_SPLINE_CURVE_WITH_KNOTS('',3,(#13664,#13665,#13666,#13667,#13668),
 .UNSPECIFIED.,.F.,.F.,(4,1,4),(0.,0.0539121564354992,0.105610871151138),
 .UNSPECIFIED.);
#1788=B_SPLINE_CURVE_WITH_KNOTS('',3,(#13670,#13671,#13672,#13673,#13674),
 .UNSPECIFIED.,.F.,.F.,(4,1,4),(0.,0.0506823992745171,0.1015176424988),
 .UNSPECIFIED.);
#1789=B_SPLINE_CURVE_WITH_KNOTS('',3,(#13675,#13676,#13677,#13678,#13679),
 .UNSPECIFIED.,.F.,.F.,(4,1,4),(0.,0.0515195618458325,0.10313482320932),
 .UNSPECIFIED.);
#1790=B_SPLINE_CURVE_WITH_KNOTS('',3,(#13699,#13700,#13701,#13702,#13703),
 .UNSPECIFIED.,.F.,.F.,(4,1,4),(0.,0.0542003040604319,0.0971158596668594),
 .UNSPECIFIED.);
#1791=B_SPLINE_CURVE_WITH_KNOTS('',3,(#13705,#13706,#13707,#13708,#13709),
 .UNSPECIFIED.,.F.,.F.,(4,1,4),(0.,0.037423518641624,0.0769146404146612),
 .UNSPECIFIED.);
#1792=B_SPLINE_CURVE_WITH_KNOTS('',3,(#13711,#13712,#13713,#13714,#13715),
 .UNSPECIFIED.,.F.,.F.,(4,1,4),(0.,0.0444165889628178,0.0969963998194958),
 .UNSPECIFIED.);
#1793=B_SPLINE_CURVE_WITH_KNOTS('',3,(#13717,#13718,#13719,#13720,#13721),
 .UNSPECIFIED.,.F.,.F.,(4,1,4),(0.,0.0513204774687258,0.094686293634986),
 .UNSPECIFIED.);
#1794=B_SPLINE_CURVE_WITH_KNOTS('',3,(#13723,#13724,#13725,#13726,#13727),
 .UNSPECIFIED.,.F.,.F.,(4,1,4),(0.,0.0387289616436735,0.0769860407246917),
 .UNSPECIFIED.);
#1795=B_SPLINE_CURVE_WITH_KNOTS('',3,(#13729,#13730,#13731,#13732,#13733),
 .UNSPECIFIED.,.F.,.F.,(4,1,4),(0.,0.0449043450442934,0.101887965796177),
 .UNSPECIFIED.);
#1796=B_SPLINE_CURVE_WITH_KNOTS('',3,(#13741,#13742,#13743,#13744,#13745),
 .UNSPECIFIED.,.F.,.F.,(4,1,4),(0.,0.0453237346372797,0.0776978499180407),
 .UNSPECIFIED.);
#1797=B_SPLINE_CURVE_WITH_KNOTS('',3,(#13747,#13748,#13749,#13750,#13751),
 .UNSPECIFIED.,.F.,.F.,(4,1,4),(0.,0.0255201698494734,0.0513539327785347),
 .UNSPECIFIED.);
#1798=B_SPLINE_CURVE_WITH_KNOTS('',3,(#13753,#13754,#13755,#13756,#13757),
 .UNSPECIFIED.,.F.,.F.,(4,1,4),(0.,0.0280792326265975,0.0597363917720759),
 .UNSPECIFIED.);
#1799=B_SPLINE_CURVE_WITH_KNOTS('',3,(#13759,#13760,#13761,#13762,#13763),
 .UNSPECIFIED.,.F.,.F.,(4,1,4),(0.,0.0504359047423203,0.0891343194744676),
 .UNSPECIFIED.);
#1800=B_SPLINE_CURVE_WITH_KNOTS('',3,(#13765,#13766,#13767,#13768,#13769),
 .UNSPECIFIED.,.F.,.F.,(4,1,4),(0.,0.0429263900297125,0.106327750371626),
 .UNSPECIFIED.);
#1801=B_SPLINE_CURVE_WITH_KNOTS('',3,(#13843,#13844,#13845,#13846,#13847),
 .UNSPECIFIED.,.F.,.F.,(4,1,4),(0.,0.0357435223414521,0.0687839829448108),
 .UNSPECIFIED.);
#1802=B_SPLINE_CURVE_WITH_KNOTS('',3,(#13849,#13850,#13851,#13852,#13853),
 .UNSPECIFIED.,.F.,.F.,(4,1,4),(0.,0.0342430610631737,0.0689554530769854),
 .UNSPECIFIED.);
#1803=B_SPLINE_CURVE_WITH_KNOTS('',3,(#13867,#13868,#13869,#13870,#13871),
 .UNSPECIFIED.,.F.,.F.,(4,1,4),(0.,0.0471437460408873,0.0823277275224533),
 .UNSPECIFIED.);
#1804=B_SPLINE_CURVE_WITH_KNOTS('',3,(#13873,#13874,#13875,#13876,#13877),
 .UNSPECIFIED.,.F.,.F.,(4,1,4),(0.,0.0291351115008088,0.0593716178536709),
 .UNSPECIFIED.);
#1805=B_SPLINE_CURVE_WITH_KNOTS('',3,(#13879,#13880,#13881,#13882,#13883),
 .UNSPECIFIED.,.F.,.F.,(4,1,4),(0.,0.0313132741737748,0.0631687942868547),
 .UNSPECIFIED.);
#1806=B_SPLINE_CURVE_WITH_KNOTS('',3,(#13885,#13886,#13887,#13888,#13889),
 .UNSPECIFIED.,.F.,.F.,(4,1,4),(0.,0.0398229730704349,0.0783700026646516),
 .UNSPECIFIED.);
#1807=B_SPLINE_CURVE_WITH_KNOTS('',3,(#13891,#13892,#13893,#13894,#13895),
 .UNSPECIFIED.,.F.,.F.,(4,1,4),(0.,0.042417959984853,0.0942054851581695),
 .UNSPECIFIED.);
#1808=B_SPLINE_CURVE_WITH_KNOTS('',3,(#13897,#13898,#13899,#13900,#13901),
 .UNSPECIFIED.,.F.,.F.,(4,1,4),(0.,0.0210300817470958,0.0377156233520745),
 .UNSPECIFIED.);
#1809=B_SPLINE_CURVE_WITH_KNOTS('',3,(#13903,#13904,#13905,#13906,#13907),
 .UNSPECIFIED.,.F.,.F.,(4,1,4),(0.,0.0329095878921569,0.0691337143132953),
 .UNSPECIFIED.);
#1810=B_SPLINE_CURVE_WITH_KNOTS('',3,(#13915,#13916,#13917,#13918,#13919),
 .UNSPECIFIED.,.F.,.F.,(4,1,4),(0.,0.0381782551544756,0.0670753342325328),
 .UNSPECIFIED.);
#1811=B_SPLINE_CURVE_WITH_KNOTS('',3,(#13921,#13922,#13923,#13924,#13925),
 .UNSPECIFIED.,.F.,.F.,(4,1,4),(0.,0.0215833178267296,0.038029062494459),
 .UNSPECIFIED.);
#1812=B_SPLINE_CURVE_WITH_KNOTS('',3,(#13927,#13928,#13929,#13930,#13931),
 .UNSPECIFIED.,.F.,.F.,(4,1,4),(0.,0.0136126296549734,0.0264799838527117),
 .UNSPECIFIED.);
#1813=B_SPLINE_CURVE_WITH_KNOTS('',3,(#13933,#13934,#13935,#13936,#13937),
 .UNSPECIFIED.,.F.,.F.,(4,1,4),(0.,0.0119551961726255,0.0295604225206363),
 .UNSPECIFIED.);
#1814=B_SPLINE_CURVE_WITH_KNOTS('',3,(#13949,#13950,#13951,#13952,#13953),
 .UNSPECIFIED.,.F.,.F.,(4,1,4),(0.,0.0411572650755291,0.0715445359372839),
 .UNSPECIFIED.);
#1815=B_SPLINE_CURVE_WITH_KNOTS('',3,(#13955,#13956,#13957,#13958,#13959),
 .UNSPECIFIED.,.F.,.F.,(4,1,4),(0.,0.0337400248491145,0.0657709202411129),
 .UNSPECIFIED.);
#1816=B_SPLINE_CURVE_WITH_KNOTS('',3,(#13961,#13962,#13963,#13964,#13965),
 .UNSPECIFIED.,.F.,.F.,(4,1,4),(0.,0.0411426245893062,0.0838404823791091),
 .UNSPECIFIED.);
#1817=B_SPLINE_CURVE_WITH_KNOTS('',3,(#13967,#13968,#13969,#13970,#13971),
 .UNSPECIFIED.,.F.,.F.,(4,1,4),(0.,0.0461039744416296,0.0967676267681165),
 .UNSPECIFIED.);
#1818=B_SPLINE_CURVE_WITH_KNOTS('',3,(#13973,#13974,#13975,#13976,#13977),
 .UNSPECIFIED.,.F.,.F.,(4,1,4),(0.,0.0430564974755989,0.0816798788595268),
 .UNSPECIFIED.);
#1819=B_SPLINE_CURVE_WITH_KNOTS('',3,(#13979,#13980,#13981,#13982,#13983),
 .UNSPECIFIED.,.F.,.F.,(4,1,4),(0.,0.0343777906204736,0.0645452824839075),
 .UNSPECIFIED.);
#1820=B_SPLINE_CURVE_WITH_KNOTS('',3,(#13985,#13986,#13987,#13988,#13989),
 .UNSPECIFIED.,.F.,.F.,(4,1,4),(0.,0.0269837010614775,0.051621974692196),
 .UNSPECIFIED.);
#1821=B_SPLINE_CURVE_WITH_KNOTS('',3,(#13991,#13992,#13993,#13994,#13995),
 .UNSPECIFIED.,.F.,.F.,(4,1,4),(0.,0.0247330458819742,0.0519884742803812),
 .UNSPECIFIED.);
#1822=B_SPLINE_CURVE_WITH_KNOTS('',3,(#13997,#13998,#13999,#14000,#14001),
 .UNSPECIFIED.,.F.,.F.,(4,1,4),(0.,0.0304802205321996,0.0647314487601904),
 .UNSPECIFIED.);
#1823=B_SPLINE_CURVE_WITH_KNOTS('',3,(#14727,#14728,#14729,#14730,#14731),
 .UNSPECIFIED.,.F.,.F.,(4,1,4),(-0.0622138316991267,-0.0363903499766881,
0.),.UNSPECIFIED.);
#1824=B_SPLINE_CURVE_WITH_KNOTS('',3,(#14744,#14745,#14746,#14747,#14748),
 .UNSPECIFIED.,.F.,.F.,(4,1,4),(-0.0675609870555267,-0.0283235315522044,
0.),.UNSPECIFIED.);
#1825=B_SPLINE_CURVE_WITH_KNOTS('',3,(#14809,#14810,#14811,#14812,#14813),
 .UNSPECIFIED.,.F.,.F.,(4,1,4),(0.,0.0353481206962482,0.0626857546967139),
 .UNSPECIFIED.);
#1826=B_SPLINE_CURVE_WITH_KNOTS('',3,(#14815,#14816,#14817,#14818,#14819),
 .UNSPECIFIED.,.F.,.F.,(4,1,4),(-0.0626857546967139,-0.0353481206962482,
0.),.UNSPECIFIED.);
#1827=B_SPLINE_CURVE_WITH_KNOTS('',3,(#14832,#14833,#14834,#14835,#14836),
 .UNSPECIFIED.,.F.,.F.,(4,1,4),(0.,0.0220837725415745,0.0417292766303055),
 .UNSPECIFIED.);
#1828=B_SPLINE_CURVE_WITH_KNOTS('',3,(#14838,#14839,#14840,#14841,#14842),
 .UNSPECIFIED.,.F.,.F.,(4,1,4),(-0.0417292766303055,-0.0220837725415745,
0.),.UNSPECIFIED.);
#1829=B_SPLINE_CURVE_WITH_KNOTS('',3,(#14855,#14856,#14857,#14858,#14859),
 .UNSPECIFIED.,.F.,.F.,(4,1,4),(0.,0.0277016612927217,0.0588998032781997),
 .UNSPECIFIED.);
#1830=B_SPLINE_CURVE_WITH_KNOTS('',3,(#14861,#14862,#14863,#14864,#14865),
 .UNSPECIFIED.,.F.,.F.,(4,1,4),(-0.0588998032781997,-0.0277016612927217,
0.),.UNSPECIFIED.);
#1831=B_SPLINE_CURVE_WITH_KNOTS('',3,(#14878,#14879,#14880,#14881,#14882),
 .UNSPECIFIED.,.F.,.F.,(4,1,4),(0.,0.0360354418578019,0.0780344764469422),
 .UNSPECIFIED.);
#1832=B_SPLINE_CURVE_WITH_KNOTS('',3,(#14884,#14885,#14886,#14887,#14888),
 .UNSPECIFIED.,.F.,.F.,(4,1,4),(-0.0780344764469422,-0.0360354418578019,
0.),.UNSPECIFIED.);
#1833=B_SPLINE_CURVE_WITH_KNOTS('',3,(#14901,#14902,#14903,#14904,#14905),
 .UNSPECIFIED.,.F.,.F.,(4,1,4),(0.,0.055729680546872,0.0995083450832878),
 .UNSPECIFIED.);
#1834=B_SPLINE_CURVE_WITH_KNOTS('',3,(#14907,#14908,#14909,#14910,#14911),
 .UNSPECIFIED.,.F.,.F.,(4,1,4),(-0.0995083450832878,-0.055729680546872,
0.),.UNSPECIFIED.);
#1835=B_SPLINE_CURVE_WITH_KNOTS('',3,(#14924,#14925,#14926,#14927,#14928),
 .UNSPECIFIED.,.F.,.F.,(4,1,4),(0.,0.0362266254811129,0.0683555284529118),
 .UNSPECIFIED.);
#1836=B_SPLINE_CURVE_WITH_KNOTS('',3,(#14930,#14931,#14932,#14933,#14934),
 .UNSPECIFIED.,.F.,.F.,(4,1,4),(-0.0683555284529118,-0.0362266254811129,
0.),.UNSPECIFIED.);
#1837=B_SPLINE_CURVE_WITH_KNOTS('',3,(#14947,#14948,#14949,#14950,#14951),
 .UNSPECIFIED.,.F.,.F.,(4,1,4),(0.,0.0284333237559127,0.0692077022012054),
 .UNSPECIFIED.);
#1838=B_SPLINE_CURVE_WITH_KNOTS('',3,(#14953,#14954,#14955,#14956,#14957),
 .UNSPECIFIED.,.F.,.F.,(4,1,4),(-0.0692077022012054,-0.0284333237559127,
0.),.UNSPECIFIED.);
#1839=B_SPLINE_CURVE_WITH_KNOTS('',3,(#14989,#14990,#14991,#14992,#14993),
 .UNSPECIFIED.,.F.,.F.,(4,1,4),(-0.0715445359372839,-0.0411572650755291,
0.),.UNSPECIFIED.);
#1840=B_SPLINE_CURVE_WITH_KNOTS('',3,(#15006,#15007,#15008,#15009,#15010),
 .UNSPECIFIED.,.F.,.F.,(4,1,4),(-0.0657709202411129,-0.0337400248491145,
0.),.UNSPECIFIED.);
#1841=B_SPLINE_CURVE_WITH_KNOTS('',3,(#15023,#15024,#15025,#15026,#15027),
 .UNSPECIFIED.,.F.,.F.,(4,1,4),(-0.0838404823791091,-0.0411426245893062,
0.),.UNSPECIFIED.);
#1842=B_SPLINE_CURVE_WITH_KNOTS('',3,(#15040,#15041,#15042,#15043,#15044),
 .UNSPECIFIED.,.F.,.F.,(4,1,4),(-0.0967676267681165,-0.0461039744416296,
0.),.UNSPECIFIED.);
#1843=B_SPLINE_CURVE_WITH_KNOTS('',3,(#15057,#15058,#15059,#15060,#15061),
 .UNSPECIFIED.,.F.,.F.,(4,1,4),(-0.0816798788595268,-0.0430564974755989,
0.),.UNSPECIFIED.);
#1844=B_SPLINE_CURVE_WITH_KNOTS('',3,(#15074,#15075,#15076,#15077,#15078),
 .UNSPECIFIED.,.F.,.F.,(4,1,4),(-0.0645452824839075,-0.0343777906204736,
0.),.UNSPECIFIED.);
#1845=B_SPLINE_CURVE_WITH_KNOTS('',3,(#15091,#15092,#15093,#15094,#15095),
 .UNSPECIFIED.,.F.,.F.,(4,1,4),(-0.051621974692196,-0.0269837010614775,
0.),.UNSPECIFIED.);
#1846=B_SPLINE_CURVE_WITH_KNOTS('',3,(#15108,#15109,#15110,#15111,#15112),
 .UNSPECIFIED.,.F.,.F.,(4,1,4),(-0.0519884742803812,-0.0247330458819742,
0.),.UNSPECIFIED.);
#1847=B_SPLINE_CURVE_WITH_KNOTS('',3,(#15125,#15126,#15127,#15128,#15129),
 .UNSPECIFIED.,.F.,.F.,(4,1,4),(-0.0647314487601904,-0.0304802205321996,
0.),.UNSPECIFIED.);
#1848=B_SPLINE_CURVE_WITH_KNOTS('',3,(#15180,#15181,#15182,#15183,#15184),
 .UNSPECIFIED.,.F.,.F.,(4,1,4),(0.,0.0323872684307383,0.0574475838623624),
 .UNSPECIFIED.);
#1849=B_SPLINE_CURVE_WITH_KNOTS('',3,(#15186,#15187,#15188,#15189,#15190),
 .UNSPECIFIED.,.F.,.F.,(4,1,4),(-0.0574475838623624,-0.0323872684307383,
0.),.UNSPECIFIED.);
#1850=B_SPLINE_CURVE_WITH_KNOTS('',3,(#15203,#15204,#15205,#15206,#15207),
 .UNSPECIFIED.,.F.,.F.,(4,1,4),(0.,0.0204803593809196,0.0398394286438193),
 .UNSPECIFIED.);
#1851=B_SPLINE_CURVE_WITH_KNOTS('',3,(#15209,#15210,#15211,#15212,#15213),
 .UNSPECIFIED.,.F.,.F.,(4,1,4),(-0.0398394286438193,-0.0204803593809196,
0.),.UNSPECIFIED.);
#1852=B_SPLINE_CURVE_WITH_KNOTS('',3,(#15226,#15227,#15228,#15229,#15230),
 .UNSPECIFIED.,.F.,.F.,(4,1,4),(0.,0.0189827770073881,0.0378277462788842),
 .UNSPECIFIED.);
#1853=B_SPLINE_CURVE_WITH_KNOTS('',3,(#15232,#15233,#15234,#15235,#15236),
 .UNSPECIFIED.,.F.,.F.,(4,1,4),(-0.0378277462788842,-0.0189827770073881,
0.),.UNSPECIFIED.);
#1854=B_SPLINE_CURVE_WITH_KNOTS('',3,(#15249,#15250,#15251,#15252,#15253),
 .UNSPECIFIED.,.F.,.F.,(4,1,4),(0.,0.0263606366991564,0.0522749054376795),
 .UNSPECIFIED.);
#1855=B_SPLINE_CURVE_WITH_KNOTS('',3,(#15255,#15256,#15257,#15258,#15259),
 .UNSPECIFIED.,.F.,.F.,(4,1,4),(-0.0522749054376795,-0.0263606366991564,
0.),.UNSPECIFIED.);
#1856=B_SPLINE_CURVE_WITH_KNOTS('',3,(#15272,#15273,#15274,#15275,#15276),
 .UNSPECIFIED.,.F.,.F.,(4,1,4),(0.,0.0298981027057971,0.0686745368190199),
 .UNSPECIFIED.);
#1857=B_SPLINE_CURVE_WITH_KNOTS('',3,(#15278,#15279,#15280,#15281,#15282),
 .UNSPECIFIED.,.F.,.F.,(4,1,4),(-0.0686745368190199,-0.0298981027057971,
0.),.UNSPECIFIED.);
#1858=B_SPLINE_CURVE_WITH_KNOTS('',3,(#15314,#15315,#15316,#15317,#15318),
 .UNSPECIFIED.,.F.,.F.,(4,1,4),(-0.0823277275224533,-0.0471437460408873,
0.),.UNSPECIFIED.);
#1859=B_SPLINE_CURVE_WITH_KNOTS('',3,(#15331,#15332,#15333,#15334,#15335),
 .UNSPECIFIED.,.F.,.F.,(4,1,4),(-0.0593716178536709,-0.0291351115008088,
0.),.UNSPECIFIED.);
#1860=B_SPLINE_CURVE_WITH_KNOTS('',3,(#15348,#15349,#15350,#15351,#15352),
 .UNSPECIFIED.,.F.,.F.,(4,1,4),(-0.0631687942868547,-0.0313132741737748,
0.),.UNSPECIFIED.);
#1861=B_SPLINE_CURVE_WITH_KNOTS('',3,(#15365,#15366,#15367,#15368,#15369),
 .UNSPECIFIED.,.F.,.F.,(4,1,4),(-0.0783700026646516,-0.0398229730704349,
0.),.UNSPECIFIED.);
#1862=B_SPLINE_CURVE_WITH_KNOTS('',3,(#15382,#15383,#15384,#15385,#15386),
 .UNSPECIFIED.,.F.,.F.,(4,1,4),(-0.0942054851581695,-0.042417959984853,
0.),.UNSPECIFIED.);
#1863=B_SPLINE_CURVE_WITH_KNOTS('',3,(#15399,#15400,#15401,#15402,#15403),
 .UNSPECIFIED.,.F.,.F.,(4,1,4),(-0.0377156233520745,-0.0210300817470958,
0.),.UNSPECIFIED.);
#1864=B_SPLINE_CURVE_WITH_KNOTS('',3,(#15416,#15417,#15418,#15419,#15420),
 .UNSPECIFIED.,.F.,.F.,(4,1,4),(-0.0691337143132953,-0.0329095878921569,
0.),.UNSPECIFIED.);
#1865=B_SPLINE_CURVE_WITH_KNOTS('',3,(#15445,#15446,#15447,#15448,#15449),
 .UNSPECIFIED.,.F.,.F.,(4,1,4),(-0.0670753342325328,-0.0381782551544756,
0.),.UNSPECIFIED.);
#1866=B_SPLINE_CURVE_WITH_KNOTS('',3,(#15462,#15463,#15464,#15465,#15466),
 .UNSPECIFIED.,.F.,.F.,(4,1,4),(-0.038029062494459,-0.0215833178267296,
0.),.UNSPECIFIED.);
#1867=B_SPLINE_CURVE_WITH_KNOTS('',3,(#15479,#15480,#15481,#15482,#15483),
 .UNSPECIFIED.,.F.,.F.,(4,1,4),(-0.0264799838527117,-0.0136126296549734,
0.),.UNSPECIFIED.);
#1868=B_SPLINE_CURVE_WITH_KNOTS('',3,(#15496,#15497,#15498,#15499,#15500),
 .UNSPECIFIED.,.F.,.F.,(4,1,4),(-0.0295604225206363,-0.0119551961726255,
0.),.UNSPECIFIED.);
#1869=B_SPLINE_CURVE_WITH_KNOTS('',3,(#15534,#15535,#15536,#15537,#15538),
 .UNSPECIFIED.,.F.,.F.,(4,1,4),(0.,0.0323871494215762,0.0574474648532003),
 .UNSPECIFIED.);
#1870=B_SPLINE_CURVE_WITH_KNOTS('',3,(#15540,#15541,#15542,#15543,#15544),
 .UNSPECIFIED.,.F.,.F.,(4,1,4),(-0.0574474648532003,-0.0323871494215762,
0.),.UNSPECIFIED.);
#1871=B_SPLINE_CURVE_WITH_KNOTS('',3,(#15557,#15558,#15559,#15560,#15561),
 .UNSPECIFIED.,.F.,.F.,(4,1,4),(0.,0.0204803593809196,0.0398394286438193),
 .UNSPECIFIED.);
#1872=B_SPLINE_CURVE_WITH_KNOTS('',3,(#15563,#15564,#15565,#15566,#15567),
 .UNSPECIFIED.,.F.,.F.,(4,1,4),(-0.0398394286438193,-0.0204803593809196,
0.),.UNSPECIFIED.);
#1873=B_SPLINE_CURVE_WITH_KNOTS('',3,(#15580,#15581,#15582,#15583,#15584),
 .UNSPECIFIED.,.F.,.F.,(4,1,4),(0.,0.0189827770073881,0.0378277462788842),
 .UNSPECIFIED.);
#1874=B_SPLINE_CURVE_WITH_KNOTS('',3,(#15586,#15587,#15588,#15589,#15590),
 .UNSPECIFIED.,.F.,.F.,(4,1,4),(-0.0378277462788842,-0.0189827770073881,
0.),.UNSPECIFIED.);
#1875=B_SPLINE_CURVE_WITH_KNOTS('',3,(#15603,#15604,#15605,#15606,#15607),
 .UNSPECIFIED.,.F.,.F.,(4,1,4),(0.,0.0263606134100262,0.052274811075996),
 .UNSPECIFIED.);
#1876=B_SPLINE_CURVE_WITH_KNOTS('',3,(#15609,#15610,#15611,#15612,#15613),
 .UNSPECIFIED.,.F.,.F.,(4,1,4),(-0.052274811075996,-0.0263606134100262,
0.),.UNSPECIFIED.);
#1877=B_SPLINE_CURVE_WITH_KNOTS('',3,(#15626,#15627,#15628,#15629,#15630),
 .UNSPECIFIED.,.F.,.F.,(4,1,4),(0.,0.0298979967702733,0.0686746535899567),
 .UNSPECIFIED.);
#1878=B_SPLINE_CURVE_WITH_KNOTS('',3,(#15632,#15633,#15634,#15635,#15636),
 .UNSPECIFIED.,.F.,.F.,(4,1,4),(-0.0686746535899567,-0.0298979967702733,
0.),.UNSPECIFIED.);
#1879=B_SPLINE_CURVE_WITH_KNOTS('',3,(#15668,#15669,#15670,#15671,#15672),
 .UNSPECIFIED.,.F.,.F.,(4,1,4),(-0.0823276418833627,-0.0471438650553271,
0.),.UNSPECIFIED.);
#1880=B_SPLINE_CURVE_WITH_KNOTS('',3,(#15685,#15686,#15687,#15688,#15689),
 .UNSPECIFIED.,.F.,.F.,(4,1,4),(-0.0593718227138191,-0.029135316360957,
0.),.UNSPECIFIED.);
#1881=B_SPLINE_CURVE_WITH_KNOTS('',3,(#15702,#15703,#15704,#15705,#15706),
 .UNSPECIFIED.,.F.,.F.,(4,1,4),(-0.0631688262386731,-0.0313133216966119,
0.),.UNSPECIFIED.);
#1882=B_SPLINE_CURVE_WITH_KNOTS('',3,(#15719,#15720,#15721,#15722,#15723),
 .UNSPECIFIED.,.F.,.F.,(4,1,4),(-0.0783701305026792,-0.0398229730704349,
0.),.UNSPECIFIED.);
#1883=B_SPLINE_CURVE_WITH_KNOTS('',3,(#15736,#15737,#15738,#15739,#15740),
 .UNSPECIFIED.,.F.,.F.,(4,1,4),(-0.0942052379374643,-0.0424180585192424,
0.),.UNSPECIFIED.);
#1884=B_SPLINE_CURVE_WITH_KNOTS('',3,(#15753,#15754,#15755,#15756,#15757),
 .UNSPECIFIED.,.F.,.F.,(4,1,4),(-0.0377154313381917,-0.0210300817470958,
0.),.UNSPECIFIED.);
#1885=B_SPLINE_CURVE_WITH_KNOTS('',3,(#15770,#15771,#15772,#15773,#15774),
 .UNSPECIFIED.,.F.,.F.,(4,1,4),(-0.0691337143132953,-0.0329095878921569,
0.),.UNSPECIFIED.);
#1886=B_SPLINE_CURVE_WITH_KNOTS('',3,(#15799,#15800,#15801,#15802,#15803),
 .UNSPECIFIED.,.F.,.F.,(4,1,4),(-0.0670754749319055,-0.0381782551544756,
0.),.UNSPECIFIED.);
#1887=B_SPLINE_CURVE_WITH_KNOTS('',3,(#15816,#15817,#15818,#15819,#15820),
 .UNSPECIFIED.,.F.,.F.,(4,1,4),(-0.0380289839413734,-0.021583239273644,
0.),.UNSPECIFIED.);
#1888=B_SPLINE_CURVE_WITH_KNOTS('',3,(#15833,#15834,#15835,#15836,#15837),
 .UNSPECIFIED.,.F.,.F.,(4,1,4),(-0.0264799838527117,-0.0136126296549734,
0.),.UNSPECIFIED.);
#1889=B_SPLINE_CURVE_WITH_KNOTS('',3,(#15850,#15851,#15852,#15853,#15854),
 .UNSPECIFIED.,.F.,.F.,(4,1,4),(-0.0295604225206363,-0.0119551961726255,
0.),.UNSPECIFIED.);
#1890=B_SPLINE_CURVE_WITH_KNOTS('',3,(#15893,#15894,#15895,#15896,#15897),
 .UNSPECIFIED.,.F.,.F.,(4,1,4),(-0.0687839829448108,-0.0357435223414521,
0.),.UNSPECIFIED.);
#1891=B_SPLINE_CURVE_WITH_KNOTS('',3,(#15910,#15911,#15912,#15913,#15914),
 .UNSPECIFIED.,.F.,.F.,(4,1,4),(-0.0689554530769854,-0.0342430610631737,
0.),.UNSPECIFIED.);
#1892=B_SPLINE_CURVE_WITH_KNOTS('',3,(#15956,#15957,#15958,#15959,#15960),
 .UNSPECIFIED.,.F.,.F.,(4,1,4),(-0.0933893059830939,-0.0480966824061838,
0.),.UNSPECIFIED.);
#1893=B_SPLINE_CURVE_WITH_KNOTS('',3,(#15973,#15974,#15975,#15976,#15977),
 .UNSPECIFIED.,.F.,.F.,(4,1,4),(-0.0869241659689994,-0.0436356204152708,
0.),.UNSPECIFIED.);
#1894=B_SPLINE_CURVE_WITH_KNOTS('',3,(#15990,#15991,#15992,#15993,#15994),
 .UNSPECIFIED.,.F.,.F.,(4,1,4),(-0.110855753011471,-0.0565943218827075,
0.),.UNSPECIFIED.);
#1895=B_SPLINE_CURVE_WITH_KNOTS('',3,(#16007,#16008,#16009,#16010,#16011),
 .UNSPECIFIED.,.F.,.F.,(4,1,4),(-0.104309499331068,-0.0523302412851438,
0.),.UNSPECIFIED.);
#1896=B_SPLINE_CURVE_WITH_KNOTS('',3,(#16024,#16025,#16026,#16027,#16028),
 .UNSPECIFIED.,.F.,.F.,(4,1,4),(-0.110270475859021,-0.0537965659318433,
0.),.UNSPECIFIED.);
#1897=B_SPLINE_CURVE_WITH_KNOTS('',3,(#16041,#16042,#16043,#16044,#16045),
 .UNSPECIFIED.,.F.,.F.,(4,1,4),(-0.112432977063657,-0.0567752665471781,
0.),.UNSPECIFIED.);
#1898=B_SPLINE_CURVE_WITH_KNOTS('',3,(#16058,#16059,#16060,#16061,#16062),
 .UNSPECIFIED.,.F.,.F.,(4,1,4),(-0.104243270325464,-0.0532101373062964,
0.),.UNSPECIFIED.);
#1899=B_SPLINE_CURVE_WITH_KNOTS('',3,(#16075,#16076,#16077,#16078,#16079),
 .UNSPECIFIED.,.F.,.F.,(4,1,4),(-0.109254091117921,-0.0526446841997696,
0.),.UNSPECIFIED.);
#1900=B_SPLINE_CURVE_WITH_KNOTS('',3,(#16092,#16093,#16094,#16095,#16096),
 .UNSPECIFIED.,.F.,.F.,(4,1,4),(-0.0800601359734305,-0.0414520567143461,
0.),.UNSPECIFIED.);
#1901=B_SPLINE_CURVE_WITH_KNOTS('',3,(#16109,#16110,#16111,#16112,#16113),
 .UNSPECIFIED.,.F.,.F.,(4,1,4),(-0.0680811598428978,-0.0355089807591625,
0.),.UNSPECIFIED.);
#1902=B_SPLINE_CURVE_WITH_KNOTS('',3,(#16126,#16127,#16128,#16129,#16130),
 .UNSPECIFIED.,.F.,.F.,(4,1,4),(-0.0725436905810177,-0.0338204862623804,
0.),.UNSPECIFIED.);
#1903=B_SPLINE_CURVE_WITH_KNOTS('',3,(#16147,#16148,#16149,#16150,#16151),
 .UNSPECIFIED.,.F.,.F.,(4,1,4),(-0.0531920447350584,-0.0290928941580454,
0.),.UNSPECIFIED.);
#1904=B_SPLINE_CURVE_WITH_KNOTS('',3,(#16164,#16165,#16166,#16167,#16168),
 .UNSPECIFIED.,.F.,.F.,(4,1,4),(-0.0477471689869557,-0.0226003502558113,
0.),.UNSPECIFIED.);
#1905=B_SPLINE_CURVE_WITH_KNOTS('',3,(#16181,#16182,#16183,#16184,#16185),
 .UNSPECIFIED.,.F.,.F.,(4,1,4),(-0.0563941284812976,-0.027352883033182,
0.),.UNSPECIFIED.);
#1906=B_SPLINE_CURVE_WITH_KNOTS('',3,(#16198,#16199,#16200,#16201,#16202),
 .UNSPECIFIED.,.F.,.F.,(4,1,4),(-0.0640324768238336,-0.0339461591867011,
0.),.UNSPECIFIED.);
#1907=B_SPLINE_CURVE_WITH_KNOTS('',3,(#16215,#16216,#16217,#16218,#16219),
 .UNSPECIFIED.,.F.,.F.,(4,1,4),(-0.0519708406798191,-0.027114586440026,
0.),.UNSPECIFIED.);
#1908=B_SPLINE_CURVE_WITH_KNOTS('',3,(#16232,#16233,#16234,#16235,#16236),
 .UNSPECIFIED.,.F.,.F.,(4,1,4),(-0.0470985662657763,-0.0237730495231023,
0.),.UNSPECIFIED.);
#1909=B_SPLINE_CURVE_WITH_KNOTS('',3,(#16249,#16250,#16251,#16252,#16253),
 .UNSPECIFIED.,.F.,.F.,(4,1,4),(-0.0823272091057213,-0.0403387619403995,
0.),.UNSPECIFIED.);
#1910=B_SPLINE_CURVE_WITH_KNOTS('',3,(#16266,#16267,#16268,#16269,#16270),
 .UNSPECIFIED.,.F.,.F.,(4,1,4),(-0.0920076399109333,-0.0493286284917896,
0.),.UNSPECIFIED.);
#1911=B_SPLINE_CURVE_WITH_KNOTS('',3,(#16283,#16284,#16285,#16286,#16287),
 .UNSPECIFIED.,.F.,.F.,(4,1,4),(-0.0767508878035651,-0.0386769855995287,
0.),.UNSPECIFIED.);
#1912=B_SPLINE_CURVE_WITH_KNOTS('',3,(#16300,#16301,#16302,#16303,#16304),
 .UNSPECIFIED.,.F.,.F.,(4,1,4),(-0.0772992404436958,-0.0385803312055366,
0.),.UNSPECIFIED.);
#1913=B_SPLINE_CURVE_WITH_KNOTS('',3,(#16317,#16318,#16319,#16320,#16321),
 .UNSPECIFIED.,.F.,.F.,(4,1,4),(-0.0687359543236335,-0.0341307136217149,
0.),.UNSPECIFIED.);
#1914=B_SPLINE_CURVE_WITH_KNOTS('',3,(#16334,#16335,#16336,#16337,#16338),
 .UNSPECIFIED.,.F.,.F.,(4,1,4),(-0.0573212090252579,-0.0318695428341165,
0.),.UNSPECIFIED.);
#1915=B_SPLINE_CURVE_WITH_KNOTS('',3,(#16392,#16393,#16394,#16395,#16396),
 .UNSPECIFIED.,.F.,.F.,(4,1,4),(0.,0.065358324795391,0.122623059666622),
 .UNSPECIFIED.);
#1916=B_SPLINE_CURVE_WITH_KNOTS('',3,(#16400,#16401,#16402,#16403,#16404),
 .UNSPECIFIED.,.F.,.F.,(4,1,4),(-0.122623059666622,-0.065358324795391,0.),
 .UNSPECIFIED.);
#1917=B_SPLINE_CURVE_WITH_KNOTS('',3,(#16417,#16418,#16419,#16420,#16421),
 .UNSPECIFIED.,.F.,.F.,(4,1,4),(0.,0.0538022957719683,0.108517903322994),
 .UNSPECIFIED.);
#1918=B_SPLINE_CURVE_WITH_KNOTS('',3,(#16423,#16424,#16425,#16426,#16427),
 .UNSPECIFIED.,.F.,.F.,(4,1,4),(-0.108517903322994,-0.0538022957719683,
0.),.UNSPECIFIED.);
#1919=B_SPLINE_CURVE_WITH_KNOTS('',3,(#16440,#16441,#16442,#16443,#16444),
 .UNSPECIFIED.,.F.,.F.,(4,1,4),(0.,0.0554716876660122,0.109507919388323),
 .UNSPECIFIED.);
#1920=B_SPLINE_CURVE_WITH_KNOTS('',3,(#16446,#16447,#16448,#16449,#16450),
 .UNSPECIFIED.,.F.,.F.,(4,1,4),(-0.109507919388323,-0.0554716876660122,
0.),.UNSPECIFIED.);
#1921=B_SPLINE_CURVE_WITH_KNOTS('',3,(#16463,#16464,#16465,#16466,#16467),
 .UNSPECIFIED.,.F.,.F.,(4,1,4),(0.,0.0584893022134488,0.127584107869897),
 .UNSPECIFIED.);
#1922=B_SPLINE_CURVE_WITH_KNOTS('',3,(#16469,#16470,#16471,#16472,#16473),
 .UNSPECIFIED.,.F.,.F.,(4,1,4),(-0.127584107869897,-0.0584893022134488,
0.),.UNSPECIFIED.);
#1923=B_SPLINE_CURVE_WITH_KNOTS('',3,(#16486,#16487,#16488,#16489,#16490),
 .UNSPECIFIED.,.F.,.F.,(4,1,4),(0.,0.0459225903542692,0.0873453700567503),
 .UNSPECIFIED.);
#1924=B_SPLINE_CURVE_WITH_KNOTS('',3,(#16492,#16493,#16494,#16495,#16496),
 .UNSPECIFIED.,.F.,.F.,(4,1,4),(-0.0873453700567503,-0.0459225903542692,
0.),.UNSPECIFIED.);
#1925=B_SPLINE_CURVE_WITH_KNOTS('',3,(#16509,#16510,#16511,#16512,#16513),
 .UNSPECIFIED.,.F.,.F.,(4,1,4),(0.,0.0381917641119999,0.0751412885518928),
 .UNSPECIFIED.);
#1926=B_SPLINE_CURVE_WITH_KNOTS('',3,(#16515,#16516,#16517,#16518,#16519),
 .UNSPECIFIED.,.F.,.F.,(4,1,4),(-0.0751412885518928,-0.0381917641119999,
0.),.UNSPECIFIED.);
#1927=B_SPLINE_CURVE_WITH_KNOTS('',3,(#16532,#16533,#16534,#16535,#16536),
 .UNSPECIFIED.,.F.,.F.,(4,1,4),(0.,0.0369326854300458,0.0748846669506556),
 .UNSPECIFIED.);
#1928=B_SPLINE_CURVE_WITH_KNOTS('',3,(#16538,#16539,#16540,#16541,#16542),
 .UNSPECIFIED.,.F.,.F.,(4,1,4),(-0.0748846669506556,-0.0369326854300458,
0.),.UNSPECIFIED.);
#1929=B_SPLINE_CURVE_WITH_KNOTS('',3,(#16555,#16556,#16557,#16558,#16559),
 .UNSPECIFIED.,.F.,.F.,(4,1,4),(0.,0.0531684892413551,0.106210389718982),
 .UNSPECIFIED.);
#1930=B_SPLINE_CURVE_WITH_KNOTS('',3,(#16561,#16562,#16563,#16564,#16565),
 .UNSPECIFIED.,.F.,.F.,(4,1,4),(-0.106210389718982,-0.0531684892413551,
0.),.UNSPECIFIED.);
#1931=B_SPLINE_CURVE_WITH_KNOTS('',3,(#16577,#16578,#16579,#16580,#16581),
 .UNSPECIFIED.,.F.,.F.,(4,1,4),(0.,0.0598277355300017,0.137875205083767),
 .UNSPECIFIED.);
#1932=B_SPLINE_CURVE_WITH_KNOTS('',3,(#16582,#16583,#16584,#16585,#16586),
 .UNSPECIFIED.,.F.,.F.,(4,1,4),(-0.137875205083767,-0.0598277355300017,
0.),.UNSPECIFIED.);
#1933=B_SPLINE_CURVE_WITH_KNOTS('',3,(#16600,#16601,#16602,#16603,#16604),
 .UNSPECIFIED.,.F.,.F.,(4,1,4),(-0.16800165303019,-0.089780050661029,0.),
 .UNSPECIFIED.);
#1934=B_SPLINE_CURVE_WITH_KNOTS('',3,(#16617,#16618,#16619,#16620,#16621),
 .UNSPECIFIED.,.F.,.F.,(4,1,4),(-0.152505713703278,-0.0744170196413368,
0.),.UNSPECIFIED.);
#1935=B_SPLINE_CURVE_WITH_KNOTS('',3,(#16634,#16635,#16636,#16637,#16638),
 .UNSPECIFIED.,.F.,.F.,(4,1,4),(-0.10428145213306,-0.0530742761045053,0.),
 .UNSPECIFIED.);
#1936=B_SPLINE_CURVE_WITH_KNOTS('',3,(#16651,#16652,#16653,#16654,#16655),
 .UNSPECIFIED.,.F.,.F.,(4,1,4),(-0.101316997593587,-0.0503950479152616,
0.),.UNSPECIFIED.);
#1937=B_SPLINE_CURVE_WITH_KNOTS('',3,(#16668,#16669,#16670,#16671,#16672),
 .UNSPECIFIED.,.F.,.F.,(4,1,4),(-0.110609865247029,-0.0534560764374124,
0.),.UNSPECIFIED.);
#1938=B_SPLINE_CURVE_WITH_KNOTS('',3,(#16685,#16686,#16687,#16688,#16689),
 .UNSPECIFIED.,.F.,.F.,(4,1,4),(-0.112403815813769,-0.0579658530140974,
0.),.UNSPECIFIED.);
#1939=B_SPLINE_CURVE_WITH_KNOTS('',3,(#16702,#16703,#16704,#16705,#16706),
 .UNSPECIFIED.,.F.,.F.,(4,1,4),(-0.101820392931868,-0.0515793245709557,
0.),.UNSPECIFIED.);
#1940=B_SPLINE_CURVE_WITH_KNOTS('',3,(#16719,#16720,#16721,#16722,#16723),
 .UNSPECIFIED.,.F.,.F.,(4,1,4),(-0.10104376489231,-0.0503255253263822,0.),
 .UNSPECIFIED.);
#1941=B_SPLINE_CURVE_WITH_KNOTS('',3,(#16736,#16737,#16738,#16739,#16740),
 .UNSPECIFIED.,.F.,.F.,(4,1,4),(-0.105610868956509,-0.0539121268726969,
0.),.UNSPECIFIED.);
#1942=B_SPLINE_CURVE_WITH_KNOTS('',3,(#16753,#16754,#16755,#16756,#16757),
 .UNSPECIFIED.,.F.,.F.,(4,1,4),(-0.101517629723837,-0.0506823533078311,
0.),.UNSPECIFIED.);
#1943=B_SPLINE_CURVE_WITH_KNOTS('',3,(#16769,#16770,#16771,#16772,#16773),
 .UNSPECIFIED.,.F.,.F.,(4,1,4),(-0.103134801095567,-0.0515197866021819,
0.),.UNSPECIFIED.);
#1944=B_SPLINE_CURVE_WITH_KNOTS('',3,(#16802,#16803,#16804,#16805,#16806),
 .UNSPECIFIED.,.F.,.F.,(4,1,4),(0.,0.0488954239655284,0.0876837119388693),
 .UNSPECIFIED.);
#1945=B_SPLINE_CURVE_WITH_KNOTS('',3,(#16808,#16809,#16810,#16811,#16812),
 .UNSPECIFIED.,.F.,.F.,(4,1,4),(-0.0876837119388693,-0.0488954239655284,
0.),.UNSPECIFIED.);
#1946=B_SPLINE_CURVE_WITH_KNOTS('',3,(#16825,#16826,#16827,#16828,#16829),
 .UNSPECIFIED.,.F.,.F.,(4,1,4),(0.,0.039426330578328,0.0794412732507716),
 .UNSPECIFIED.);
#1947=B_SPLINE_CURVE_WITH_KNOTS('',3,(#16831,#16832,#16833,#16834,#16835),
 .UNSPECIFIED.,.F.,.F.,(4,1,4),(-0.0794412732507716,-0.039426330578328,
0.),.UNSPECIFIED.);
#1948=B_SPLINE_CURVE_WITH_KNOTS('',3,(#16917,#16918,#16919,#16920,#16921),
 .UNSPECIFIED.,.F.,.F.,(4,1,4),(0.,0.0488954239655284,0.0876837479969617),
 .UNSPECIFIED.);
#1949=B_SPLINE_CURVE_WITH_KNOTS('',3,(#16923,#16924,#16925,#16926,#16927),
 .UNSPECIFIED.,.F.,.F.,(4,1,4),(-0.0876837479969617,-0.0488954239655284,
0.),.UNSPECIFIED.);
#1950=B_SPLINE_CURVE_WITH_KNOTS('',3,(#16940,#16941,#16942,#16943,#16944),
 .UNSPECIFIED.,.F.,.F.,(4,1,4),(0.,0.0394263166565283,0.0794412593289718),
 .UNSPECIFIED.);
#1951=B_SPLINE_CURVE_WITH_KNOTS('',3,(#16946,#16947,#16948,#16949,#16950),
 .UNSPECIFIED.,.F.,.F.,(4,1,4),(-0.0794412593289718,-0.0394263166565283,
0.),.UNSPECIFIED.);
#1952=B_SPLINE_CURVE_WITH_KNOTS('',3,(#17056,#17057,#17058,#17059,#17060),
 .UNSPECIFIED.,.F.,.F.,(4,1,4),(0.,0.0488954036762137,0.087683745736818),
 .UNSPECIFIED.);
#1953=B_SPLINE_CURVE_WITH_KNOTS('',3,(#17062,#17063,#17064,#17065,#17066),
 .UNSPECIFIED.,.F.,.F.,(4,1,4),(-0.087683745736818,-0.0488954036762137,
0.),.UNSPECIFIED.);
#1954=B_SPLINE_CURVE_WITH_KNOTS('',3,(#17079,#17080,#17081,#17082,#17083),
 .UNSPECIFIED.,.F.,.F.,(4,1,4),(0.,0.0394263027348137,0.0794412454072573),
 .UNSPECIFIED.);
#1955=B_SPLINE_CURVE_WITH_KNOTS('',3,(#17085,#17086,#17087,#17088,#17089),
 .UNSPECIFIED.,.F.,.F.,(4,1,4),(-0.0794412454072573,-0.0394263027348137,
0.),.UNSPECIFIED.);
#1956=B_SPLINE_CURVE_WITH_KNOTS('',3,(#17149,#17150,#17151,#17152,#17153),
 .UNSPECIFIED.,.F.,.F.,(4,1,4),(-0.0971158596668594,-0.0542003040604319,
0.),.UNSPECIFIED.);
#1957=B_SPLINE_CURVE_WITH_KNOTS('',3,(#17166,#17167,#17168,#17169,#17170),
 .UNSPECIFIED.,.F.,.F.,(4,1,4),(-0.0769146404146612,-0.037423518641624,
0.),.UNSPECIFIED.);
#1958=B_SPLINE_CURVE_WITH_KNOTS('',3,(#17183,#17184,#17185,#17186,#17187),
 .UNSPECIFIED.,.F.,.F.,(4,1,4),(-0.0969963998194958,-0.0444165889628178,
0.),.UNSPECIFIED.);
#1959=B_SPLINE_CURVE_WITH_KNOTS('',3,(#17200,#17201,#17202,#17203,#17204),
 .UNSPECIFIED.,.F.,.F.,(4,1,4),(-0.094686293634986,-0.0513204774687258,
0.),.UNSPECIFIED.);
#1960=B_SPLINE_CURVE_WITH_KNOTS('',3,(#17217,#17218,#17219,#17220,#17221),
 .UNSPECIFIED.,.F.,.F.,(4,1,4),(-0.0769860407246917,-0.0387289616436735,
0.),.UNSPECIFIED.);
#1961=B_SPLINE_CURVE_WITH_KNOTS('',3,(#17234,#17235,#17236,#17237,#17238),
 .UNSPECIFIED.,.F.,.F.,(4,1,4),(-0.101887965796177,-0.0449043450442934,
0.),.UNSPECIFIED.);
#1962=B_SPLINE_CURVE_WITH_KNOTS('',3,(#17263,#17264,#17265,#17266,#17267),
 .UNSPECIFIED.,.F.,.F.,(4,1,4),(-0.0776978499180407,-0.0453237346372797,
0.),.UNSPECIFIED.);
#1963=B_SPLINE_CURVE_WITH_KNOTS('',3,(#17280,#17281,#17282,#17283,#17284),
 .UNSPECIFIED.,.F.,.F.,(4,1,4),(-0.0513539327785347,-0.0255201698494734,
0.),.UNSPECIFIED.);
#1964=B_SPLINE_CURVE_WITH_KNOTS('',3,(#17297,#17298,#17299,#17300,#17301),
 .UNSPECIFIED.,.F.,.F.,(4,1,4),(-0.0597363917720759,-0.0280792326265975,
0.),.UNSPECIFIED.);
#1965=B_SPLINE_CURVE_WITH_KNOTS('',3,(#17314,#17315,#17316,#17317,#17318),
 .UNSPECIFIED.,.F.,.F.,(4,1,4),(-0.0891343194744676,-0.0504359047423203,
0.),.UNSPECIFIED.);
#1966=B_SPLINE_CURVE_WITH_KNOTS('',3,(#17331,#17332,#17333,#17334,#17335),
 .UNSPECIFIED.,.F.,.F.,(4,1,4),(-0.106327750371626,-0.0429263900297125,
0.),.UNSPECIFIED.);
#1967=B_SPLINE_CURVE_WITH_KNOTS('',3,(#17352,#17353,#17354,#17355,#17356),
 .UNSPECIFIED.,.F.,.F.,(4,1,4),(0.,0.065358324795391,0.122623090019176),
 .UNSPECIFIED.);
#1968=B_SPLINE_CURVE_WITH_KNOTS('',3,(#17360,#17361,#17362,#17363,#17364),
 .UNSPECIFIED.,.F.,.F.,(4,1,4),(-0.122623090019176,-0.065358324795391,0.),
 .UNSPECIFIED.);
#1969=B_SPLINE_CURVE_WITH_KNOTS('',3,(#17377,#17378,#17379,#17380,#17381),
 .UNSPECIFIED.,.F.,.F.,(4,1,4),(0.,0.0538022229419613,0.10851780123425),
 .UNSPECIFIED.);
#1970=B_SPLINE_CURVE_WITH_KNOTS('',3,(#17383,#17384,#17385,#17386,#17387),
 .UNSPECIFIED.,.F.,.F.,(4,1,4),(-0.10851780123425,-0.0538022229419613,0.),
 .UNSPECIFIED.);
#1971=B_SPLINE_CURVE_WITH_KNOTS('',3,(#17400,#17401,#17402,#17403,#17404),
 .UNSPECIFIED.,.F.,.F.,(4,1,4),(0.,0.0554716571474778,0.10950796739411),
 .UNSPECIFIED.);
#1972=B_SPLINE_CURVE_WITH_KNOTS('',3,(#17406,#17407,#17408,#17409,#17410),
 .UNSPECIFIED.,.F.,.F.,(4,1,4),(-0.10950796739411,-0.0554716571474778,0.),
 .UNSPECIFIED.);
#1973=B_SPLINE_CURVE_WITH_KNOTS('',3,(#17423,#17424,#17425,#17426,#17427),
 .UNSPECIFIED.,.F.,.F.,(4,1,4),(0.,0.0584893981158126,0.127584201690657),
 .UNSPECIFIED.);
#1974=B_SPLINE_CURVE_WITH_KNOTS('',3,(#17429,#17430,#17431,#17432,#17433),
 .UNSPECIFIED.,.F.,.F.,(4,1,4),(-0.127584201690657,-0.0584893981158126,
0.),.UNSPECIFIED.);
#1975=B_SPLINE_CURVE_WITH_KNOTS('',3,(#17446,#17447,#17448,#17449,#17450),
 .UNSPECIFIED.,.F.,.F.,(4,1,4),(0.,0.0459225983888223,0.0873453869987461),
 .UNSPECIFIED.);
#1976=B_SPLINE_CURVE_WITH_KNOTS('',3,(#17452,#17453,#17454,#17455,#17456),
 .UNSPECIFIED.,.F.,.F.,(4,1,4),(-0.0873453869987461,-0.0459225983888223,
0.),.UNSPECIFIED.);
#1977=B_SPLINE_CURVE_WITH_KNOTS('',3,(#17469,#17470,#17471,#17472,#17473),
 .UNSPECIFIED.,.F.,.F.,(4,1,4),(0.,0.0381916927318756,0.0751412735654861),
 .UNSPECIFIED.);
#1978=B_SPLINE_CURVE_WITH_KNOTS('',3,(#17475,#17476,#17477,#17478,#17479),
 .UNSPECIFIED.,.F.,.F.,(4,1,4),(-0.0751412735654861,-0.0381916927318756,
0.),.UNSPECIFIED.);
#1979=B_SPLINE_CURVE_WITH_KNOTS('',3,(#17492,#17493,#17494,#17495,#17496),
 .UNSPECIFIED.,.F.,.F.,(4,1,4),(0.,0.0369326854300458,0.0748846669506556),
 .UNSPECIFIED.);
#1980=B_SPLINE_CURVE_WITH_KNOTS('',3,(#17498,#17499,#17500,#17501,#17502),
 .UNSPECIFIED.,.F.,.F.,(4,1,4),(-0.0748846669506556,-0.0369326854300458,
0.),.UNSPECIFIED.);
#1981=B_SPLINE_CURVE_WITH_KNOTS('',3,(#17515,#17516,#17517,#17518,#17519),
 .UNSPECIFIED.,.F.,.F.,(4,1,4),(0.,0.0531685548427492,0.106210402727037),
 .UNSPECIFIED.);
#1982=B_SPLINE_CURVE_WITH_KNOTS('',3,(#17521,#17522,#17523,#17524,#17525),
 .UNSPECIFIED.,.F.,.F.,(4,1,4),(-0.106210402727037,-0.0531685548427492,
0.),.UNSPECIFIED.);
#1983=B_SPLINE_CURVE_WITH_KNOTS('',3,(#17537,#17538,#17539,#17540,#17541),
 .UNSPECIFIED.,.F.,.F.,(4,1,4),(0.,0.0598274696068919,0.137875183298589),
 .UNSPECIFIED.);
#1984=B_SPLINE_CURVE_WITH_KNOTS('',3,(#17542,#17543,#17544,#17545,#17546),
 .UNSPECIFIED.,.F.,.F.,(4,1,4),(-0.137875183298589,-0.0598274696068919,
0.),.UNSPECIFIED.);
#1985=B_SPLINE_CURVE_WITH_KNOTS('',3,(#17560,#17561,#17562,#17563,#17564),
 .UNSPECIFIED.,.F.,.F.,(4,1,4),(-0.168001537371255,-0.0897800373468324,
0.),.UNSPECIFIED.);
#1986=B_SPLINE_CURVE_WITH_KNOTS('',3,(#17577,#17578,#17579,#17580,#17581),
 .UNSPECIFIED.,.F.,.F.,(4,1,4),(-0.152505740764034,-0.0744171854593657,
0.),.UNSPECIFIED.);
#1987=B_SPLINE_CURVE_WITH_KNOTS('',3,(#17594,#17595,#17596,#17597,#17598),
 .UNSPECIFIED.,.F.,.F.,(4,1,4),(-0.104281434762676,-0.053074364890603,0.),
 .UNSPECIFIED.);
#1988=B_SPLINE_CURVE_WITH_KNOTS('',3,(#17611,#17612,#17613,#17614,#17615),
 .UNSPECIFIED.,.F.,.F.,(4,1,4),(-0.10131694160198,-0.0503949668028287,0.),
 .UNSPECIFIED.);
#1989=B_SPLINE_CURVE_WITH_KNOTS('',3,(#17628,#17629,#17630,#17631,#17632),
 .UNSPECIFIED.,.F.,.F.,(4,1,4),(-0.110609865247029,-0.0534560764374124,
0.),.UNSPECIFIED.);
#1990=B_SPLINE_CURVE_WITH_KNOTS('',3,(#17645,#17646,#17647,#17648,#17649),
 .UNSPECIFIED.,.F.,.F.,(4,1,4),(-0.112403815813769,-0.0579658530140974,
0.),.UNSPECIFIED.);
#1991=B_SPLINE_CURVE_WITH_KNOTS('',3,(#17662,#17663,#17664,#17665,#17666),
 .UNSPECIFIED.,.F.,.F.,(4,1,4),(-0.101820304774585,-0.0515793074262417,
0.),.UNSPECIFIED.);
#1992=B_SPLINE_CURVE_WITH_KNOTS('',3,(#17679,#17680,#17681,#17682,#17683),
 .UNSPECIFIED.,.F.,.F.,(4,1,4),(-0.101043702926181,-0.050325566892807,0.),
 .UNSPECIFIED.);
#1993=B_SPLINE_CURVE_WITH_KNOTS('',3,(#17696,#17697,#17698,#17699,#17700),
 .UNSPECIFIED.,.F.,.F.,(4,1,4),(-0.105610871151138,-0.0539121564354992,
0.),.UNSPECIFIED.);
#1994=B_SPLINE_CURVE_WITH_KNOTS('',3,(#17713,#17714,#17715,#17716,#17717),
 .UNSPECIFIED.,.F.,.F.,(4,1,4),(-0.1015176424988,-0.0506823992745171,0.),
 .UNSPECIFIED.);
#1995=B_SPLINE_CURVE_WITH_KNOTS('',3,(#17729,#17730,#17731,#17732,#17733),
 .UNSPECIFIED.,.F.,.F.,(4,1,4),(-0.10313482320932,-0.0515195618458325,0.),
 .UNSPECIFIED.);
#1996=LINE('',#12052,#2892);
#1997=LINE('',#12056,#2893);
#1998=LINE('',#12060,#2894);
#1999=LINE('',#12079,#2895);
#2000=LINE('',#12083,#2896);
#2001=LINE('',#12089,#2897);
#2002=LINE('',#12095,#2898);
#2003=LINE('',#12101,#2899);
#2004=LINE('',#12107,#2900);
#2005=LINE('',#12113,#2901);
#2006=LINE('',#12119,#2902);
#2007=LINE('',#12124,#2903);
#2008=LINE('',#12128,#2904);
#2009=LINE('',#12325,#2905);
#2010=LINE('',#12327,#2906);
#2011=LINE('',#12328,#2907);
#2012=LINE('',#12331,#2908);
#2013=LINE('',#12332,#2909);
#2014=LINE('',#12335,#2910);
#2015=LINE('',#12338,#2911);
#2016=LINE('',#12341,#2912);
#2017=LINE('',#12345,#2913);
#2018=LINE('',#12349,#2914);
#2019=LINE('',#12352,#2915);
#2020=LINE('',#12355,#2916);
#2021=LINE('',#12359,#2917);
#2022=LINE('',#12364,#2918);
#2023=LINE('',#12365,#2919);
#2024=LINE('',#12367,#2920);
#2025=LINE('',#12417,#2921);
#2026=LINE('',#12420,#2922);
#2027=LINE('',#12429,#2923);
#2028=LINE('',#12439,#2924);
#2029=LINE('',#12442,#2925);
#2030=LINE('',#12444,#2926);
#2031=LINE('',#12448,#2927);
#2032=LINE('',#12458,#2928);
#2033=LINE('',#12460,#2929);
#2034=LINE('',#12520,#2930);
#2035=LINE('',#12522,#2931);
#2036=LINE('',#12537,#2932);
#2037=LINE('',#12552,#2933);
#2038=LINE('',#12556,#2934);
#2039=LINE('',#12570,#2935);
#2040=LINE('',#12574,#2936);
#2041=LINE('',#12576,#2937);
#2042=LINE('',#12578,#2938);
#2043=LINE('',#12579,#2939);
#2044=LINE('',#12582,#2940);
#2045=LINE('',#12584,#2941);
#2046=LINE('',#12586,#2942);
#2047=LINE('',#12587,#2943);
#2048=LINE('',#12588,#2944);
#2049=LINE('',#12592,#2945);
#2050=LINE('',#12594,#2946);
#2051=LINE('',#12596,#2947);
#2052=LINE('',#12600,#2948);
#2053=LINE('',#12602,#2949);
#2054=LINE('',#12603,#2950);
#2055=LINE('',#12606,#2951);
#2056=LINE('',#12608,#2952);
#2057=LINE('',#12688,#2953);
#2058=LINE('',#12689,#2954);
#2059=LINE('',#12692,#2955);
#2060=LINE('',#12694,#2956);
#2061=LINE('',#12695,#2957);
#2062=LINE('',#12698,#2958);
#2063=LINE('',#12699,#2959);
#2064=LINE('',#12702,#2960);
#2065=LINE('',#12703,#2961);
#2066=LINE('',#12721,#2962);
#2067=LINE('',#12723,#2963);
#2068=LINE('',#12725,#2964);
#2069=LINE('',#12728,#2965);
#2070=LINE('',#12732,#2966);
#2071=LINE('',#12737,#2967);
#2072=LINE('',#12739,#2968);
#2073=LINE('',#12740,#2969);
#2074=LINE('',#12743,#2970);
#2075=LINE('',#12745,#2971);
#2076=LINE('',#12747,#2972);
#2077=LINE('',#12748,#2973);
#2078=LINE('',#12769,#2974);
#2079=LINE('',#12783,#2975);
#2080=LINE('',#12791,#2976);
#2081=LINE('',#12793,#2977);
#2082=LINE('',#12795,#2978);
#2083=LINE('',#12808,#2979);
#2084=LINE('',#12811,#2980);
#2085=LINE('',#12812,#2981);
#2086=LINE('',#12813,#2982);
#2087=LINE('',#12815,#2983);
#2088=LINE('',#12817,#2984);
#2089=LINE('',#12818,#2985);
#2090=LINE('',#12821,#2986);
#2091=LINE('',#12823,#2987);
#2092=LINE('',#12825,#2988);
#2093=LINE('',#12827,#2989);
#2094=LINE('',#12829,#2990);
#2095=LINE('',#12830,#2991);
#2096=LINE('',#12832,#2992);
#2097=LINE('',#12833,#2993);
#2098=LINE('',#12841,#2994);
#2099=LINE('',#12843,#2995);
#2100=LINE('',#12845,#2996);
#2101=LINE('',#12847,#2997);
#2102=LINE('',#12849,#2998);
#2103=LINE('',#12851,#2999);
#2104=LINE('',#12852,#3000);
#2105=LINE('',#12862,#3001);
#2106=LINE('',#12864,#3002);
#2107=LINE('',#12865,#3003);
#2108=LINE('',#12868,#3004);
#2109=LINE('',#12869,#3005);
#2110=LINE('',#12888,#3006);
#2111=LINE('',#12895,#3007);
#2112=LINE('',#12918,#3008);
#2113=LINE('',#12921,#3009);
#2114=LINE('',#12923,#3010);
#2115=LINE('',#12924,#3011);
#2116=LINE('',#12947,#3012);
#2117=LINE('',#12970,#3013);
#2118=LINE('',#12973,#3014);
#2119=LINE('',#12975,#3015);
#2120=LINE('',#12976,#3016);
#2121=LINE('',#12999,#3017);
#2122=LINE('',#13002,#3018);
#2123=LINE('',#13004,#3019);
#2124=LINE('',#13005,#3020);
#2125=LINE('',#13008,#3021);
#2126=LINE('',#13010,#3022);
#2127=LINE('',#13011,#3023);
#2128=LINE('',#13014,#3024);
#2129=LINE('',#13016,#3025);
#2130=LINE('',#13017,#3026);
#2131=LINE('',#13040,#3027);
#2132=LINE('',#13063,#3028);
#2133=LINE('',#13065,#3029);
#2134=LINE('',#13066,#3030);
#2135=LINE('',#13079,#3031);
#2136=LINE('',#13086,#3032);
#2137=LINE('',#13103,#3033);
#2138=LINE('',#13106,#3034);
#2139=LINE('',#13107,#3035);
#2140=LINE('',#13124,#3036);
#2141=LINE('',#13141,#3037);
#2142=LINE('',#13144,#3038);
#2143=LINE('',#13145,#3039);
#2144=LINE('',#13162,#3040);
#2145=LINE('',#13165,#3041);
#2146=LINE('',#13166,#3042);
#2147=LINE('',#13169,#3043);
#2148=LINE('',#13170,#3044);
#2149=LINE('',#13173,#3045);
#2150=LINE('',#13174,#3046);
#2151=LINE('',#13191,#3047);
#2152=LINE('',#13208,#3048);
#2153=LINE('',#13210,#3049);
#2154=LINE('',#13214,#3050);
#2155=LINE('',#13216,#3051);
#2156=LINE('',#13218,#3052);
#2157=LINE('',#13220,#3053);
#2158=LINE('',#13222,#3054);
#2159=LINE('',#13224,#3055);
#2160=LINE('',#13225,#3056);
#2161=LINE('',#13228,#3057);
#2162=LINE('',#13230,#3058);
#2163=LINE('',#13232,#3059);
#2164=LINE('',#13233,#3060);
#2165=LINE('',#13236,#3061);
#2166=LINE('',#13237,#3062);
#2167=LINE('',#13240,#3063);
#2168=LINE('',#13242,#3064);
#2169=LINE('',#13244,#3065);
#2170=LINE('',#13258,#3066);
#2171=LINE('',#13260,#3067);
#2172=LINE('',#13262,#3068);
#2173=LINE('',#13264,#3069);
#2174=LINE('',#13266,#3070);
#2175=LINE('',#13268,#3071);
#2176=LINE('',#13270,#3072);
#2177=LINE('',#13272,#3073);
#2178=LINE('',#13274,#3074);
#2179=LINE('',#13275,#3075);
#2180=LINE('',#13278,#3076);
#2181=LINE('',#13280,#3077);
#2182=LINE('',#13282,#3078);
#2183=LINE('',#13284,#3079);
#2184=LINE('',#13286,#3080);
#2185=LINE('',#13287,#3081);
#2186=LINE('',#13290,#3082);
#2187=LINE('',#13292,#3083);
#2188=LINE('',#13336,#3084);
#2189=LINE('',#13338,#3085);
#2190=LINE('',#13340,#3086);
#2191=LINE('',#13366,#3087);
#2192=LINE('',#13368,#3088);
#2193=LINE('',#13369,#3089);
#2194=LINE('',#13372,#3090);
#2195=LINE('',#13374,#3091);
#2196=LINE('',#13376,#3092);
#2197=LINE('',#13444,#3093);
#2198=LINE('',#13518,#3094);
#2199=LINE('',#13519,#3095);
#2200=LINE('',#13588,#3096);
#2201=LINE('',#13590,#3097);
#2202=LINE('',#13592,#3098);
#2203=LINE('',#13593,#3099);
#2204=LINE('',#13596,#3100);
#2205=LINE('',#13598,#3101);
#2206=LINE('',#13600,#3102);
#2207=LINE('',#13602,#3103);
#2208=LINE('',#13604,#3104);
#2209=LINE('',#13606,#3105);
#2210=LINE('',#13608,#3106);
#2211=LINE('',#13610,#3107);
#2212=LINE('',#13612,#3108);
#2213=LINE('',#13613,#3109);
#2214=LINE('',#13689,#3110);
#2215=LINE('',#13691,#3111);
#2216=LINE('',#13692,#3112);
#2217=LINE('',#13695,#3113);
#2218=LINE('',#13697,#3114);
#2219=LINE('',#13735,#3115);
#2220=LINE('',#13737,#3116);
#2221=LINE('',#13739,#3117);
#2222=LINE('',#13770,#3118);
#2223=LINE('',#13773,#3119);
#2224=LINE('',#13775,#3120);
#2225=LINE('',#13777,#3121);
#2226=LINE('',#13779,#3122);
#2227=LINE('',#13781,#3123);
#2228=LINE('',#13783,#3124);
#2229=LINE('',#13785,#3125);
#2230=LINE('',#13786,#3126);
#2231=LINE('',#13789,#3127);
#2232=LINE('',#13791,#3128);
#2233=LINE('',#13793,#3129);
#2234=LINE('',#13795,#3130);
#2235=LINE('',#13797,#3131);
#2236=LINE('',#13799,#3132);
#2237=LINE('',#13801,#3133);
#2238=LINE('',#13802,#3134);
#2239=LINE('',#13805,#3135);
#2240=LINE('',#13807,#3136);
#2241=LINE('',#13809,#3137);
#2242=LINE('',#13811,#3138);
#2243=LINE('',#13813,#3139);
#2244=LINE('',#13815,#3140);
#2245=LINE('',#13817,#3141);
#2246=LINE('',#13818,#3142);
#2247=LINE('',#13821,#3143);
#2248=LINE('',#13823,#3144);
#2249=LINE('',#13825,#3145);
#2250=LINE('',#13827,#3146);
#2251=LINE('',#13829,#3147);
#2252=LINE('',#13831,#3148);
#2253=LINE('',#13833,#3149);
#2254=LINE('',#13834,#3150);
#2255=LINE('',#13837,#3151);
#2256=LINE('',#13839,#3152);
#2257=LINE('',#13841,#3153);
#2258=LINE('',#13855,#3154);
#2259=LINE('',#13857,#3155);
#2260=LINE('',#13859,#3156);
#2261=LINE('',#13860,#3157);
#2262=LINE('',#13863,#3158);
#2263=LINE('',#13865,#3159);
#2264=LINE('',#13909,#3160);
#2265=LINE('',#13911,#3161);
#2266=LINE('',#13913,#3162);
#2267=LINE('',#13939,#3163);
#2268=LINE('',#13941,#3164);
#2269=LINE('',#13942,#3165);
#2270=LINE('',#13945,#3166);
#2271=LINE('',#13947,#3167);
#2272=LINE('',#14002,#3168);
#2273=LINE('',#14025,#3169);
#2274=LINE('',#14026,#3170);
#2275=LINE('',#14028,#3171);
#2276=LINE('',#14030,#3172);
#2277=LINE('',#14032,#3173);
#2278=LINE('',#14034,#3174);
#2279=LINE('',#14036,#3175);
#2280=LINE('',#14038,#3176);
#2281=LINE('',#14040,#3177);
#2282=LINE('',#14042,#3178);
#2283=LINE('',#14044,#3179);
#2284=LINE('',#14045,#3180);
#2285=LINE('',#14054,#3181);
#2286=LINE('',#14056,#3182);
#2287=LINE('',#14060,#3183);
#2288=LINE('',#14061,#3184);
#2289=LINE('',#14065,#3185);
#2290=LINE('',#14067,#3186);
#2291=LINE('',#14071,#3187);
#2292=LINE('',#14073,#3188);
#2293=LINE('',#14075,#3189);
#2294=LINE('',#14077,#3190);
#2295=LINE('',#14079,#3191);
#2296=LINE('',#14080,#3192);
#2297=LINE('',#14091,#3193);
#2298=LINE('',#14093,#3194);
#2299=LINE('',#14095,#3195);
#2300=LINE('',#14096,#3196);
#2301=LINE('',#14100,#3197);
#2302=LINE('',#14101,#3198);
#2303=LINE('',#14102,#3199);
#2304=LINE('',#14104,#3200);
#2305=LINE('',#14107,#3201);
#2306=LINE('',#14109,#3202);
#2307=LINE('',#14111,#3203);
#2308=LINE('',#14112,#3204);
#2309=LINE('',#14114,#3205);
#2310=LINE('',#14116,#3206);
#2311=LINE('',#14117,#3207);
#2312=LINE('',#14119,#3208);
#2313=LINE('',#14121,#3209);
#2314=LINE('',#14122,#3210);
#2315=LINE('',#14125,#3211);
#2316=LINE('',#14126,#3212);
#2317=LINE('',#14128,#3213);
#2318=LINE('',#14130,#3214);
#2319=LINE('',#14134,#3215);
#2320=LINE('',#14135,#3216);
#2321=LINE('',#14138,#3217);
#2322=LINE('',#14140,#3218);
#2323=LINE('',#14142,#3219);
#2324=LINE('',#14143,#3220);
#2325=LINE('',#14154,#3221);
#2326=LINE('',#14162,#3222);
#2327=LINE('',#14166,#3223);
#2328=LINE('',#14170,#3224);
#2329=LINE('',#14174,#3225);
#2330=LINE('',#14176,#3226);
#2331=LINE('',#14177,#3227);
#2332=LINE('',#14180,#3228);
#2333=LINE('',#14182,#3229);
#2334=LINE('',#14183,#3230);
#2335=LINE('',#14185,#3231);
#2336=LINE('',#14187,#3232);
#2337=LINE('',#14189,#3233);
#2338=LINE('',#14191,#3234);
#2339=LINE('',#14193,#3235);
#2340=LINE('',#14194,#3236);
#2341=LINE('',#14198,#3237);
#2342=LINE('',#14200,#3238);
#2343=LINE('',#14202,#3239);
#2344=LINE('',#14203,#3240);
#2345=LINE('',#14205,#3241);
#2346=LINE('',#14206,#3242);
#2347=LINE('',#14209,#3243);
#2348=LINE('',#14211,#3244);
#2349=LINE('',#14212,#3245);
#2350=LINE('',#14214,#3246);
#2351=LINE('',#14217,#3247);
#2352=LINE('',#14219,#3248);
#2353=LINE('',#14220,#3249);
#2354=LINE('',#14222,#3250);
#2355=LINE('',#14226,#3251);
#2356=LINE('',#14227,#3252);
#2357=LINE('',#14228,#3253);
#2358=LINE('',#14230,#3254);
#2359=LINE('',#14231,#3255);
#2360=LINE('',#14241,#3256);
#2361=LINE('',#14243,#3257);
#2362=LINE('',#14245,#3258);
#2363=LINE('',#14246,#3259);
#2364=LINE('',#14248,#3260);
#2365=LINE('',#14250,#3261);
#2366=LINE('',#14251,#3262);
#2367=LINE('',#14252,#3263);
#2368=LINE('',#14258,#3264);
#2369=LINE('',#14262,#3265);
#2370=LINE('',#14266,#3266);
#2371=LINE('',#14270,#3267);
#2372=LINE('',#14274,#3268);
#2373=LINE('',#14279,#3269);
#2374=LINE('',#14281,#3270);
#2375=LINE('',#14283,#3271);
#2376=LINE('',#14285,#3272);
#2377=LINE('',#14287,#3273);
#2378=LINE('',#14289,#3274);
#2379=LINE('',#14291,#3275);
#2380=LINE('',#14293,#3276);
#2381=LINE('',#14295,#3277);
#2382=LINE('',#14297,#3278);
#2383=LINE('',#14299,#3279);
#2384=LINE('',#14300,#3280);
#2385=LINE('',#14312,#3281);
#2386=LINE('',#14314,#3282);
#2387=LINE('',#14316,#3283);
#2388=LINE('',#14317,#3284);
#2389=LINE('',#14329,#3285);
#2390=LINE('',#14331,#3286);
#2391=LINE('',#14338,#3287);
#2392=LINE('',#14347,#3288);
#2393=LINE('',#14356,#3289);
#2394=LINE('',#14365,#3290);
#2395=LINE('',#14369,#3291);
#2396=LINE('',#14375,#3292);
#2397=LINE('',#14378,#3293);
#2398=LINE('',#14380,#3294);
#2399=LINE('',#14384,#3295);
#2400=LINE('',#14386,#3296);
#2401=LINE('',#14390,#3297);
#2402=LINE('',#14392,#3298);
#2403=LINE('',#14394,#3299);
#2404=LINE('',#14395,#3300);
#2405=LINE('',#14410,#3301);
#2406=LINE('',#14417,#3302);
#2407=LINE('',#14419,#3303);
#2408=LINE('',#14420,#3304);
#2409=LINE('',#14435,#3305);
#2410=LINE('',#14442,#3306);
#2411=LINE('',#14444,#3307);
#2412=LINE('',#14445,#3308);
#2413=LINE('',#14460,#3309);
#2414=LINE('',#14479,#3310);
#2415=LINE('',#14498,#3311);
#2416=LINE('',#14505,#3312);
#2417=LINE('',#14507,#3313);
#2418=LINE('',#14508,#3314);
#2419=LINE('',#14523,#3315);
#2420=LINE('',#14546,#3316);
#2421=LINE('',#14565,#3317);
#2422=LINE('',#14568,#3318);
#2423=LINE('',#14570,#3319);
#2424=LINE('',#14571,#3320);
#2425=LINE('',#14590,#3321);
#2426=LINE('',#14593,#3322);
#2427=LINE('',#14595,#3323);
#2428=LINE('',#14596,#3324);
#2429=LINE('',#14615,#3325);
#2430=LINE('',#14618,#3326);
#2431=LINE('',#14620,#3327);
#2432=LINE('',#14621,#3328);
#2433=LINE('',#14640,#3329);
#2434=LINE('',#14642,#3330);
#2435=LINE('',#14643,#3331);
#2436=LINE('',#14654,#3332);
#2437=LINE('',#14660,#3333);
#2438=LINE('',#14674,#3334);
#2439=LINE('',#14688,#3335);
#2440=LINE('',#14704,#3336);
#2441=LINE('',#14706,#3337);
#2442=LINE('',#14707,#3338);
#2443=LINE('',#14710,#3339);
#2444=LINE('',#14711,#3340);
#2445=LINE('',#14714,#3341);
#2446=LINE('',#14715,#3342);
#2447=LINE('',#14732,#3343);
#2448=LINE('',#14749,#3344);
#2449=LINE('',#14752,#3345);
#2450=LINE('',#14753,#3346);
#2451=LINE('',#14756,#3347);
#2452=LINE('',#14757,#3348);
#2453=LINE('',#14760,#3349);
#2454=LINE('',#14761,#3350);
#2455=LINE('',#14764,#3351);
#2456=LINE('',#14765,#3352);
#2457=LINE('',#14768,#3353);
#2458=LINE('',#14769,#3354);
#2459=LINE('',#14772,#3355);
#2460=LINE('',#14773,#3356);
#2461=LINE('',#14776,#3357);
#2462=LINE('',#14777,#3358);
#2463=LINE('',#14780,#3359);
#2464=LINE('',#14781,#3360);
#2465=LINE('',#14784,#3361);
#2466=LINE('',#14785,#3362);
#2467=LINE('',#14787,#3363);
#2468=LINE('',#14792,#3364);
#2469=LINE('',#14794,#3365);
#2470=LINE('',#14796,#3366);
#2471=LINE('',#14797,#3367);
#2472=LINE('',#14820,#3368);
#2473=LINE('',#14843,#3369);
#2474=LINE('',#14866,#3370);
#2475=LINE('',#14889,#3371);
#2476=LINE('',#14912,#3372);
#2477=LINE('',#14935,#3373);
#2478=LINE('',#14958,#3374);
#2479=LINE('',#14961,#3375);
#2480=LINE('',#14963,#3376);
#2481=LINE('',#14964,#3377);
#2482=LINE('',#14966,#3378);
#2483=LINE('',#14967,#3379);
#2484=LINE('',#14970,#3380);
#2485=LINE('',#14972,#3381);
#2486=LINE('',#14973,#3382);
#2487=LINE('',#14976,#3383);
#2488=LINE('',#14977,#3384);
#2489=LINE('',#14994,#3385);
#2490=LINE('',#15011,#3386);
#2491=LINE('',#15028,#3387);
#2492=LINE('',#15045,#3388);
#2493=LINE('',#15062,#3389);
#2494=LINE('',#15079,#3390);
#2495=LINE('',#15096,#3391);
#2496=LINE('',#15113,#3392);
#2497=LINE('',#15130,#3393);
#2498=LINE('',#15132,#3394);
#2499=LINE('',#15137,#3395);
#2500=LINE('',#15139,#3396);
#2501=LINE('',#15140,#3397);
#2502=LINE('',#15143,#3398);
#2503=LINE('',#15144,#3399);
#2504=LINE('',#15147,#3400);
#2505=LINE('',#15148,#3401);
#2506=LINE('',#15151,#3402);
#2507=LINE('',#15152,#3403);
#2508=LINE('',#15155,#3404);
#2509=LINE('',#15156,#3405);
#2510=LINE('',#15158,#3406);
#2511=LINE('',#15163,#3407);
#2512=LINE('',#15165,#3408);
#2513=LINE('',#15167,#3409);
#2514=LINE('',#15168,#3410);
#2515=LINE('',#15191,#3411);
#2516=LINE('',#15214,#3412);
#2517=LINE('',#15237,#3413);
#2518=LINE('',#15260,#3414);
#2519=LINE('',#15283,#3415);
#2520=LINE('',#15286,#3416);
#2521=LINE('',#15288,#3417);
#2522=LINE('',#15289,#3418);
#2523=LINE('',#15291,#3419);
#2524=LINE('',#15292,#3420);
#2525=LINE('',#15295,#3421);
#2526=LINE('',#15297,#3422);
#2527=LINE('',#15298,#3423);
#2528=LINE('',#15301,#3424);
#2529=LINE('',#15302,#3425);
#2530=LINE('',#15319,#3426);
#2531=LINE('',#15336,#3427);
#2532=LINE('',#15353,#3428);
#2533=LINE('',#15370,#3429);
#2534=LINE('',#15387,#3430);
#2535=LINE('',#15404,#3431);
#2536=LINE('',#15421,#3432);
#2537=LINE('',#15424,#3433);
#2538=LINE('',#15425,#3434);
#2539=LINE('',#15428,#3435);
#2540=LINE('',#15429,#3436);
#2541=LINE('',#15432,#3437);
#2542=LINE('',#15433,#3438);
#2543=LINE('',#15450,#3439);
#2544=LINE('',#15467,#3440);
#2545=LINE('',#15484,#3441);
#2546=LINE('',#15501,#3442);
#2547=LINE('',#15504,#3443);
#2548=LINE('',#15505,#3444);
#2549=LINE('',#15508,#3445);
#2550=LINE('',#15509,#3446);
#2551=LINE('',#15511,#3447);
#2552=LINE('',#15517,#3448);
#2553=LINE('',#15519,#3449);
#2554=LINE('',#15521,#3450);
#2555=LINE('',#15522,#3451);
#2556=LINE('',#15545,#3452);
#2557=LINE('',#15568,#3453);
#2558=LINE('',#15591,#3454);
#2559=LINE('',#15614,#3455);
#2560=LINE('',#15637,#3456);
#2561=LINE('',#15640,#3457);
#2562=LINE('',#15642,#3458);
#2563=LINE('',#15643,#3459);
#2564=LINE('',#15645,#3460);
#2565=LINE('',#15646,#3461);
#2566=LINE('',#15649,#3462);
#2567=LINE('',#15651,#3463);
#2568=LINE('',#15652,#3464);
#2569=LINE('',#15655,#3465);
#2570=LINE('',#15656,#3466);
#2571=LINE('',#15673,#3467);
#2572=LINE('',#15690,#3468);
#2573=LINE('',#15707,#3469);
#2574=LINE('',#15724,#3470);
#2575=LINE('',#15741,#3471);
#2576=LINE('',#15758,#3472);
#2577=LINE('',#15775,#3473);
#2578=LINE('',#15778,#3474);
#2579=LINE('',#15779,#3475);
#2580=LINE('',#15782,#3476);
#2581=LINE('',#15783,#3477);
#2582=LINE('',#15786,#3478);
#2583=LINE('',#15787,#3479);
#2584=LINE('',#15804,#3480);
#2585=LINE('',#15821,#3481);
#2586=LINE('',#15838,#3482);
#2587=LINE('',#15855,#3483);
#2588=LINE('',#15858,#3484);
#2589=LINE('',#15859,#3485);
#2590=LINE('',#15862,#3486);
#2591=LINE('',#15863,#3487);
#2592=LINE('',#15865,#3488);
#2593=LINE('',#15870,#3489);
#2594=LINE('',#15872,#3490);
#2595=LINE('',#15873,#3491);
#2596=LINE('',#15876,#3492);
#2597=LINE('',#15877,#3493);
#2598=LINE('',#15880,#3494);
#2599=LINE('',#15881,#3495);
#2600=LINE('',#15898,#3496);
#2601=LINE('',#15915,#3497);
#2602=LINE('',#15918,#3498);
#2603=LINE('',#15919,#3499);
#2604=LINE('',#15922,#3500);
#2605=LINE('',#15923,#3501);
#2606=LINE('',#15926,#3502);
#2607=LINE('',#15927,#3503);
#2608=LINE('',#15929,#3504);
#2609=LINE('',#15933,#3505);
#2610=LINE('',#15935,#3506);
#2611=LINE('',#15936,#3507);
#2612=LINE('',#15939,#3508);
#2613=LINE('',#15940,#3509);
#2614=LINE('',#15943,#3510);
#2615=LINE('',#15944,#3511);
#2616=LINE('',#15961,#3512);
#2617=LINE('',#15978,#3513);
#2618=LINE('',#15995,#3514);
#2619=LINE('',#16012,#3515);
#2620=LINE('',#16029,#3516);
#2621=LINE('',#16046,#3517);
#2622=LINE('',#16063,#3518);
#2623=LINE('',#16080,#3519);
#2624=LINE('',#16097,#3520);
#2625=LINE('',#16114,#3521);
#2626=LINE('',#16131,#3522);
#2627=LINE('',#16134,#3523);
#2628=LINE('',#16135,#3524);
#2629=LINE('',#16152,#3525);
#2630=LINE('',#16169,#3526);
#2631=LINE('',#16186,#3527);
#2632=LINE('',#16203,#3528);
#2633=LINE('',#16220,#3529);
#2634=LINE('',#16237,#3530);
#2635=LINE('',#16254,#3531);
#2636=LINE('',#16271,#3532);
#2637=LINE('',#16288,#3533);
#2638=LINE('',#16305,#3534);
#2639=LINE('',#16322,#3535);
#2640=LINE('',#16339,#3536);
#2641=LINE('',#16342,#3537);
#2642=LINE('',#16343,#3538);
#2643=LINE('',#16345,#3539);
#2644=LINE('',#16349,#3540);
#2645=LINE('',#16351,#3541);
#2646=LINE('',#16352,#3542);
#2647=LINE('',#16355,#3543);
#2648=LINE('',#16356,#3544);
#2649=LINE('',#16359,#3545);
#2650=LINE('',#16360,#3546);
#2651=LINE('',#16363,#3547);
#2652=LINE('',#16364,#3548);
#2653=LINE('',#16367,#3549);
#2654=LINE('',#16368,#3550);
#2655=LINE('',#16371,#3551);
#2656=LINE('',#16372,#3552);
#2657=LINE('',#16375,#3553);
#2658=LINE('',#16376,#3554);
#2659=LINE('',#16378,#3555);
#2660=LINE('',#16398,#3556);
#2661=LINE('',#16405,#3557);
#2662=LINE('',#16428,#3558);
#2663=LINE('',#16451,#3559);
#2664=LINE('',#16474,#3560);
#2665=LINE('',#16497,#3561);
#2666=LINE('',#16520,#3562);
#2667=LINE('',#16543,#3563);
#2668=LINE('',#16566,#3564);
#2669=LINE('',#16598,#3565);
#2670=LINE('',#16605,#3566);
#2671=LINE('',#16622,#3567);
#2672=LINE('',#16639,#3568);
#2673=LINE('',#16656,#3569);
#2674=LINE('',#16673,#3570);
#2675=LINE('',#16690,#3571);
#2676=LINE('',#16707,#3572);
#2677=LINE('',#16724,#3573);
#2678=LINE('',#16741,#3574);
#2679=LINE('',#16758,#3575);
#2680=LINE('',#16779,#3576);
#2681=LINE('',#16781,#3577);
#2682=LINE('',#16783,#3578);
#2683=LINE('',#16784,#3579);
#2684=LINE('',#16787,#3580);
#2685=LINE('',#16789,#3581);
#2686=LINE('',#16790,#3582);
#2687=LINE('',#16813,#3583);
#2688=LINE('',#16836,#3584);
#2689=LINE('',#16838,#3585);
#2690=LINE('',#16839,#3586);
#2691=LINE('',#16842,#3587);
#2692=LINE('',#16844,#3588);
#2693=LINE('',#16845,#3589);
#2694=LINE('',#16848,#3590);
#2695=LINE('',#16849,#3591);
#2696=LINE('',#16852,#3592);
#2697=LINE('',#16853,#3593);
#2698=LINE('',#16856,#3594);
#2699=LINE('',#16857,#3595);
#2700=LINE('',#16860,#3596);
#2701=LINE('',#16861,#3597);
#2702=LINE('',#16864,#3598);
#2703=LINE('',#16865,#3599);
#2704=LINE('',#16868,#3600);
#2705=LINE('',#16869,#3601);
#2706=LINE('',#16871,#3602);
#2707=LINE('',#16876,#3603);
#2708=LINE('',#16878,#3604);
#2709=LINE('',#16879,#3605);
#2710=LINE('',#16882,#3606);
#2711=LINE('',#16883,#3607);
#2712=LINE('',#16886,#3608);
#2713=LINE('',#16887,#3609);
#2714=LINE('',#16889,#3610);
#2715=LINE('',#16894,#3611);
#2716=LINE('',#16896,#3612);
#2717=LINE('',#16898,#3613);
#2718=LINE('',#16899,#3614);
#2719=LINE('',#16902,#3615);
#2720=LINE('',#16904,#3616);
#2721=LINE('',#16905,#3617);
#2722=LINE('',#16928,#3618);
#2723=LINE('',#16951,#3619);
#2724=LINE('',#16953,#3620);
#2725=LINE('',#16954,#3621);
#2726=LINE('',#16957,#3622);
#2727=LINE('',#16959,#3623);
#2728=LINE('',#16960,#3624);
#2729=LINE('',#16963,#3625);
#2730=LINE('',#16964,#3626);
#2731=LINE('',#16967,#3627);
#2732=LINE('',#16968,#3628);
#2733=LINE('',#16971,#3629);
#2734=LINE('',#16972,#3630);
#2735=LINE('',#16975,#3631);
#2736=LINE('',#16976,#3632);
#2737=LINE('',#16979,#3633);
#2738=LINE('',#16980,#3634);
#2739=LINE('',#16983,#3635);
#2740=LINE('',#16984,#3636);
#2741=LINE('',#16986,#3637);
#2742=LINE('',#16991,#3638);
#2743=LINE('',#16993,#3639);
#2744=LINE('',#16994,#3640);
#2745=LINE('',#16997,#3641);
#2746=LINE('',#16998,#3642);
#2747=LINE('',#17001,#3643);
#2748=LINE('',#17002,#3644);
#2749=LINE('',#17005,#3645);
#2750=LINE('',#17006,#3646);
#2751=LINE('',#17009,#3647);
#2752=LINE('',#17010,#3648);
#2753=LINE('',#17013,#3649);
#2754=LINE('',#17014,#3650);
#2755=LINE('',#17017,#3651);
#2756=LINE('',#17018,#3652);
#2757=LINE('',#17021,#3653);
#2758=LINE('',#17022,#3654);
#2759=LINE('',#17025,#3655);
#2760=LINE('',#17026,#3656);
#2761=LINE('',#17028,#3657);
#2762=LINE('',#17033,#3658);
#2763=LINE('',#17035,#3659);
#2764=LINE('',#17037,#3660);
#2765=LINE('',#17038,#3661);
#2766=LINE('',#17041,#3662);
#2767=LINE('',#17043,#3663);
#2768=LINE('',#17044,#3664);
#2769=LINE('',#17067,#3665);
#2770=LINE('',#17090,#3666);
#2771=LINE('',#17092,#3667);
#2772=LINE('',#17093,#3668);
#2773=LINE('',#17096,#3669);
#2774=LINE('',#17098,#3670);
#2775=LINE('',#17099,#3671);
#2776=LINE('',#17102,#3672);
#2777=LINE('',#17103,#3673);
#2778=LINE('',#17106,#3674);
#2779=LINE('',#17107,#3675);
#2780=LINE('',#17110,#3676);
#2781=LINE('',#17111,#3677);
#2782=LINE('',#17114,#3678);
#2783=LINE('',#17115,#3679);
#2784=LINE('',#17118,#3680);
#2785=LINE('',#17119,#3681);
#2786=LINE('',#17122,#3682);
#2787=LINE('',#17123,#3683);
#2788=LINE('',#17125,#3684);
#2789=LINE('',#17130,#3685);
#2790=LINE('',#17132,#3686);
#2791=LINE('',#17133,#3687);
#2792=LINE('',#17136,#3688);
#2793=LINE('',#17137,#3689);
#2794=LINE('',#17154,#3690);
#2795=LINE('',#17171,#3691);
#2796=LINE('',#17188,#3692);
#2797=LINE('',#17205,#3693);
#2798=LINE('',#17222,#3694);
#2799=LINE('',#17239,#3695);
#2800=LINE('',#17242,#3696);
#2801=LINE('',#17243,#3697);
#2802=LINE('',#17246,#3698);
#2803=LINE('',#17247,#3699);
#2804=LINE('',#17250,#3700);
#2805=LINE('',#17251,#3701);
#2806=LINE('',#17268,#3702);
#2807=LINE('',#17285,#3703);
#2808=LINE('',#17302,#3704);
#2809=LINE('',#17319,#3705);
#2810=LINE('',#17336,#3706);
#2811=LINE('',#17338,#3707);
#2812=LINE('',#17358,#3708);
#2813=LINE('',#17365,#3709);
#2814=LINE('',#17388,#3710);
#2815=LINE('',#17411,#3711);
#2816=LINE('',#17434,#3712);
#2817=LINE('',#17457,#3713);
#2818=LINE('',#17480,#3714);
#2819=LINE('',#17503,#3715);
#2820=LINE('',#17526,#3716);
#2821=LINE('',#17558,#3717);
#2822=LINE('',#17565,#3718);
#2823=LINE('',#17582,#3719);
#2824=LINE('',#17599,#3720);
#2825=LINE('',#17616,#3721);
#2826=LINE('',#17633,#3722);
#2827=LINE('',#17650,#3723);
#2828=LINE('',#17667,#3724);
#2829=LINE('',#17684,#3725);
#2830=LINE('',#17701,#3726);
#2831=LINE('',#17718,#3727);
#2832=LINE('',#17737,#3728);
#2833=LINE('',#17739,#3729);
#2834=LINE('',#17743,#3730);
#2835=LINE('',#17745,#3731);
#2836=LINE('',#17747,#3732);
#2837=LINE('',#17748,#3733);
#2838=LINE('',#17750,#3734);
#2839=LINE('',#17752,#3735);
#2840=LINE('',#17754,#3736);
#2841=LINE('',#17755,#3737);
#2842=LINE('',#17758,#3738);
#2843=LINE('',#17759,#3739);
#2844=LINE('',#17762,#3740);
#2845=LINE('',#17763,#3741);
#2846=LINE('',#17766,#3742);
#2847=LINE('',#17767,#3743);
#2848=LINE('',#17770,#3744);
#2849=LINE('',#17771,#3745);
#2850=LINE('',#17773,#3746);
#2851=LINE('',#17775,#3747);
#2852=LINE('',#17777,#3748);
#2853=LINE('',#17778,#3749);
#2854=LINE('',#17782,#3750);
#2855=LINE('',#17785,#3751);
#2856=LINE('',#17788,#3752);
#2857=LINE('',#17792,#3753);
#2858=LINE('',#17794,#3754);
#2859=LINE('',#17796,#3755);
#2860=LINE('',#17798,#3756);
#2861=LINE('',#17799,#3757);
#2862=LINE('',#17811,#3758);
#2863=LINE('',#17814,#3759);
#2864=LINE('',#17817,#3760);
#2865=LINE('',#17821,#3761);
#2866=LINE('',#17823,#3762);
#2867=LINE('',#17826,#3763);
#2868=LINE('',#17829,#3764);
#2869=LINE('',#17831,#3765);
#2870=LINE('',#17832,#3766);
#2871=LINE('',#17833,#3767);
#2872=LINE('',#17841,#3768);
#2873=LINE('',#17858,#3769);
#2874=LINE('',#17868,#3770);
#2875=LINE('',#17874,#3771);
#2876=LINE('',#17878,#3772);
#2877=LINE('',#17880,#3773);
#2878=LINE('',#17881,#3774);
#2879=LINE('',#17884,#3775);
#2880=LINE('',#17886,#3776);
#2881=LINE('',#17888,#3777);
#2882=LINE('',#17890,#3778);
#2883=LINE('',#17894,#3779);
#2884=LINE('',#17896,#3780);
#2885=LINE('',#17898,#3781);
#2886=LINE('',#17899,#3782);
#2887=LINE('',#17902,#3783);
#2888=LINE('',#17904,#3784);
#2889=LINE('',#17909,#3785);
#2890=LINE('',#17915,#3786);
#2891=LINE('',#17919,#3787);
#2892=VECTOR('',#10171,1.5);
#2893=VECTOR('',#10174,10.);
#2894=VECTOR('',#10177,1.5);
#2895=VECTOR('',#10178,10.);
#2896=VECTOR('',#10181,10.);
#2897=VECTOR('',#10188,1.);
#2898=VECTOR('',#10195,1.00000000000001);
#2899=VECTOR('',#10202,0.999999999999996);
#2900=VECTOR('',#10209,0.999999999999996);
#2901=VECTOR('',#10216,0.999999999999996);
#2902=VECTOR('',#10223,1.00000000000001);
#2903=VECTOR('',#10228,10.);
#2904=VECTOR('',#10231,10.);
#2905=VECTOR('',#10236,10.);
#2906=VECTOR('',#10237,10.);
#2907=VECTOR('',#10238,10.);
#2908=VECTOR('',#10241,10.);
#2909=VECTOR('',#10242,10.);
#2910=VECTOR('',#10245,10.);
#2911=VECTOR('',#10248,10.);
#2912=VECTOR('',#10251,10.);
#2913=VECTOR('',#10254,10.);
#2914=VECTOR('',#10257,10.);
#2915=VECTOR('',#10260,10.);
#2916=VECTOR('',#10263,10.);
#2917=VECTOR('',#10266,10.);
#2918=VECTOR('',#10273,10.);
#2919=VECTOR('',#10274,10.);
#2920=VECTOR('',#10277,10.);
#2921=VECTOR('',#10284,10.);
#2922=VECTOR('',#10287,10.);
#2923=VECTOR('',#10298,10.);
#2924=VECTOR('',#10299,10.);
#2925=VECTOR('',#10302,10.);
#2926=VECTOR('',#10303,10.);
#2927=VECTOR('',#10306,10.);
#2928=VECTOR('',#10319,10.);
#2929=VECTOR('',#10320,10.);
#2930=VECTOR('',#10327,10.);
#2931=VECTOR('',#10328,10.);
#2932=VECTOR('',#10335,10.);
#2933=VECTOR('',#10338,10.);
#2934=VECTOR('',#10341,10.);
#2935=VECTOR('',#10344,10.);
#2936=VECTOR('',#10347,10.);
#2937=VECTOR('',#10348,10.);
#2938=VECTOR('',#10349,10.);
#2939=VECTOR('',#10350,10.);
#2940=VECTOR('',#10353,10.);
#2941=VECTOR('',#10354,10.);
#2942=VECTOR('',#10355,10.);
#2943=VECTOR('',#10356,10.);
#2944=VECTOR('',#10357,10.);
#2945=VECTOR('',#10360,10.);
#2946=VECTOR('',#10361,10.);
#2947=VECTOR('',#10362,10.);
#2948=VECTOR('',#10367,10.);
#2949=VECTOR('',#10368,10.);
#2950=VECTOR('',#10369,10.);
#2951=VECTOR('',#10372,10.);
#2952=VECTOR('',#10373,10.);
#2953=VECTOR('',#10386,10.);
#2954=VECTOR('',#10387,10.);
#2955=VECTOR('',#10390,10.);
#2956=VECTOR('',#10391,10.);
#2957=VECTOR('',#10392,10.);
#2958=VECTOR('',#10395,10.);
#2959=VECTOR('',#10396,10.);
#2960=VECTOR('',#10399,10.);
#2961=VECTOR('',#10400,10.);
#2962=VECTOR('',#10427,10.);
#2963=VECTOR('',#10430,10.);
#2964=VECTOR('',#10431,10.);
#2965=VECTOR('',#10436,10.);
#2966=VECTOR('',#10439,10.);
#2967=VECTOR('',#10446,10.);
#2968=VECTOR('',#10447,10.);
#2969=VECTOR('',#10448,10.);
#2970=VECTOR('',#10449,10.);
#2971=VECTOR('',#10450,10.);
#2972=VECTOR('',#10451,10.);
#2973=VECTOR('',#10452,10.);
#2974=VECTOR('',#10459,10.);
#2975=VECTOR('',#10460,10.);
#2976=VECTOR('',#10461,10.);
#2977=VECTOR('',#10462,10.);
#2978=VECTOR('',#10463,10.);
#2979=VECTOR('',#10464,10.);
#2980=VECTOR('',#10467,10.);
#2981=VECTOR('',#10468,10.);
#2982=VECTOR('',#10469,10.);
#2983=VECTOR('',#10470,10.);
#2984=VECTOR('',#10471,10.);
#2985=VECTOR('',#10472,10.);
#2986=VECTOR('',#10475,10.);
#2987=VECTOR('',#10476,10.);
#2988=VECTOR('',#10477,10.);
#2989=VECTOR('',#10478,10.);
#2990=VECTOR('',#10479,10.);
#2991=VECTOR('',#10480,10.);
#2992=VECTOR('',#10481,10.);
#2993=VECTOR('',#10482,10.);
#2994=VECTOR('',#10491,10.);
#2995=VECTOR('',#10492,10.);
#2996=VECTOR('',#10493,10.);
#2997=VECTOR('',#10494,10.);
#2998=VECTOR('',#10495,10.);
#2999=VECTOR('',#10496,10.);
#3000=VECTOR('',#10497,10.);
#3001=VECTOR('',#10508,10.);
#3002=VECTOR('',#10509,10.);
#3003=VECTOR('',#10510,10.);
#3004=VECTOR('',#10513,10.);
#3005=VECTOR('',#10514,10.);
#3006=VECTOR('',#10515,10.);
#3007=VECTOR('',#10516,10.);
#3008=VECTOR('',#10517,10.);
#3009=VECTOR('',#10520,10.);
#3010=VECTOR('',#10521,10.);
#3011=VECTOR('',#10522,10.);
#3012=VECTOR('',#10523,10.);
#3013=VECTOR('',#10524,10.);
#3014=VECTOR('',#10527,10.);
#3015=VECTOR('',#10528,10.);
#3016=VECTOR('',#10529,10.);
#3017=VECTOR('',#10530,10.);
#3018=VECTOR('',#10533,10.);
#3019=VECTOR('',#10534,10.);
#3020=VECTOR('',#10535,10.);
#3021=VECTOR('',#10538,10.);
#3022=VECTOR('',#10539,10.);
#3023=VECTOR('',#10540,10.);
#3024=VECTOR('',#10543,10.);
#3025=VECTOR('',#10544,10.);
#3026=VECTOR('',#10545,10.);
#3027=VECTOR('',#10546,10.);
#3028=VECTOR('',#10547,10.);
#3029=VECTOR('',#10550,10.);
#3030=VECTOR('',#10551,10.);
#3031=VECTOR('',#10554,10.);
#3032=VECTOR('',#10555,10.);
#3033=VECTOR('',#10556,10.);
#3034=VECTOR('',#10559,10.);
#3035=VECTOR('',#10560,10.);
#3036=VECTOR('',#10561,10.);
#3037=VECTOR('',#10562,10.);
#3038=VECTOR('',#10565,10.);
#3039=VECTOR('',#10566,10.);
#3040=VECTOR('',#10567,10.);
#3041=VECTOR('',#10570,10.);
#3042=VECTOR('',#10571,10.);
#3043=VECTOR('',#10574,10.);
#3044=VECTOR('',#10575,10.);
#3045=VECTOR('',#10578,10.);
#3046=VECTOR('',#10579,10.);
#3047=VECTOR('',#10580,10.);
#3048=VECTOR('',#10581,10.);
#3049=VECTOR('',#10584,10.);
#3050=VECTOR('',#10589,10.);
#3051=VECTOR('',#10590,10.);
#3052=VECTOR('',#10591,10.);
#3053=VECTOR('',#10592,10.);
#3054=VECTOR('',#10593,10.);
#3055=VECTOR('',#10594,10.);
#3056=VECTOR('',#10595,10.);
#3057=VECTOR('',#10596,10.);
#3058=VECTOR('',#10597,10.);
#3059=VECTOR('',#10598,10.);
#3060=VECTOR('',#10599,10.);
#3061=VECTOR('',#10602,10.);
#3062=VECTOR('',#10603,10.);
#3063=VECTOR('',#10604,10.);
#3064=VECTOR('',#10605,10.);
#3065=VECTOR('',#10606,10.);
#3066=VECTOR('',#10607,10.);
#3067=VECTOR('',#10608,10.);
#3068=VECTOR('',#10609,10.);
#3069=VECTOR('',#10610,10.);
#3070=VECTOR('',#10611,10.);
#3071=VECTOR('',#10612,10.);
#3072=VECTOR('',#10613,10.);
#3073=VECTOR('',#10614,10.);
#3074=VECTOR('',#10615,10.);
#3075=VECTOR('',#10616,10.);
#3076=VECTOR('',#10617,10.);
#3077=VECTOR('',#10618,10.);
#3078=VECTOR('',#10619,10.);
#3079=VECTOR('',#10620,10.);
#3080=VECTOR('',#10621,10.);
#3081=VECTOR('',#10622,10.);
#3082=VECTOR('',#10623,10.);
#3083=VECTOR('',#10624,10.);
#3084=VECTOR('',#10625,10.);
#3085=VECTOR('',#10626,10.);
#3086=VECTOR('',#10627,10.);
#3087=VECTOR('',#10628,10.);
#3088=VECTOR('',#10629,10.);
#3089=VECTOR('',#10630,10.);
#3090=VECTOR('',#10631,10.);
#3091=VECTOR('',#10632,10.);
#3092=VECTOR('',#10633,10.);
#3093=VECTOR('',#10634,10.);
#3094=VECTOR('',#10635,10.);
#3095=VECTOR('',#10636,10.);
#3096=VECTOR('',#10637,10.);
#3097=VECTOR('',#10638,10.);
#3098=VECTOR('',#10639,10.);
#3099=VECTOR('',#10640,10.);
#3100=VECTOR('',#10641,10.);
#3101=VECTOR('',#10642,10.);
#3102=VECTOR('',#10643,10.);
#3103=VECTOR('',#10644,10.);
#3104=VECTOR('',#10645,10.);
#3105=VECTOR('',#10646,10.);
#3106=VECTOR('',#10647,10.);
#3107=VECTOR('',#10648,10.);
#3108=VECTOR('',#10649,10.);
#3109=VECTOR('',#10650,10.);
#3110=VECTOR('',#10659,10.);
#3111=VECTOR('',#10660,10.);
#3112=VECTOR('',#10661,10.);
#3113=VECTOR('',#10662,10.);
#3114=VECTOR('',#10663,10.);
#3115=VECTOR('',#10664,10.);
#3116=VECTOR('',#10665,10.);
#3117=VECTOR('',#10666,10.);
#3118=VECTOR('',#10667,10.);
#3119=VECTOR('',#10668,10.);
#3120=VECTOR('',#10669,10.);
#3121=VECTOR('',#10670,10.);
#3122=VECTOR('',#10671,10.);
#3123=VECTOR('',#10672,10.);
#3124=VECTOR('',#10673,10.);
#3125=VECTOR('',#10674,10.);
#3126=VECTOR('',#10675,10.);
#3127=VECTOR('',#10676,10.);
#3128=VECTOR('',#10677,10.);
#3129=VECTOR('',#10678,10.);
#3130=VECTOR('',#10679,10.);
#3131=VECTOR('',#10680,10.);
#3132=VECTOR('',#10681,10.);
#3133=VECTOR('',#10682,10.);
#3134=VECTOR('',#10683,10.);
#3135=VECTOR('',#10684,10.);
#3136=VECTOR('',#10685,10.);
#3137=VECTOR('',#10686,10.);
#3138=VECTOR('',#10687,10.);
#3139=VECTOR('',#10688,10.);
#3140=VECTOR('',#10689,10.);
#3141=VECTOR('',#10690,10.);
#3142=VECTOR('',#10691,10.);
#3143=VECTOR('',#10692,10.);
#3144=VECTOR('',#10693,10.);
#3145=VECTOR('',#10694,10.);
#3146=VECTOR('',#10695,10.);
#3147=VECTOR('',#10696,10.);
#3148=VECTOR('',#10697,10.);
#3149=VECTOR('',#10698,10.);
#3150=VECTOR('',#10699,10.);
#3151=VECTOR('',#10700,10.);
#3152=VECTOR('',#10701,10.);
#3153=VECTOR('',#10702,10.);
#3154=VECTOR('',#10703,10.);
#3155=VECTOR('',#10704,10.);
#3156=VECTOR('',#10705,10.);
#3157=VECTOR('',#10706,10.);
#3158=VECTOR('',#10707,10.);
#3159=VECTOR('',#10708,10.);
#3160=VECTOR('',#10709,10.);
#3161=VECTOR('',#10710,10.);
#3162=VECTOR('',#10711,10.);
#3163=VECTOR('',#10712,10.);
#3164=VECTOR('',#10713,10.);
#3165=VECTOR('',#10714,10.);
#3166=VECTOR('',#10715,10.);
#3167=VECTOR('',#10716,10.);
#3168=VECTOR('',#10717,10.);
#3169=VECTOR('',#10720,10.);
#3170=VECTOR('',#10721,10.);
#3171=VECTOR('',#10722,10.);
#3172=VECTOR('',#10723,10.);
#3173=VECTOR('',#10724,10.);
#3174=VECTOR('',#10725,10.);
#3175=VECTOR('',#10726,10.);
#3176=VECTOR('',#10727,10.);
#3177=VECTOR('',#10728,10.);
#3178=VECTOR('',#10729,10.);
#3179=VECTOR('',#10730,10.);
#3180=VECTOR('',#10731,10.);
#3181=VECTOR('',#10740,10.);
#3182=VECTOR('',#10741,10.);
#3183=VECTOR('',#10744,10.);
#3184=VECTOR('',#10745,10.);
#3185=VECTOR('',#10750,10.);
#3186=VECTOR('',#10751,10.);
#3187=VECTOR('',#10754,10.);
#3188=VECTOR('',#10755,10.);
#3189=VECTOR('',#10756,10.);
#3190=VECTOR('',#10757,10.);
#3191=VECTOR('',#10758,10.);
#3192=VECTOR('',#10759,10.);
#3193=VECTOR('',#10768,10.);
#3194=VECTOR('',#10769,10.);
#3195=VECTOR('',#10770,10.);
#3196=VECTOR('',#10771,10.);
#3197=VECTOR('',#10774,10.);
#3198=VECTOR('',#10775,10.);
#3199=VECTOR('',#10776,10.);
#3200=VECTOR('',#10779,10.);
#3201=VECTOR('',#10780,10.);
#3202=VECTOR('',#10781,10.);
#3203=VECTOR('',#10782,10.);
#3204=VECTOR('',#10783,10.);
#3205=VECTOR('',#10784,10.);
#3206=VECTOR('',#10785,10.);
#3207=VECTOR('',#10786,10.);
#3208=VECTOR('',#10789,10.);
#3209=VECTOR('',#10792,10.);
#3210=VECTOR('',#10793,10.);
#3211=VECTOR('',#10798,10.);
#3212=VECTOR('',#10799,10.);
#3213=VECTOR('',#10802,10.);
#3214=VECTOR('',#10805,10.);
#3215=VECTOR('',#10810,10.);
#3216=VECTOR('',#10811,10.);
#3217=VECTOR('',#10812,10.);
#3218=VECTOR('',#10813,10.);
#3219=VECTOR('',#10814,10.);
#3220=VECTOR('',#10815,10.);
#3221=VECTOR('',#10826,6.);
#3222=VECTOR('',#10835,10.);
#3223=VECTOR('',#10838,10.);
#3224=VECTOR('',#10843,2.5);
#3225=VECTOR('',#10848,10.);
#3226=VECTOR('',#10849,10.);
#3227=VECTOR('',#10850,10.);
#3228=VECTOR('',#10853,10.);
#3229=VECTOR('',#10854,10.);
#3230=VECTOR('',#10855,10.);
#3231=VECTOR('',#10856,10.);
#3232=VECTOR('',#10857,10.);
#3233=VECTOR('',#10858,10.);
#3234=VECTOR('',#10859,10.);
#3235=VECTOR('',#10860,10.);
#3236=VECTOR('',#10861,10.);
#3237=VECTOR('',#10864,10.);
#3238=VECTOR('',#10865,10.);
#3239=VECTOR('',#10866,10.);
#3240=VECTOR('',#10867,10.);
#3241=VECTOR('',#10870,10.);
#3242=VECTOR('',#10871,10.);
#3243=VECTOR('',#10874,10.);
#3244=VECTOR('',#10875,10.);
#3245=VECTOR('',#10876,10.);
#3246=VECTOR('',#10879,10.);
#3247=VECTOR('',#10882,10.);
#3248=VECTOR('',#10883,10.);
#3249=VECTOR('',#10884,10.);
#3250=VECTOR('',#10887,10.);
#3251=VECTOR('',#10892,10.);
#3252=VECTOR('',#10893,10.);
#3253=VECTOR('',#10894,10.);
#3254=VECTOR('',#10895,10.);
#3255=VECTOR('',#10896,10.);
#3256=VECTOR('',#10907,10.);
#3257=VECTOR('',#10910,10.);
#3258=VECTOR('',#10911,10.);
#3259=VECTOR('',#10912,10.);
#3260=VECTOR('',#10913,10.);
#3261=VECTOR('',#10914,10.);
#3262=VECTOR('',#10915,10.);
#3263=VECTOR('',#10916,10.);
#3264=VECTOR('',#10925,1.5);
#3265=VECTOR('',#10928,10.);
#3266=VECTOR('',#10931,10.);
#3267=VECTOR('',#10934,10.);
#3268=VECTOR('',#10937,10.);
#3269=VECTOR('',#10942,10.);
#3270=VECTOR('',#10943,10.);
#3271=VECTOR('',#10944,10.);
#3272=VECTOR('',#10945,10.);
#3273=VECTOR('',#10946,10.);
#3274=VECTOR('',#10947,10.);
#3275=VECTOR('',#10948,10.);
#3276=VECTOR('',#10949,10.);
#3277=VECTOR('',#10950,10.);
#3278=VECTOR('',#10951,10.);
#3279=VECTOR('',#10952,10.);
#3280=VECTOR('',#10953,10.);
#3281=VECTOR('',#10972,10.);
#3282=VECTOR('',#10973,10.);
#3283=VECTOR('',#10974,10.);
#3284=VECTOR('',#10975,10.);
#3285=VECTOR('',#10990,1.5);
#3286=VECTOR('',#10993,10.);
#3287=VECTOR('',#11002,2.);
#3288=VECTOR('',#11013,2.);
#3289=VECTOR('',#11026,2.);
#3290=VECTOR('',#11039,2.);
#3291=VECTOR('',#11046,1.5);
#3292=VECTOR('',#11057,10.);
#3293=VECTOR('',#11062,6.);
#3294=VECTOR('',#11065,2.);
#3295=VECTOR('',#11070,2.);
#3296=VECTOR('',#11073,6.);
#3297=VECTOR('',#11076,10.);
#3298=VECTOR('',#11077,10.);
#3299=VECTOR('',#11078,10.);
#3300=VECTOR('',#11079,10.);
#3301=VECTOR('',#11080,10.);
#3302=VECTOR('',#11083,10.);
#3303=VECTOR('',#11084,10.);
#3304=VECTOR('',#11085,10.);
#3305=VECTOR('',#11086,10.);
#3306=VECTOR('',#11089,10.);
#3307=VECTOR('',#11090,10.);
#3308=VECTOR('',#11091,10.);
#3309=VECTOR('',#11092,10.);
#3310=VECTOR('',#11093,10.);
#3311=VECTOR('',#11094,10.);
#3312=VECTOR('',#11097,10.);
#3313=VECTOR('',#11098,10.);
#3314=VECTOR('',#11099,10.);
#3315=VECTOR('',#11100,10.);
#3316=VECTOR('',#11101,10.);
#3317=VECTOR('',#11102,10.);
#3318=VECTOR('',#11105,10.);
#3319=VECTOR('',#11106,10.);
#3320=VECTOR('',#11107,10.);
#3321=VECTOR('',#11108,10.);
#3322=VECTOR('',#11111,10.);
#3323=VECTOR('',#11112,10.);
#3324=VECTOR('',#11113,10.);
#3325=VECTOR('',#11114,10.);
#3326=VECTOR('',#11117,10.);
#3327=VECTOR('',#11118,10.);
#3328=VECTOR('',#11119,10.);
#3329=VECTOR('',#11120,10.);
#3330=VECTOR('',#11123,10.);
#3331=VECTOR('',#11124,10.);
#3332=VECTOR('',#11127,10.);
#3333=VECTOR('',#11128,10.);
#3334=VECTOR('',#11129,10.);
#3335=VECTOR('',#11130,10.);
#3336=VECTOR('',#11135,10.);
#3337=VECTOR('',#11136,10.);
#3338=VECTOR('',#11137,10.);
#3339=VECTOR('',#11140,10.);
#3340=VECTOR('',#11141,10.);
#3341=VECTOR('',#11144,10.);
#3342=VECTOR('',#11145,10.);
#3343=VECTOR('',#11146,10.);
#3344=VECTOR('',#11147,10.);
#3345=VECTOR('',#11150,10.);
#3346=VECTOR('',#11151,10.);
#3347=VECTOR('',#11154,10.);
#3348=VECTOR('',#11155,10.);
#3349=VECTOR('',#11158,10.);
#3350=VECTOR('',#11159,10.);
#3351=VECTOR('',#11162,10.);
#3352=VECTOR('',#11163,10.);
#3353=VECTOR('',#11166,10.);
#3354=VECTOR('',#11167,10.);
#3355=VECTOR('',#11170,10.);
#3356=VECTOR('',#11171,10.);
#3357=VECTOR('',#11174,10.);
#3358=VECTOR('',#11175,10.);
#3359=VECTOR('',#11178,10.);
#3360=VECTOR('',#11179,10.);
#3361=VECTOR('',#11182,10.);
#3362=VECTOR('',#11183,10.);
#3363=VECTOR('',#11186,10.);
#3364=VECTOR('',#11191,10.);
#3365=VECTOR('',#11192,10.);
#3366=VECTOR('',#11193,10.);
#3367=VECTOR('',#11194,10.);
#3368=VECTOR('',#11195,10.);
#3369=VECTOR('',#11196,10.);
#3370=VECTOR('',#11197,10.);
#3371=VECTOR('',#11198,10.);
#3372=VECTOR('',#11199,10.);
#3373=VECTOR('',#11200,10.);
#3374=VECTOR('',#11201,10.);
#3375=VECTOR('',#11204,10.);
#3376=VECTOR('',#11205,10.);
#3377=VECTOR('',#11206,10.);
#3378=VECTOR('',#11209,10.);
#3379=VECTOR('',#11210,10.);
#3380=VECTOR('',#11213,10.);
#3381=VECTOR('',#11214,10.);
#3382=VECTOR('',#11215,10.);
#3383=VECTOR('',#11218,10.);
#3384=VECTOR('',#11219,10.);
#3385=VECTOR('',#11220,10.);
#3386=VECTOR('',#11221,10.);
#3387=VECTOR('',#11222,10.);
#3388=VECTOR('',#11223,10.);
#3389=VECTOR('',#11224,10.);
#3390=VECTOR('',#11225,10.);
#3391=VECTOR('',#11226,10.);
#3392=VECTOR('',#11227,10.);
#3393=VECTOR('',#11228,10.);
#3394=VECTOR('',#11231,10.);
#3395=VECTOR('',#11238,10.);
#3396=VECTOR('',#11239,10.);
#3397=VECTOR('',#11240,10.);
#3398=VECTOR('',#11243,10.);
#3399=VECTOR('',#11244,10.);
#3400=VECTOR('',#11247,10.);
#3401=VECTOR('',#11248,10.);
#3402=VECTOR('',#11251,10.);
#3403=VECTOR('',#11252,10.);
#3404=VECTOR('',#11255,10.);
#3405=VECTOR('',#11256,10.);
#3406=VECTOR('',#11259,10.);
#3407=VECTOR('',#11264,10.);
#3408=VECTOR('',#11265,10.);
#3409=VECTOR('',#11266,10.);
#3410=VECTOR('',#11267,10.);
#3411=VECTOR('',#11268,10.);
#3412=VECTOR('',#11269,10.);
#3413=VECTOR('',#11270,10.);
#3414=VECTOR('',#11271,10.);
#3415=VECTOR('',#11272,10.);
#3416=VECTOR('',#11275,10.);
#3417=VECTOR('',#11276,10.);
#3418=VECTOR('',#11277,10.);
#3419=VECTOR('',#11280,10.);
#3420=VECTOR('',#11281,10.);
#3421=VECTOR('',#11284,10.);
#3422=VECTOR('',#11285,10.);
#3423=VECTOR('',#11286,10.);
#3424=VECTOR('',#11289,10.);
#3425=VECTOR('',#11290,10.);
#3426=VECTOR('',#11291,10.);
#3427=VECTOR('',#11292,10.);
#3428=VECTOR('',#11293,10.);
#3429=VECTOR('',#11294,10.);
#3430=VECTOR('',#11295,10.);
#3431=VECTOR('',#11296,10.);
#3432=VECTOR('',#11297,10.);
#3433=VECTOR('',#11300,10.);
#3434=VECTOR('',#11301,10.);
#3435=VECTOR('',#11304,10.);
#3436=VECTOR('',#11305,10.);
#3437=VECTOR('',#11308,10.);
#3438=VECTOR('',#11309,10.);
#3439=VECTOR('',#11310,10.);
#3440=VECTOR('',#11311,10.);
#3441=VECTOR('',#11312,10.);
#3442=VECTOR('',#11313,10.);
#3443=VECTOR('',#11316,10.);
#3444=VECTOR('',#11317,10.);
#3445=VECTOR('',#11320,10.);
#3446=VECTOR('',#11321,10.);
#3447=VECTOR('',#11324,10.);
#3448=VECTOR('',#11331,10.);
#3449=VECTOR('',#11332,10.);
#3450=VECTOR('',#11333,10.);
#3451=VECTOR('',#11334,10.);
#3452=VECTOR('',#11335,10.);
#3453=VECTOR('',#11336,10.);
#3454=VECTOR('',#11337,10.);
#3455=VECTOR('',#11338,10.);
#3456=VECTOR('',#11339,10.);
#3457=VECTOR('',#11342,10.);
#3458=VECTOR('',#11343,10.);
#3459=VECTOR('',#11344,10.);
#3460=VECTOR('',#11347,10.);
#3461=VECTOR('',#11348,10.);
#3462=VECTOR('',#11351,10.);
#3463=VECTOR('',#11352,10.);
#3464=VECTOR('',#11353,10.);
#3465=VECTOR('',#11356,10.);
#3466=VECTOR('',#11357,10.);
#3467=VECTOR('',#11358,10.);
#3468=VECTOR('',#11359,10.);
#3469=VECTOR('',#11360,10.);
#3470=VECTOR('',#11361,10.);
#3471=VECTOR('',#11362,10.);
#3472=VECTOR('',#11363,10.);
#3473=VECTOR('',#11364,10.);
#3474=VECTOR('',#11367,10.);
#3475=VECTOR('',#11368,10.);
#3476=VECTOR('',#11371,10.);
#3477=VECTOR('',#11372,10.);
#3478=VECTOR('',#11375,10.);
#3479=VECTOR('',#11376,10.);
#3480=VECTOR('',#11377,10.);
#3481=VECTOR('',#11378,10.);
#3482=VECTOR('',#11379,10.);
#3483=VECTOR('',#11380,10.);
#3484=VECTOR('',#11383,10.);
#3485=VECTOR('',#11384,10.);
#3486=VECTOR('',#11387,10.);
#3487=VECTOR('',#11388,10.);
#3488=VECTOR('',#11391,10.);
#3489=VECTOR('',#11398,10.);
#3490=VECTOR('',#11399,10.);
#3491=VECTOR('',#11400,10.);
#3492=VECTOR('',#11403,10.);
#3493=VECTOR('',#11404,10.);
#3494=VECTOR('',#11407,10.);
#3495=VECTOR('',#11408,10.);
#3496=VECTOR('',#11409,10.);
#3497=VECTOR('',#11410,10.);
#3498=VECTOR('',#11413,10.);
#3499=VECTOR('',#11414,10.);
#3500=VECTOR('',#11417,10.);
#3501=VECTOR('',#11418,10.);
#3502=VECTOR('',#11421,10.);
#3503=VECTOR('',#11422,10.);
#3504=VECTOR('',#11425,10.);
#3505=VECTOR('',#11430,10.);
#3506=VECTOR('',#11431,10.);
#3507=VECTOR('',#11432,10.);
#3508=VECTOR('',#11435,10.);
#3509=VECTOR('',#11436,10.);
#3510=VECTOR('',#11439,10.);
#3511=VECTOR('',#11440,10.);
#3512=VECTOR('',#11441,10.);
#3513=VECTOR('',#11442,10.);
#3514=VECTOR('',#11443,10.);
#3515=VECTOR('',#11444,10.);
#3516=VECTOR('',#11445,10.);
#3517=VECTOR('',#11446,10.);
#3518=VECTOR('',#11447,10.);
#3519=VECTOR('',#11448,10.);
#3520=VECTOR('',#11449,10.);
#3521=VECTOR('',#11450,10.);
#3522=VECTOR('',#11451,10.);
#3523=VECTOR('',#11454,10.);
#3524=VECTOR('',#11455,10.);
#3525=VECTOR('',#11456,10.);
#3526=VECTOR('',#11457,10.);
#3527=VECTOR('',#11458,10.);
#3528=VECTOR('',#11459,10.);
#3529=VECTOR('',#11460,10.);
#3530=VECTOR('',#11461,10.);
#3531=VECTOR('',#11462,10.);
#3532=VECTOR('',#11463,10.);
#3533=VECTOR('',#11464,10.);
#3534=VECTOR('',#11465,10.);
#3535=VECTOR('',#11466,10.);
#3536=VECTOR('',#11467,10.);
#3537=VECTOR('',#11470,10.);
#3538=VECTOR('',#11471,10.);
#3539=VECTOR('',#11474,10.);
#3540=VECTOR('',#11479,10.);
#3541=VECTOR('',#11480,10.);
#3542=VECTOR('',#11481,10.);
#3543=VECTOR('',#11484,10.);
#3544=VECTOR('',#11485,10.);
#3545=VECTOR('',#11488,10.);
#3546=VECTOR('',#11489,10.);
#3547=VECTOR('',#11492,10.);
#3548=VECTOR('',#11493,10.);
#3549=VECTOR('',#11496,10.);
#3550=VECTOR('',#11497,10.);
#3551=VECTOR('',#11500,10.);
#3552=VECTOR('',#11501,10.);
#3553=VECTOR('',#11504,10.);
#3554=VECTOR('',#11505,10.);
#3555=VECTOR('',#11508,10.);
#3556=VECTOR('',#11511,10.);
#3557=VECTOR('',#11512,10.);
#3558=VECTOR('',#11513,10.);
#3559=VECTOR('',#11514,10.);
#3560=VECTOR('',#11515,10.);
#3561=VECTOR('',#11516,10.);
#3562=VECTOR('',#11517,10.);
#3563=VECTOR('',#11518,10.);
#3564=VECTOR('',#11519,10.);
#3565=VECTOR('',#11520,10.);
#3566=VECTOR('',#11521,10.);
#3567=VECTOR('',#11522,10.);
#3568=VECTOR('',#11523,10.);
#3569=VECTOR('',#11524,10.);
#3570=VECTOR('',#11525,10.);
#3571=VECTOR('',#11526,10.);
#3572=VECTOR('',#11527,10.);
#3573=VECTOR('',#11528,10.);
#3574=VECTOR('',#11529,10.);
#3575=VECTOR('',#11530,10.);
#3576=VECTOR('',#11537,10.);
#3577=VECTOR('',#11538,10.);
#3578=VECTOR('',#11539,10.);
#3579=VECTOR('',#11540,10.);
#3580=VECTOR('',#11543,10.);
#3581=VECTOR('',#11544,10.);
#3582=VECTOR('',#11545,10.);
#3583=VECTOR('',#11546,10.);
#3584=VECTOR('',#11547,10.);
#3585=VECTOR('',#11550,10.);
#3586=VECTOR('',#11551,10.);
#3587=VECTOR('',#11554,10.);
#3588=VECTOR('',#11555,10.);
#3589=VECTOR('',#11556,10.);
#3590=VECTOR('',#11559,10.);
#3591=VECTOR('',#11560,10.);
#3592=VECTOR('',#11563,10.);
#3593=VECTOR('',#11564,10.);
#3594=VECTOR('',#11567,10.);
#3595=VECTOR('',#11568,10.);
#3596=VECTOR('',#11571,10.);
#3597=VECTOR('',#11572,10.);
#3598=VECTOR('',#11575,10.);
#3599=VECTOR('',#11576,10.);
#3600=VECTOR('',#11579,10.);
#3601=VECTOR('',#11580,10.);
#3602=VECTOR('',#11583,10.);
#3603=VECTOR('',#11590,10.);
#3604=VECTOR('',#11591,10.);
#3605=VECTOR('',#11592,10.);
#3606=VECTOR('',#11595,10.);
#3607=VECTOR('',#11596,10.);
#3608=VECTOR('',#11599,10.);
#3609=VECTOR('',#11600,10.);
#3610=VECTOR('',#11603,10.);
#3611=VECTOR('',#11608,10.);
#3612=VECTOR('',#11609,10.);
#3613=VECTOR('',#11610,10.);
#3614=VECTOR('',#11611,10.);
#3615=VECTOR('',#11614,10.);
#3616=VECTOR('',#11615,10.);
#3617=VECTOR('',#11616,10.);
#3618=VECTOR('',#11617,10.);
#3619=VECTOR('',#11618,10.);
#3620=VECTOR('',#11621,10.);
#3621=VECTOR('',#11622,10.);
#3622=VECTOR('',#11625,10.);
#3623=VECTOR('',#11626,10.);
#3624=VECTOR('',#11627,10.);
#3625=VECTOR('',#11630,10.);
#3626=VECTOR('',#11631,10.);
#3627=VECTOR('',#11634,10.);
#3628=VECTOR('',#11635,10.);
#3629=VECTOR('',#11638,10.);
#3630=VECTOR('',#11639,10.);
#3631=VECTOR('',#11642,10.);
#3632=VECTOR('',#11643,10.);
#3633=VECTOR('',#11646,10.);
#3634=VECTOR('',#11647,10.);
#3635=VECTOR('',#11650,10.);
#3636=VECTOR('',#11651,10.);
#3637=VECTOR('',#11654,10.);
#3638=VECTOR('',#11661,10.);
#3639=VECTOR('',#11662,10.);
#3640=VECTOR('',#11663,10.);
#3641=VECTOR('',#11666,10.);
#3642=VECTOR('',#11667,10.);
#3643=VECTOR('',#11670,10.);
#3644=VECTOR('',#11671,10.);
#3645=VECTOR('',#11674,10.);
#3646=VECTOR('',#11675,10.);
#3647=VECTOR('',#11678,10.);
#3648=VECTOR('',#11679,10.);
#3649=VECTOR('',#11682,10.);
#3650=VECTOR('',#11683,10.);
#3651=VECTOR('',#11686,10.);
#3652=VECTOR('',#11687,10.);
#3653=VECTOR('',#11690,10.);
#3654=VECTOR('',#11691,10.);
#3655=VECTOR('',#11694,10.);
#3656=VECTOR('',#11695,10.);
#3657=VECTOR('',#11698,10.);
#3658=VECTOR('',#11703,10.);
#3659=VECTOR('',#11704,10.);
#3660=VECTOR('',#11705,10.);
#3661=VECTOR('',#11706,10.);
#3662=VECTOR('',#11709,10.);
#3663=VECTOR('',#11710,10.);
#3664=VECTOR('',#11711,10.);
#3665=VECTOR('',#11712,10.);
#3666=VECTOR('',#11713,10.);
#3667=VECTOR('',#11716,10.);
#3668=VECTOR('',#11717,10.);
#3669=VECTOR('',#11720,10.);
#3670=VECTOR('',#11721,10.);
#3671=VECTOR('',#11722,10.);
#3672=VECTOR('',#11725,10.);
#3673=VECTOR('',#11726,10.);
#3674=VECTOR('',#11729,10.);
#3675=VECTOR('',#11730,10.);
#3676=VECTOR('',#11733,10.);
#3677=VECTOR('',#11734,10.);
#3678=VECTOR('',#11737,10.);
#3679=VECTOR('',#11738,10.);
#3680=VECTOR('',#11741,10.);
#3681=VECTOR('',#11742,10.);
#3682=VECTOR('',#11745,10.);
#3683=VECTOR('',#11746,10.);
#3684=VECTOR('',#11749,10.);
#3685=VECTOR('',#11756,10.);
#3686=VECTOR('',#11757,10.);
#3687=VECTOR('',#11758,10.);
#3688=VECTOR('',#11761,10.);
#3689=VECTOR('',#11762,10.);
#3690=VECTOR('',#11763,10.);
#3691=VECTOR('',#11764,10.);
#3692=VECTOR('',#11765,10.);
#3693=VECTOR('',#11766,10.);
#3694=VECTOR('',#11767,10.);
#3695=VECTOR('',#11768,10.);
#3696=VECTOR('',#11771,10.);
#3697=VECTOR('',#11772,10.);
#3698=VECTOR('',#11775,10.);
#3699=VECTOR('',#11776,10.);
#3700=VECTOR('',#11779,10.);
#3701=VECTOR('',#11780,10.);
#3702=VECTOR('',#11781,10.);
#3703=VECTOR('',#11782,10.);
#3704=VECTOR('',#11783,10.);
#3705=VECTOR('',#11784,10.);
#3706=VECTOR('',#11785,10.);
#3707=VECTOR('',#11788,10.);
#3708=VECTOR('',#11791,10.);
#3709=VECTOR('',#11792,10.);
#3710=VECTOR('',#11793,10.);
#3711=VECTOR('',#11794,10.);
#3712=VECTOR('',#11795,10.);
#3713=VECTOR('',#11796,10.);
#3714=VECTOR('',#11797,10.);
#3715=VECTOR('',#11798,10.);
#3716=VECTOR('',#11799,10.);
#3717=VECTOR('',#11800,10.);
#3718=VECTOR('',#11801,10.);
#3719=VECTOR('',#11802,10.);
#3720=VECTOR('',#11803,10.);
#3721=VECTOR('',#11804,10.);
#3722=VECTOR('',#11805,10.);
#3723=VECTOR('',#11806,10.);
#3724=VECTOR('',#11807,10.);
#3725=VECTOR('',#11808,10.);
#3726=VECTOR('',#11809,10.);
#3727=VECTOR('',#11810,10.);
#3728=VECTOR('',#11817,10.);
#3729=VECTOR('',#11820,10.);
#3730=VECTOR('',#11825,10.);
#3731=VECTOR('',#11826,10.);
#3732=VECTOR('',#11827,10.);
#3733=VECTOR('',#11828,10.);
#3734=VECTOR('',#11831,10.);
#3735=VECTOR('',#11834,10.);
#3736=VECTOR('',#11835,10.);
#3737=VECTOR('',#11836,10.);
#3738=VECTOR('',#11839,10.);
#3739=VECTOR('',#11840,10.);
#3740=VECTOR('',#11843,10.);
#3741=VECTOR('',#11844,10.);
#3742=VECTOR('',#11847,10.);
#3743=VECTOR('',#11848,10.);
#3744=VECTOR('',#11851,10.);
#3745=VECTOR('',#11852,10.);
#3746=VECTOR('',#11855,10.);
#3747=VECTOR('',#11856,10.);
#3748=VECTOR('',#11857,10.);
#3749=VECTOR('',#11858,10.);
#3750=VECTOR('',#11863,10.);
#3751=VECTOR('',#11866,1.);
#3752=VECTOR('',#11869,10.);
#3753=VECTOR('',#11874,10.);
#3754=VECTOR('',#11875,10.);
#3755=VECTOR('',#11876,10.);
#3756=VECTOR('',#11877,10.);
#3757=VECTOR('',#11878,10.);
#3758=VECTOR('',#11891,10.);
#3759=VECTOR('',#11894,10.);
#3760=VECTOR('',#11897,1.);
#3761=VECTOR('',#11902,10.);
#3762=VECTOR('',#11903,10.);
#3763=VECTOR('',#11908,10.);
#3764=VECTOR('',#11911,10.);
#3765=VECTOR('',#11912,10.);
#3766=VECTOR('',#11913,10.);
#3767=VECTOR('',#11914,10.);
#3768=VECTOR('',#11923,10.);
#3769=VECTOR('',#11948,1.);
#3770=VECTOR('',#11965,1.);
#3771=VECTOR('',#11976,2.5);
#3772=VECTOR('',#11983,8.5);
#3773=VECTOR('',#11986,10.);
#3774=VECTOR('',#11987,10.);
#3775=VECTOR('',#11992,8.5);
#3776=VECTOR('',#11995,8.5);
#3777=VECTOR('',#11998,8.5);
#3778=VECTOR('',#12001,8.5);
#3779=VECTOR('',#12008,1.5);
#3780=VECTOR('',#12011,8.5);
#3781=VECTOR('',#12014,10.);
#3782=VECTOR('',#12015,10.);
#3783=VECTOR('',#12020,8.5);
#3784=VECTOR('',#12023,8.5);
#3785=VECTOR('',#12028,8.5);
#3786=VECTOR('',#12035,8.5);
#3787=VECTOR('',#12042,10.);
#3788=CIRCLE('',#9674,1.5);
#3789=CIRCLE('',#9675,1.5);
#3790=CIRCLE('',#9676,1.5);
#3791=CIRCLE('',#9677,1.5);
#3792=CIRCLE('',#9678,1.5);
#3793=CIRCLE('',#9680,1.);
#3794=CIRCLE('',#9681,1.);
#3795=CIRCLE('',#9683,1.00000000000001);
#3796=CIRCLE('',#9684,1.00000000000001);
#3797=CIRCLE('',#9686,0.999999999999996);
#3798=CIRCLE('',#9687,0.999999999999996);
#3799=CIRCLE('',#9689,0.999999999999996);
#3800=CIRCLE('',#9690,0.999999999999996);
#3801=CIRCLE('',#9692,0.999999999999996);
#3802=CIRCLE('',#9693,0.999999999999996);
#3803=CIRCLE('',#9695,1.00000000000001);
#3804=CIRCLE('',#9696,1.00000000000001);
#3805=CIRCLE('',#9698,125.);
#3806=CIRCLE('',#9699,125.);
#3807=CIRCLE('',#9703,1.5);
#3808=CIRCLE('',#9705,1.5);
#3809=CIRCLE('',#9706,1.5);
#3810=CIRCLE('',#9707,1.5);
#3811=CIRCLE('',#9709,1.5);
#3812=CIRCLE('',#9710,1.5);
#3813=CIRCLE('',#9711,1.5);
#3814=CIRCLE('',#9717,2.5);
#3815=CIRCLE('',#9719,1.5);
#3816=CIRCLE('',#9720,2.5);
#3817=CIRCLE('',#9721,2.5);
#3818=CIRCLE('',#9724,2.5);
#3819=CIRCLE('',#9725,2.5);
#3820=CIRCLE('',#9727,1.5);
#3821=CIRCLE('',#9728,2.44948974278318);
#3822=CIRCLE('',#9729,2.5);
#3823=CIRCLE('',#9734,2.5);
#3824=CIRCLE('',#9736,7.5);
#3825=CIRCLE('',#9737,7.5);
#3826=CIRCLE('',#9738,7.5);
#3827=CIRCLE('',#9739,7.5);
#3828=CIRCLE('',#9743,2.5);
#3829=CIRCLE('',#9746,2.5);
#3830=CIRCLE('',#9750,6.);
#3831=CIRCLE('',#9756,2.5);
#3832=CIRCLE('',#9758,2.5);
#3833=CIRCLE('',#9760,1.5);
#3834=CIRCLE('',#9761,2.44948974278318);
#3835=CIRCLE('',#9762,2.5);
#3836=CIRCLE('',#9764,2.5);
#3837=CIRCLE('',#9765,2.5);
#3838=CIRCLE('',#9767,2.5);
#3839=CIRCLE('',#9769,2.5);
#3840=CIRCLE('',#9775,6.);
#3841=CIRCLE('',#9776,8.5);
#3842=CIRCLE('',#9777,8.5);
#3843=CIRCLE('',#9780,2.);
#3844=CIRCLE('',#9781,9.);
#3845=CIRCLE('',#9782,9.);
#3846=CIRCLE('',#9784,8.5);
#3847=CIRCLE('',#9785,8.5);
#3848=CIRCLE('',#9786,2.);
#3849=CIRCLE('',#9806,1.);
#3850=CIRCLE('',#9807,1.);
#3851=CIRCLE('',#9808,1.);
#3852=CIRCLE('',#9809,1.);
#3853=CIRCLE('',#9811,9.);
#3854=CIRCLE('',#9812,9.);
#3855=CIRCLE('',#9813,6.);
#3856=CIRCLE('',#9815,1.);
#3857=CIRCLE('',#9816,1.);
#3858=CIRCLE('',#9818,2.5);
#3859=CIRCLE('',#9819,9.);
#3860=CIRCLE('',#9820,9.);
#3861=CIRCLE('',#9821,9.);
#3862=CIRCLE('',#9822,6.);
#3863=CIRCLE('',#9833,6.);
#3864=CIRCLE('',#9834,8.5);
#3865=CIRCLE('',#9835,8.5);
#3866=CIRCLE('',#9836,8.5);
#3867=CIRCLE('',#9838,6.);
#3868=CIRCLE('',#9840,2.5);
#3869=CIRCLE('',#9842,2.5);
#3870=CIRCLE('',#9843,2.5);
#3871=CIRCLE('',#9845,2.5);
#3872=CIRCLE('',#9856,8.5);
#3873=CIRCLE('',#9857,8.5);
#3874=CIRCLE('',#9858,8.5);
#3875=CIRCLE('',#9859,2.);
#3876=CIRCLE('',#9865,1.5);
#3877=CIRCLE('',#9866,1.5);
#3878=CIRCLE('',#9867,1.5);
#3879=CIRCLE('',#9868,1.5);
#3880=CIRCLE('',#9869,1.5);
#3881=CIRCLE('',#9870,1.5);
#3882=CIRCLE('',#9872,2.);
#3883=CIRCLE('',#9873,2.);
#3884=CIRCLE('',#9874,1.5);
#3885=CIRCLE('',#9875,2.);
#3886=CIRCLE('',#9876,2.);
#3887=CIRCLE('',#9877,1.5);
#3888=CIRCLE('',#9879,2.);
#3889=CIRCLE('',#9881,2.);
#3890=CIRCLE('',#9882,1.5);
#3891=CIRCLE('',#9883,2.);
#3892=CIRCLE('',#9884,1.5);
#3893=CIRCLE('',#9885,2.);
#3894=CIRCLE('',#9887,1.5);
#3895=CIRCLE('',#9888,1.5);
#3896=CIRCLE('',#9889,1.5);
#3897=CIRCLE('',#9892,2.);
#3898=CIRCLE('',#9893,2.);
#3899=CIRCLE('',#9895,1.5);
#3900=CIRCLE('',#9897,2.);
#3901=CIRCLE('',#9898,2.);
#3902=CIRCLE('',#9901,1.5);
#3903=CIRCLE('',#9903,2.);
#3904=CIRCLE('',#9904,2.);
#3905=CIRCLE('',#9909,2.);
#3906=CIRCLE('',#9910,2.);
#3907=CIRCLE('',#9922,2.);
#3908=CIRCLE('',#10091,1.);
#3909=CIRCLE('',#10093,1.);
#3910=CIRCLE('',#10094,1.);
#3911=CIRCLE('',#10096,9.);
#3912=CIRCLE('',#10097,9.);
#3913=CIRCLE('',#10098,2.5);
#3914=CIRCLE('',#10100,1.);
#3915=CIRCLE('',#10102,1.);
#3916=CIRCLE('',#10104,1.);
#3917=CIRCLE('',#10105,1.);
#3918=CIRCLE('',#10106,1.);
#3919=CIRCLE('',#10108,2.5);
#3920=CIRCLE('',#10109,9.);
#3921=CIRCLE('',#10110,9.);
#3922=CIRCLE('',#10111,9.);
#3923=CIRCLE('',#10113,2.5);
#3924=CIRCLE('',#10114,2.5);
#3925=CIRCLE('',#10115,9.);
#3926=CIRCLE('',#10116,9.);
#3927=CIRCLE('',#10118,1.);
#3928=CIRCLE('',#10120,1.);
#3929=CIRCLE('',#10121,1.);
#3930=CIRCLE('',#10123,1.);
#3931=CIRCLE('',#10126,1.);
#3932=CIRCLE('',#10128,1.);
#3933=CIRCLE('',#10129,1.);
#3934=CIRCLE('',#10131,1.);
#3935=CIRCLE('',#10134,2.5);
#3936=CIRCLE('',#10135,2.5);
#3937=CIRCLE('',#10138,2.5);
#3938=CIRCLE('',#10156,8.5);
#3939=CIRCLE('',#10157,8.5);
#3940=CIRCLE('',#10159,8.5);
#3941=CIRCLE('',#10160,8.5);
#3942=VERTEX_POINT('',#12049);
#3943=VERTEX_POINT('',#12051);
#3944=VERTEX_POINT('',#12053);
#3945=VERTEX_POINT('',#12055);
#3946=VERTEX_POINT('',#12057);
#3947=VERTEX_POINT('',#12059);
#3948=VERTEX_POINT('',#12061);
#3949=VERTEX_POINT('',#12078);
#3950=VERTEX_POINT('',#12080);
#3951=VERTEX_POINT('',#12082);
#3952=VERTEX_POINT('',#12086);
#3953=VERTEX_POINT('',#12088);
#3954=VERTEX_POINT('',#12092);
#3955=VERTEX_POINT('',#12094);
#3956=VERTEX_POINT('',#12098);
#3957=VERTEX_POINT('',#12100);
#3958=VERTEX_POINT('',#12104);
#3959=VERTEX_POINT('',#12106);
#3960=VERTEX_POINT('',#12110);
#3961=VERTEX_POINT('',#12112);
#3962=VERTEX_POINT('',#12116);
#3963=VERTEX_POINT('',#12118);
#3964=VERTEX_POINT('',#12122);
#3965=VERTEX_POINT('',#12123);
#3966=VERTEX_POINT('',#12125);
#3967=VERTEX_POINT('',#12127);
#3968=VERTEX_POINT('',#12130);
#3969=VERTEX_POINT('',#12131);
#3970=VERTEX_POINT('',#12168);
#3971=VERTEX_POINT('',#12196);
#3972=VERTEX_POINT('',#12197);
#3973=VERTEX_POINT('',#12239);
#3974=VERTEX_POINT('',#12240);
#3975=VERTEX_POINT('',#12249);
#3976=VERTEX_POINT('',#12285);
#3977=VERTEX_POINT('',#12286);
#3978=VERTEX_POINT('',#12324);
#3979=VERTEX_POINT('',#12326);
#3980=VERTEX_POINT('',#12330);
#3981=VERTEX_POINT('',#12334);
#3982=VERTEX_POINT('',#12336);
#3983=VERTEX_POINT('',#12340);
#3984=VERTEX_POINT('',#12342);
#3985=VERTEX_POINT('',#12344);
#3986=VERTEX_POINT('',#12346);
#3987=VERTEX_POINT('',#12348);
#3988=VERTEX_POINT('',#12350);
#3989=VERTEX_POINT('',#12354);
#3990=VERTEX_POINT('',#12356);
#3991=VERTEX_POINT('',#12358);
#3992=VERTEX_POINT('',#12363);
#3993=VERTEX_POINT('',#12393);
#3994=VERTEX_POINT('',#12394);
#3995=VERTEX_POINT('',#12403);
#3996=VERTEX_POINT('',#12412);
#3997=VERTEX_POINT('',#12416);
#3998=VERTEX_POINT('',#12418);
#3999=VERTEX_POINT('',#12422);
#4000=VERTEX_POINT('',#12424);
#4001=VERTEX_POINT('',#12428);
#4002=VERTEX_POINT('',#12430);
#4003=VERTEX_POINT('',#12441);
#4004=VERTEX_POINT('',#12443);
#4005=VERTEX_POINT('',#12445);
#4006=VERTEX_POINT('',#12447);
#4007=VERTEX_POINT('',#12451);
#4008=VERTEX_POINT('',#12453);
#4009=VERTEX_POINT('',#12457);
#4010=VERTEX_POINT('',#12459);
#4011=VERTEX_POINT('',#12487);
#4012=VERTEX_POINT('',#12488);
#4013=VERTEX_POINT('',#12505);
#4014=VERTEX_POINT('',#12510);
#4015=VERTEX_POINT('',#12519);
#4016=VERTEX_POINT('',#12521);
#4017=VERTEX_POINT('',#12525);
#4018=VERTEX_POINT('',#12527);
#4019=VERTEX_POINT('',#12536);
#4020=VERTEX_POINT('',#12538);
#4021=VERTEX_POINT('',#12549);
#4022=VERTEX_POINT('',#12551);
#4023=VERTEX_POINT('',#12553);
#4024=VERTEX_POINT('',#12555);
#4025=VERTEX_POINT('',#12557);
#4026=VERTEX_POINT('',#12559);
#4027=VERTEX_POINT('',#12572);
#4028=VERTEX_POINT('',#12573);
#4029=VERTEX_POINT('',#12575);
#4030=VERTEX_POINT('',#12577);
#4031=VERTEX_POINT('',#12581);
#4032=VERTEX_POINT('',#12583);
#4033=VERTEX_POINT('',#12585);
#4034=VERTEX_POINT('',#12590);
#4035=VERTEX_POINT('',#12591);
#4036=VERTEX_POINT('',#12593);
#4037=VERTEX_POINT('',#12595);
#4038=VERTEX_POINT('',#12599);
#4039=VERTEX_POINT('',#12601);
#4040=VERTEX_POINT('',#12605);
#4041=VERTEX_POINT('',#12607);
#4042=VERTEX_POINT('',#12609);
#4043=VERTEX_POINT('',#12644);
#4044=VERTEX_POINT('',#12645);
#4045=VERTEX_POINT('',#12654);
#4046=VERTEX_POINT('',#12656);
#4047=VERTEX_POINT('',#12667);
#4048=VERTEX_POINT('',#12691);
#4049=VERTEX_POINT('',#12693);
#4050=VERTEX_POINT('',#12697);
#4051=VERTEX_POINT('',#12701);
#4052=VERTEX_POINT('',#12709);
#4053=VERTEX_POINT('',#12711);
#4054=VERTEX_POINT('',#12715);
#4055=VERTEX_POINT('',#12719);
#4056=VERTEX_POINT('',#12724);
#4057=VERTEX_POINT('',#12730);
#4058=VERTEX_POINT('',#12731);
#4059=VERTEX_POINT('',#12736);
#4060=VERTEX_POINT('',#12738);
#4061=VERTEX_POINT('',#12741);
#4062=VERTEX_POINT('',#12742);
#4063=VERTEX_POINT('',#12744);
#4064=VERTEX_POINT('',#12746);
#4065=VERTEX_POINT('',#12749);
#4066=VERTEX_POINT('',#12751);
#4067=VERTEX_POINT('',#12753);
#4068=VERTEX_POINT('',#12755);
#4069=VERTEX_POINT('',#12756);
#4070=VERTEX_POINT('',#12762);
#4071=VERTEX_POINT('',#12768);
#4072=VERTEX_POINT('',#12770);
#4073=VERTEX_POINT('',#12776);
#4074=VERTEX_POINT('',#12782);
#4075=VERTEX_POINT('',#12784);
#4076=VERTEX_POINT('',#12790);
#4077=VERTEX_POINT('',#12792);
#4078=VERTEX_POINT('',#12794);
#4079=VERTEX_POINT('',#12796);
#4080=VERTEX_POINT('',#12802);
#4081=VERTEX_POINT('',#12810);
#4082=VERTEX_POINT('',#12814);
#4083=VERTEX_POINT('',#12816);
#4084=VERTEX_POINT('',#12820);
#4085=VERTEX_POINT('',#12822);
#4086=VERTEX_POINT('',#12824);
#4087=VERTEX_POINT('',#12826);
#4088=VERTEX_POINT('',#12828);
#4089=VERTEX_POINT('',#12831);
#4090=VERTEX_POINT('',#12834);
#4091=VERTEX_POINT('',#12836);
#4092=VERTEX_POINT('',#12838);
#4093=VERTEX_POINT('',#12842);
#4094=VERTEX_POINT('',#12844);
#4095=VERTEX_POINT('',#12846);
#4096=VERTEX_POINT('',#12848);
#4097=VERTEX_POINT('',#12850);
#4098=VERTEX_POINT('',#12853);
#4099=VERTEX_POINT('',#12855);
#4100=VERTEX_POINT('',#12857);
#4101=VERTEX_POINT('',#12861);
#4102=VERTEX_POINT('',#12863);
#4103=VERTEX_POINT('',#12867);
#4104=VERTEX_POINT('',#12880);
#4105=VERTEX_POINT('',#12881);
#4106=VERTEX_POINT('',#12887);
#4107=VERTEX_POINT('',#12889);
#4108=VERTEX_POINT('',#12906);
#4109=VERTEX_POINT('',#12912);
#4110=VERTEX_POINT('',#12920);
#4111=VERTEX_POINT('',#12922);
#4112=VERTEX_POINT('',#12935);
#4113=VERTEX_POINT('',#12941);
#4114=VERTEX_POINT('',#12958);
#4115=VERTEX_POINT('',#12964);
#4116=VERTEX_POINT('',#12972);
#4117=VERTEX_POINT('',#12974);
#4118=VERTEX_POINT('',#12987);
#4119=VERTEX_POINT('',#12993);
#4120=VERTEX_POINT('',#13001);
#4121=VERTEX_POINT('',#13003);
#4122=VERTEX_POINT('',#13007);
#4123=VERTEX_POINT('',#13009);
#4124=VERTEX_POINT('',#13013);
#4125=VERTEX_POINT('',#13015);
#4126=VERTEX_POINT('',#13028);
#4127=VERTEX_POINT('',#13034);
#4128=VERTEX_POINT('',#13051);
#4129=VERTEX_POINT('',#13057);
#4130=VERTEX_POINT('',#13078);
#4131=VERTEX_POINT('',#13080);
#4132=VERTEX_POINT('',#13097);
#4133=VERTEX_POINT('',#13105);
#4134=VERTEX_POINT('',#13118);
#4135=VERTEX_POINT('',#13135);
#4136=VERTEX_POINT('',#13143);
#4137=VERTEX_POINT('',#13156);
#4138=VERTEX_POINT('',#13164);
#4139=VERTEX_POINT('',#13168);
#4140=VERTEX_POINT('',#13172);
#4141=VERTEX_POINT('',#13185);
#4142=VERTEX_POINT('',#13202);
#4143=VERTEX_POINT('',#13213);
#4144=VERTEX_POINT('',#13215);
#4145=VERTEX_POINT('',#13217);
#4146=VERTEX_POINT('',#13219);
#4147=VERTEX_POINT('',#13221);
#4148=VERTEX_POINT('',#13223);
#4149=VERTEX_POINT('',#13226);
#4150=VERTEX_POINT('',#13227);
#4151=VERTEX_POINT('',#13229);
#4152=VERTEX_POINT('',#13231);
#4153=VERTEX_POINT('',#13235);
#4154=VERTEX_POINT('',#13238);
#4155=VERTEX_POINT('',#13239);
#4156=VERTEX_POINT('',#13241);
#4157=VERTEX_POINT('',#13243);
#4158=VERTEX_POINT('',#13245);
#4159=VERTEX_POINT('',#13251);
#4160=VERTEX_POINT('',#13257);
#4161=VERTEX_POINT('',#13259);
#4162=VERTEX_POINT('',#13261);
#4163=VERTEX_POINT('',#13263);
#4164=VERTEX_POINT('',#13265);
#4165=VERTEX_POINT('',#13267);
#4166=VERTEX_POINT('',#13269);
#4167=VERTEX_POINT('',#13271);
#4168=VERTEX_POINT('',#13273);
#4169=VERTEX_POINT('',#13276);
#4170=VERTEX_POINT('',#13277);
#4171=VERTEX_POINT('',#13279);
#4172=VERTEX_POINT('',#13281);
#4173=VERTEX_POINT('',#13283);
#4174=VERTEX_POINT('',#13285);
#4175=VERTEX_POINT('',#13288);
#4176=VERTEX_POINT('',#13289);
#4177=VERTEX_POINT('',#13291);
#4178=VERTEX_POINT('',#13293);
#4179=VERTEX_POINT('',#13299);
#4180=VERTEX_POINT('',#13305);
#4181=VERTEX_POINT('',#13311);
#4182=VERTEX_POINT('',#13317);
#4183=VERTEX_POINT('',#13323);
#4184=VERTEX_POINT('',#13329);
#4185=VERTEX_POINT('',#13335);
#4186=VERTEX_POINT('',#13337);
#4187=VERTEX_POINT('',#13339);
#4188=VERTEX_POINT('',#13341);
#4189=VERTEX_POINT('',#13347);
#4190=VERTEX_POINT('',#13353);
#4191=VERTEX_POINT('',#13359);
#4192=VERTEX_POINT('',#13365);
#4193=VERTEX_POINT('',#13367);
#4194=VERTEX_POINT('',#13370);
#4195=VERTEX_POINT('',#13371);
#4196=VERTEX_POINT('',#13373);
#4197=VERTEX_POINT('',#13375);
#4198=VERTEX_POINT('',#13377);
#4199=VERTEX_POINT('',#13383);
#4200=VERTEX_POINT('',#13389);
#4201=VERTEX_POINT('',#13395);
#4202=VERTEX_POINT('',#13401);
#4203=VERTEX_POINT('',#13407);
#4204=VERTEX_POINT('',#13413);
#4205=VERTEX_POINT('',#13419);
#4206=VERTEX_POINT('',#13425);
#4207=VERTEX_POINT('',#13431);
#4208=VERTEX_POINT('',#13437);
#4209=VERTEX_POINT('',#13443);
#4210=VERTEX_POINT('',#13445);
#4211=VERTEX_POINT('',#13451);
#4212=VERTEX_POINT('',#13457);
#4213=VERTEX_POINT('',#13463);
#4214=VERTEX_POINT('',#13469);
#4215=VERTEX_POINT('',#13475);
#4216=VERTEX_POINT('',#13481);
#4217=VERTEX_POINT('',#13487);
#4218=VERTEX_POINT('',#13493);
#4219=VERTEX_POINT('',#13499);
#4220=VERTEX_POINT('',#13505);
#4221=VERTEX_POINT('',#13511);
#4222=VERTEX_POINT('',#13517);
#4223=VERTEX_POINT('',#13520);
#4224=VERTEX_POINT('',#13521);
#4225=VERTEX_POINT('',#13527);
#4226=VERTEX_POINT('',#13533);
#4227=VERTEX_POINT('',#13539);
#4228=VERTEX_POINT('',#13545);
#4229=VERTEX_POINT('',#13551);
#4230=VERTEX_POINT('',#13557);
#4231=VERTEX_POINT('',#13563);
#4232=VERTEX_POINT('',#13569);
#4233=VERTEX_POINT('',#13575);
#4234=VERTEX_POINT('',#13586);
#4235=VERTEX_POINT('',#13587);
#4236=VERTEX_POINT('',#13589);
#4237=VERTEX_POINT('',#13591);
#4238=VERTEX_POINT('',#13594);
#4239=VERTEX_POINT('',#13595);
#4240=VERTEX_POINT('',#13597);
#4241=VERTEX_POINT('',#13599);
#4242=VERTEX_POINT('',#13601);
#4243=VERTEX_POINT('',#13603);
#4244=VERTEX_POINT('',#13605);
#4245=VERTEX_POINT('',#13607);
#4246=VERTEX_POINT('',#13609);
#4247=VERTEX_POINT('',#13611);
#4248=VERTEX_POINT('',#13614);
#4249=VERTEX_POINT('',#13615);
#4250=VERTEX_POINT('',#13621);
#4251=VERTEX_POINT('',#13627);
#4252=VERTEX_POINT('',#13633);
#4253=VERTEX_POINT('',#13639);
#4254=VERTEX_POINT('',#13645);
#4255=VERTEX_POINT('',#13651);
#4256=VERTEX_POINT('',#13657);
#4257=VERTEX_POINT('',#13663);
#4258=VERTEX_POINT('',#13669);
#4259=VERTEX_POINT('',#13680);
#4260=VERTEX_POINT('',#13682);
#4261=VERTEX_POINT('',#13684);
#4262=VERTEX_POINT('',#13686);
#4263=VERTEX_POINT('',#13688);
#4264=VERTEX_POINT('',#13690);
#4265=VERTEX_POINT('',#13693);
#4266=VERTEX_POINT('',#13694);
#4267=VERTEX_POINT('',#13696);
#4268=VERTEX_POINT('',#13698);
#4269=VERTEX_POINT('',#13704);
#4270=VERTEX_POINT('',#13710);
#4271=VERTEX_POINT('',#13716);
#4272=VERTEX_POINT('',#13722);
#4273=VERTEX_POINT('',#13728);
#4274=VERTEX_POINT('',#13734);
#4275=VERTEX_POINT('',#13736);
#4276=VERTEX_POINT('',#13738);
#4277=VERTEX_POINT('',#13740);
#4278=VERTEX_POINT('',#13746);
#4279=VERTEX_POINT('',#13752);
#4280=VERTEX_POINT('',#13758);
#4281=VERTEX_POINT('',#13764);
#4282=VERTEX_POINT('',#13771);
#4283=VERTEX_POINT('',#13772);
#4284=VERTEX_POINT('',#13774);
#4285=VERTEX_POINT('',#13776);
#4286=VERTEX_POINT('',#13778);
#4287=VERTEX_POINT('',#13780);
#4288=VERTEX_POINT('',#13782);
#4289=VERTEX_POINT('',#13784);
#4290=VERTEX_POINT('',#13787);
#4291=VERTEX_POINT('',#13788);
#4292=VERTEX_POINT('',#13790);
#4293=VERTEX_POINT('',#13792);
#4294=VERTEX_POINT('',#13794);
#4295=VERTEX_POINT('',#13796);
#4296=VERTEX_POINT('',#13798);
#4297=VERTEX_POINT('',#13800);
#4298=VERTEX_POINT('',#13803);
#4299=VERTEX_POINT('',#13804);
#4300=VERTEX_POINT('',#13806);
#4301=VERTEX_POINT('',#13808);
#4302=VERTEX_POINT('',#13810);
#4303=VERTEX_POINT('',#13812);
#4304=VERTEX_POINT('',#13814);
#4305=VERTEX_POINT('',#13816);
#4306=VERTEX_POINT('',#13819);
#4307=VERTEX_POINT('',#13820);
#4308=VERTEX_POINT('',#13822);
#4309=VERTEX_POINT('',#13824);
#4310=VERTEX_POINT('',#13826);
#4311=VERTEX_POINT('',#13828);
#4312=VERTEX_POINT('',#13830);
#4313=VERTEX_POINT('',#13832);
#4314=VERTEX_POINT('',#13835);
#4315=VERTEX_POINT('',#13836);
#4316=VERTEX_POINT('',#13838);
#4317=VERTEX_POINT('',#13840);
#4318=VERTEX_POINT('',#13842);
#4319=VERTEX_POINT('',#13848);
#4320=VERTEX_POINT('',#13854);
#4321=VERTEX_POINT('',#13856);
#4322=VERTEX_POINT('',#13858);
#4323=VERTEX_POINT('',#13861);
#4324=VERTEX_POINT('',#13862);
#4325=VERTEX_POINT('',#13864);
#4326=VERTEX_POINT('',#13866);
#4327=VERTEX_POINT('',#13872);
#4328=VERTEX_POINT('',#13878);
#4329=VERTEX_POINT('',#13884);
#4330=VERTEX_POINT('',#13890);
#4331=VERTEX_POINT('',#13896);
#4332=VERTEX_POINT('',#13902);
#4333=VERTEX_POINT('',#13908);
#4334=VERTEX_POINT('',#13910);
#4335=VERTEX_POINT('',#13912);
#4336=VERTEX_POINT('',#13914);
#4337=VERTEX_POINT('',#13920);
#4338=VERTEX_POINT('',#13926);
#4339=VERTEX_POINT('',#13932);
#4340=VERTEX_POINT('',#13938);
#4341=VERTEX_POINT('',#13940);
#4342=VERTEX_POINT('',#13943);
#4343=VERTEX_POINT('',#13944);
#4344=VERTEX_POINT('',#13946);
#4345=VERTEX_POINT('',#13948);
#4346=VERTEX_POINT('',#13954);
#4347=VERTEX_POINT('',#13960);
#4348=VERTEX_POINT('',#13966);
#4349=VERTEX_POINT('',#13972);
#4350=VERTEX_POINT('',#13978);
#4351=VERTEX_POINT('',#13984);
#4352=VERTEX_POINT('',#13990);
#4353=VERTEX_POINT('',#13996);
#4354=VERTEX_POINT('',#14003);
#4355=VERTEX_POINT('',#14004);
#4356=VERTEX_POINT('',#14009);
#4357=VERTEX_POINT('',#14014);
#4358=VERTEX_POINT('',#14024);
#4359=VERTEX_POINT('',#14027);
#4360=VERTEX_POINT('',#14029);
#4361=VERTEX_POINT('',#14031);
#4362=VERTEX_POINT('',#14033);
#4363=VERTEX_POINT('',#14035);
#4364=VERTEX_POINT('',#14037);
#4365=VERTEX_POINT('',#14039);
#4366=VERTEX_POINT('',#14041);
#4367=VERTEX_POINT('',#14043);
#4368=VERTEX_POINT('',#14046);
#4369=VERTEX_POINT('',#14048);
#4370=VERTEX_POINT('',#14050);
#4371=VERTEX_POINT('',#14053);
#4372=VERTEX_POINT('',#14055);
#4373=VERTEX_POINT('',#14057);
#4374=VERTEX_POINT('',#14059);
#4375=VERTEX_POINT('',#14064);
#4376=VERTEX_POINT('',#14066);
#4377=VERTEX_POINT('',#14068);
#4378=VERTEX_POINT('',#14070);
#4379=VERTEX_POINT('',#14072);
#4380=VERTEX_POINT('',#14074);
#4381=VERTEX_POINT('',#14076);
#4382=VERTEX_POINT('',#14078);
#4383=VERTEX_POINT('',#14081);
#4384=VERTEX_POINT('',#14083);
#4385=VERTEX_POINT('',#14084);
#4386=VERTEX_POINT('',#14087);
#4387=VERTEX_POINT('',#14089);
#4388=VERTEX_POINT('',#14090);
#4389=VERTEX_POINT('',#14092);
#4390=VERTEX_POINT('',#14094);
#4391=VERTEX_POINT('',#14098);
#4392=VERTEX_POINT('',#14099);
#4393=VERTEX_POINT('',#14105);
#4394=VERTEX_POINT('',#14106);
#4395=VERTEX_POINT('',#14108);
#4396=VERTEX_POINT('',#14110);
#4397=VERTEX_POINT('',#14113);
#4398=VERTEX_POINT('',#14115);
#4399=VERTEX_POINT('',#14133);
#4400=VERTEX_POINT('',#14136);
#4401=VERTEX_POINT('',#14137);
#4402=VERTEX_POINT('',#14139);
#4403=VERTEX_POINT('',#14141);
#4404=VERTEX_POINT('',#14144);
#4405=VERTEX_POINT('',#14146);
#4406=VERTEX_POINT('',#14148);
#4407=VERTEX_POINT('',#14149);
#4408=VERTEX_POINT('',#14153);
#4409=VERTEX_POINT('',#14157);
#4410=VERTEX_POINT('',#14160);
#4411=VERTEX_POINT('',#14161);
#4412=VERTEX_POINT('',#14163);
#4413=VERTEX_POINT('',#14165);
#4414=VERTEX_POINT('',#14169);
#4415=VERTEX_POINT('',#14173);
#4416=VERTEX_POINT('',#14175);
#4417=VERTEX_POINT('',#14179);
#4418=VERTEX_POINT('',#14181);
#4419=VERTEX_POINT('',#14184);
#4420=VERTEX_POINT('',#14186);
#4421=VERTEX_POINT('',#14188);
#4422=VERTEX_POINT('',#14190);
#4423=VERTEX_POINT('',#14192);
#4424=VERTEX_POINT('',#14196);
#4425=VERTEX_POINT('',#14197);
#4426=VERTEX_POINT('',#14199);
#4427=VERTEX_POINT('',#14201);
#4428=VERTEX_POINT('',#14208);
#4429=VERTEX_POINT('',#14210);
#4430=VERTEX_POINT('',#14216);
#4431=VERTEX_POINT('',#14218);
#4432=VERTEX_POINT('',#14225);
#4433=VERTEX_POINT('',#14229);
#4434=VERTEX_POINT('',#14232);
#4435=VERTEX_POINT('',#14234);
#4436=VERTEX_POINT('',#14235);
#4437=VERTEX_POINT('',#14238);
#4438=VERTEX_POINT('',#14244);
#4439=VERTEX_POINT('',#14247);
#4440=VERTEX_POINT('',#14249);
#4441=VERTEX_POINT('',#14256);
#4442=VERTEX_POINT('',#14259);
#4443=VERTEX_POINT('',#14261);
#4444=VERTEX_POINT('',#14263);
#4445=VERTEX_POINT('',#14265);
#4446=VERTEX_POINT('',#14267);
#4447=VERTEX_POINT('',#14269);
#4448=VERTEX_POINT('',#14271);
#4449=VERTEX_POINT('',#14273);
#4450=VERTEX_POINT('',#14277);
#4451=VERTEX_POINT('',#14278);
#4452=VERTEX_POINT('',#14280);
#4453=VERTEX_POINT('',#14282);
#4454=VERTEX_POINT('',#14284);
#4455=VERTEX_POINT('',#14286);
#4456=VERTEX_POINT('',#14288);
#4457=VERTEX_POINT('',#14290);
#4458=VERTEX_POINT('',#14292);
#4459=VERTEX_POINT('',#14294);
#4460=VERTEX_POINT('',#14296);
#4461=VERTEX_POINT('',#14298);
#4462=VERTEX_POINT('',#14301);
#4463=VERTEX_POINT('',#14304);
#4464=VERTEX_POINT('',#14313);
#4465=VERTEX_POINT('',#14315);
#4466=VERTEX_POINT('',#14318);
#4467=VERTEX_POINT('',#14322);
#4468=VERTEX_POINT('',#14326);
#4469=VERTEX_POINT('',#14328);
#4470=VERTEX_POINT('',#14335);
#4471=VERTEX_POINT('',#14337);
#4472=VERTEX_POINT('',#14341);
#4473=VERTEX_POINT('',#14344);
#4474=VERTEX_POINT('',#14346);
#4475=VERTEX_POINT('',#14353);
#4476=VERTEX_POINT('',#14355);
#4477=VERTEX_POINT('',#14362);
#4478=VERTEX_POINT('',#14364);
#4479=VERTEX_POINT('',#14382);
#4480=VERTEX_POINT('',#14388);
#4481=VERTEX_POINT('',#14389);
#4482=VERTEX_POINT('',#14391);
#4483=VERTEX_POINT('',#14393);
#4484=VERTEX_POINT('',#14404);
#4485=VERTEX_POINT('',#14409);
#4486=VERTEX_POINT('',#14416);
#4487=VERTEX_POINT('',#14418);
#4488=VERTEX_POINT('',#14429);
#4489=VERTEX_POINT('',#14434);
#4490=VERTEX_POINT('',#14441);
#4491=VERTEX_POINT('',#14443);
#4492=VERTEX_POINT('',#14454);
#4493=VERTEX_POINT('',#14459);
#4494=VERTEX_POINT('',#14473);
#4495=VERTEX_POINT('',#14478);
#4496=VERTEX_POINT('',#14492);
#4497=VERTEX_POINT('',#14497);
#4498=VERTEX_POINT('',#14504);
#4499=VERTEX_POINT('',#14506);
#4500=VERTEX_POINT('',#14517);
#4501=VERTEX_POINT('',#14522);
#4502=VERTEX_POINT('',#14536);
#4503=VERTEX_POINT('',#14541);
#4504=VERTEX_POINT('',#14555);
#4505=VERTEX_POINT('',#14560);
#4506=VERTEX_POINT('',#14567);
#4507=VERTEX_POINT('',#14569);
#4508=VERTEX_POINT('',#14580);
#4509=VERTEX_POINT('',#14585);
#4510=VERTEX_POINT('',#14592);
#4511=VERTEX_POINT('',#14594);
#4512=VERTEX_POINT('',#14605);
#4513=VERTEX_POINT('',#14610);
#4514=VERTEX_POINT('',#14617);
#4515=VERTEX_POINT('',#14619);
#4516=VERTEX_POINT('',#14630);
#4517=VERTEX_POINT('',#14635);
#4518=VERTEX_POINT('',#14653);
#4519=VERTEX_POINT('',#14655);
#4520=VERTEX_POINT('',#14669);
#4521=VERTEX_POINT('',#14683);
#4522=VERTEX_POINT('',#14703);
#4523=VERTEX_POINT('',#14705);
#4524=VERTEX_POINT('',#14709);
#4525=VERTEX_POINT('',#14713);
#4526=VERTEX_POINT('',#14726);
#4527=VERTEX_POINT('',#14743);
#4528=VERTEX_POINT('',#14751);
#4529=VERTEX_POINT('',#14755);
#4530=VERTEX_POINT('',#14759);
#4531=VERTEX_POINT('',#14763);
#4532=VERTEX_POINT('',#14767);
#4533=VERTEX_POINT('',#14771);
#4534=VERTEX_POINT('',#14775);
#4535=VERTEX_POINT('',#14779);
#4536=VERTEX_POINT('',#14783);
#4537=VERTEX_POINT('',#14790);
#4538=VERTEX_POINT('',#14791);
#4539=VERTEX_POINT('',#14793);
#4540=VERTEX_POINT('',#14795);
#4541=VERTEX_POINT('',#14808);
#4542=VERTEX_POINT('',#14814);
#4543=VERTEX_POINT('',#14831);
#4544=VERTEX_POINT('',#14837);
#4545=VERTEX_POINT('',#14854);
#4546=VERTEX_POINT('',#14860);
#4547=VERTEX_POINT('',#14877);
#4548=VERTEX_POINT('',#14883);
#4549=VERTEX_POINT('',#14900);
#4550=VERTEX_POINT('',#14906);
#4551=VERTEX_POINT('',#14923);
#4552=VERTEX_POINT('',#14929);
#4553=VERTEX_POINT('',#14946);
#4554=VERTEX_POINT('',#14952);
#4555=VERTEX_POINT('',#14960);
#4556=VERTEX_POINT('',#14962);
#4557=VERTEX_POINT('',#14969);
#4558=VERTEX_POINT('',#14971);
#4559=VERTEX_POINT('',#14975);
#4560=VERTEX_POINT('',#14988);
#4561=VERTEX_POINT('',#15005);
#4562=VERTEX_POINT('',#15022);
#4563=VERTEX_POINT('',#15039);
#4564=VERTEX_POINT('',#15056);
#4565=VERTEX_POINT('',#15073);
#4566=VERTEX_POINT('',#15090);
#4567=VERTEX_POINT('',#15107);
#4568=VERTEX_POINT('',#15124);
#4569=VERTEX_POINT('',#15136);
#4570=VERTEX_POINT('',#15138);
#4571=VERTEX_POINT('',#15142);
#4572=VERTEX_POINT('',#15146);
#4573=VERTEX_POINT('',#15150);
#4574=VERTEX_POINT('',#15154);
#4575=VERTEX_POINT('',#15161);
#4576=VERTEX_POINT('',#15162);
#4577=VERTEX_POINT('',#15164);
#4578=VERTEX_POINT('',#15166);
#4579=VERTEX_POINT('',#15179);
#4580=VERTEX_POINT('',#15185);
#4581=VERTEX_POINT('',#15202);
#4582=VERTEX_POINT('',#15208);
#4583=VERTEX_POINT('',#15225);
#4584=VERTEX_POINT('',#15231);
#4585=VERTEX_POINT('',#15248);
#4586=VERTEX_POINT('',#15254);
#4587=VERTEX_POINT('',#15271);
#4588=VERTEX_POINT('',#15277);
#4589=VERTEX_POINT('',#15285);
#4590=VERTEX_POINT('',#15287);
#4591=VERTEX_POINT('',#15294);
#4592=VERTEX_POINT('',#15296);
#4593=VERTEX_POINT('',#15300);
#4594=VERTEX_POINT('',#15313);
#4595=VERTEX_POINT('',#15330);
#4596=VERTEX_POINT('',#15347);
#4597=VERTEX_POINT('',#15364);
#4598=VERTEX_POINT('',#15381);
#4599=VERTEX_POINT('',#15398);
#4600=VERTEX_POINT('',#15415);
#4601=VERTEX_POINT('',#15423);
#4602=VERTEX_POINT('',#15427);
#4603=VERTEX_POINT('',#15431);
#4604=VERTEX_POINT('',#15444);
#4605=VERTEX_POINT('',#15461);
#4606=VERTEX_POINT('',#15478);
#4607=VERTEX_POINT('',#15495);
#4608=VERTEX_POINT('',#15503);
#4609=VERTEX_POINT('',#15507);
#4610=VERTEX_POINT('',#15515);
#4611=VERTEX_POINT('',#15516);
#4612=VERTEX_POINT('',#15518);
#4613=VERTEX_POINT('',#15520);
#4614=VERTEX_POINT('',#15533);
#4615=VERTEX_POINT('',#15539);
#4616=VERTEX_POINT('',#15556);
#4617=VERTEX_POINT('',#15562);
#4618=VERTEX_POINT('',#15579);
#4619=VERTEX_POINT('',#15585);
#4620=VERTEX_POINT('',#15602);
#4621=VERTEX_POINT('',#15608);
#4622=VERTEX_POINT('',#15625);
#4623=VERTEX_POINT('',#15631);
#4624=VERTEX_POINT('',#15639);
#4625=VERTEX_POINT('',#15641);
#4626=VERTEX_POINT('',#15648);
#4627=VERTEX_POINT('',#15650);
#4628=VERTEX_POINT('',#15654);
#4629=VERTEX_POINT('',#15667);
#4630=VERTEX_POINT('',#15684);
#4631=VERTEX_POINT('',#15701);
#4632=VERTEX_POINT('',#15718);
#4633=VERTEX_POINT('',#15735);
#4634=VERTEX_POINT('',#15752);
#4635=VERTEX_POINT('',#15769);
#4636=VERTEX_POINT('',#15777);
#4637=VERTEX_POINT('',#15781);
#4638=VERTEX_POINT('',#15785);
#4639=VERTEX_POINT('',#15798);
#4640=VERTEX_POINT('',#15815);
#4641=VERTEX_POINT('',#15832);
#4642=VERTEX_POINT('',#15849);
#4643=VERTEX_POINT('',#15857);
#4644=VERTEX_POINT('',#15861);
#4645=VERTEX_POINT('',#15869);
#4646=VERTEX_POINT('',#15871);
#4647=VERTEX_POINT('',#15875);
#4648=VERTEX_POINT('',#15879);
#4649=VERTEX_POINT('',#15892);
#4650=VERTEX_POINT('',#15909);
#4651=VERTEX_POINT('',#15917);
#4652=VERTEX_POINT('',#15921);
#4653=VERTEX_POINT('',#15925);
#4654=VERTEX_POINT('',#15932);
#4655=VERTEX_POINT('',#15934);
#4656=VERTEX_POINT('',#15938);
#4657=VERTEX_POINT('',#15942);
#4658=VERTEX_POINT('',#15955);
#4659=VERTEX_POINT('',#15972);
#4660=VERTEX_POINT('',#15989);
#4661=VERTEX_POINT('',#16006);
#4662=VERTEX_POINT('',#16023);
#4663=VERTEX_POINT('',#16040);
#4664=VERTEX_POINT('',#16057);
#4665=VERTEX_POINT('',#16074);
#4666=VERTEX_POINT('',#16091);
#4667=VERTEX_POINT('',#16108);
#4668=VERTEX_POINT('',#16125);
#4669=VERTEX_POINT('',#16133);
#4670=VERTEX_POINT('',#16146);
#4671=VERTEX_POINT('',#16163);
#4672=VERTEX_POINT('',#16180);
#4673=VERTEX_POINT('',#16197);
#4674=VERTEX_POINT('',#16214);
#4675=VERTEX_POINT('',#16231);
#4676=VERTEX_POINT('',#16248);
#4677=VERTEX_POINT('',#16265);
#4678=VERTEX_POINT('',#16282);
#4679=VERTEX_POINT('',#16299);
#4680=VERTEX_POINT('',#16316);
#4681=VERTEX_POINT('',#16333);
#4682=VERTEX_POINT('',#16341);
#4683=VERTEX_POINT('',#16348);
#4684=VERTEX_POINT('',#16350);
#4685=VERTEX_POINT('',#16354);
#4686=VERTEX_POINT('',#16358);
#4687=VERTEX_POINT('',#16362);
#4688=VERTEX_POINT('',#16366);
#4689=VERTEX_POINT('',#16370);
#4690=VERTEX_POINT('',#16374);
#4691=VERTEX_POINT('',#16390);
#4692=VERTEX_POINT('',#16391);
#4693=VERTEX_POINT('',#16397);
#4694=VERTEX_POINT('',#16399);
#4695=VERTEX_POINT('',#16416);
#4696=VERTEX_POINT('',#16422);
#4697=VERTEX_POINT('',#16439);
#4698=VERTEX_POINT('',#16445);
#4699=VERTEX_POINT('',#16462);
#4700=VERTEX_POINT('',#16468);
#4701=VERTEX_POINT('',#16485);
#4702=VERTEX_POINT('',#16491);
#4703=VERTEX_POINT('',#16508);
#4704=VERTEX_POINT('',#16514);
#4705=VERTEX_POINT('',#16531);
#4706=VERTEX_POINT('',#16537);
#4707=VERTEX_POINT('',#16554);
#4708=VERTEX_POINT('',#16560);
#4709=VERTEX_POINT('',#16597);
#4710=VERTEX_POINT('',#16599);
#4711=VERTEX_POINT('',#16616);
#4712=VERTEX_POINT('',#16633);
#4713=VERTEX_POINT('',#16650);
#4714=VERTEX_POINT('',#16667);
#4715=VERTEX_POINT('',#16684);
#4716=VERTEX_POINT('',#16701);
#4717=VERTEX_POINT('',#16718);
#4718=VERTEX_POINT('',#16735);
#4719=VERTEX_POINT('',#16752);
#4720=VERTEX_POINT('',#16777);
#4721=VERTEX_POINT('',#16778);
#4722=VERTEX_POINT('',#16780);
#4723=VERTEX_POINT('',#16782);
#4724=VERTEX_POINT('',#16786);
#4725=VERTEX_POINT('',#16788);
#4726=VERTEX_POINT('',#16801);
#4727=VERTEX_POINT('',#16807);
#4728=VERTEX_POINT('',#16824);
#4729=VERTEX_POINT('',#16830);
#4730=VERTEX_POINT('',#16841);
#4731=VERTEX_POINT('',#16843);
#4732=VERTEX_POINT('',#16847);
#4733=VERTEX_POINT('',#16851);
#4734=VERTEX_POINT('',#16855);
#4735=VERTEX_POINT('',#16859);
#4736=VERTEX_POINT('',#16863);
#4737=VERTEX_POINT('',#16867);
#4738=VERTEX_POINT('',#16875);
#4739=VERTEX_POINT('',#16877);
#4740=VERTEX_POINT('',#16881);
#4741=VERTEX_POINT('',#16885);
#4742=VERTEX_POINT('',#16892);
#4743=VERTEX_POINT('',#16893);
#4744=VERTEX_POINT('',#16895);
#4745=VERTEX_POINT('',#16897);
#4746=VERTEX_POINT('',#16901);
#4747=VERTEX_POINT('',#16903);
#4748=VERTEX_POINT('',#16916);
#4749=VERTEX_POINT('',#16922);
#4750=VERTEX_POINT('',#16939);
#4751=VERTEX_POINT('',#16945);
#4752=VERTEX_POINT('',#16956);
#4753=VERTEX_POINT('',#16958);
#4754=VERTEX_POINT('',#16962);
#4755=VERTEX_POINT('',#16966);
#4756=VERTEX_POINT('',#16970);
#4757=VERTEX_POINT('',#16974);
#4758=VERTEX_POINT('',#16978);
#4759=VERTEX_POINT('',#16982);
#4760=VERTEX_POINT('',#16990);
#4761=VERTEX_POINT('',#16992);
#4762=VERTEX_POINT('',#16996);
#4763=VERTEX_POINT('',#17000);
#4764=VERTEX_POINT('',#17004);
#4765=VERTEX_POINT('',#17008);
#4766=VERTEX_POINT('',#17012);
#4767=VERTEX_POINT('',#17016);
#4768=VERTEX_POINT('',#17020);
#4769=VERTEX_POINT('',#17024);
#4770=VERTEX_POINT('',#17031);
#4771=VERTEX_POINT('',#17032);
#4772=VERTEX_POINT('',#17034);
#4773=VERTEX_POINT('',#17036);
#4774=VERTEX_POINT('',#17040);
#4775=VERTEX_POINT('',#17042);
#4776=VERTEX_POINT('',#17055);
#4777=VERTEX_POINT('',#17061);
#4778=VERTEX_POINT('',#17078);
#4779=VERTEX_POINT('',#17084);
#4780=VERTEX_POINT('',#17095);
#4781=VERTEX_POINT('',#17097);
#4782=VERTEX_POINT('',#17101);
#4783=VERTEX_POINT('',#17105);
#4784=VERTEX_POINT('',#17109);
#4785=VERTEX_POINT('',#17113);
#4786=VERTEX_POINT('',#17117);
#4787=VERTEX_POINT('',#17121);
#4788=VERTEX_POINT('',#17129);
#4789=VERTEX_POINT('',#17131);
#4790=VERTEX_POINT('',#17135);
#4791=VERTEX_POINT('',#17148);
#4792=VERTEX_POINT('',#17165);
#4793=VERTEX_POINT('',#17182);
#4794=VERTEX_POINT('',#17199);
#4795=VERTEX_POINT('',#17216);
#4796=VERTEX_POINT('',#17233);
#4797=VERTEX_POINT('',#17241);
#4798=VERTEX_POINT('',#17245);
#4799=VERTEX_POINT('',#17249);
#4800=VERTEX_POINT('',#17262);
#4801=VERTEX_POINT('',#17279);
#4802=VERTEX_POINT('',#17296);
#4803=VERTEX_POINT('',#17313);
#4804=VERTEX_POINT('',#17330);
#4805=VERTEX_POINT('',#17350);
#4806=VERTEX_POINT('',#17351);
#4807=VERTEX_POINT('',#17357);
#4808=VERTEX_POINT('',#17359);
#4809=VERTEX_POINT('',#17376);
#4810=VERTEX_POINT('',#17382);
#4811=VERTEX_POINT('',#17399);
#4812=VERTEX_POINT('',#17405);
#4813=VERTEX_POINT('',#17422);
#4814=VERTEX_POINT('',#17428);
#4815=VERTEX_POINT('',#17445);
#4816=VERTEX_POINT('',#17451);
#4817=VERTEX_POINT('',#17468);
#4818=VERTEX_POINT('',#17474);
#4819=VERTEX_POINT('',#17491);
#4820=VERTEX_POINT('',#17497);
#4821=VERTEX_POINT('',#17514);
#4822=VERTEX_POINT('',#17520);
#4823=VERTEX_POINT('',#17557);
#4824=VERTEX_POINT('',#17559);
#4825=VERTEX_POINT('',#17576);
#4826=VERTEX_POINT('',#17593);
#4827=VERTEX_POINT('',#17610);
#4828=VERTEX_POINT('',#17627);
#4829=VERTEX_POINT('',#17644);
#4830=VERTEX_POINT('',#17661);
#4831=VERTEX_POINT('',#17678);
#4832=VERTEX_POINT('',#17695);
#4833=VERTEX_POINT('',#17712);
#4834=VERTEX_POINT('',#17742);
#4835=VERTEX_POINT('',#17744);
#4836=VERTEX_POINT('',#17746);
#4837=VERTEX_POINT('',#17753);
#4838=VERTEX_POINT('',#17757);
#4839=VERTEX_POINT('',#17761);
#4840=VERTEX_POINT('',#17765);
#4841=VERTEX_POINT('',#17769);
#4842=VERTEX_POINT('',#17774);
#4843=VERTEX_POINT('',#17776);
#4844=VERTEX_POINT('',#17780);
#4845=VERTEX_POINT('',#17784);
#4846=VERTEX_POINT('',#17786);
#4847=VERTEX_POINT('',#17791);
#4848=VERTEX_POINT('',#17793);
#4849=VERTEX_POINT('',#17795);
#4850=VERTEX_POINT('',#17797);
#4851=VERTEX_POINT('',#17800);
#4852=VERTEX_POINT('',#17802);
#4853=VERTEX_POINT('',#17804);
#4854=VERTEX_POINT('',#17809);
#4855=VERTEX_POINT('',#17810);
#4856=VERTEX_POINT('',#17812);
#4857=VERTEX_POINT('',#17816);
#4858=VERTEX_POINT('',#17819);
#4859=VERTEX_POINT('',#17822);
#4860=VERTEX_POINT('',#17828);
#4861=VERTEX_POINT('',#17830);
#4862=VERTEX_POINT('',#17834);
#4863=VERTEX_POINT('',#17836);
#4864=VERTEX_POINT('',#17837);
#4865=VERTEX_POINT('',#17842);
#4866=VERTEX_POINT('',#17845);
#4867=VERTEX_POINT('',#17847);
#4868=VERTEX_POINT('',#17852);
#4869=VERTEX_POINT('',#17862);
#4870=VERTEX_POINT('',#17906);
#4871=VERTEX_POINT('',#17908);
#4872=VERTEX_POINT('',#17912);
#4873=VERTEX_POINT('',#17914);
#4874=EDGE_CURVE('',#3942,#3942,#3788,.T.);
#4875=EDGE_CURVE('',#3942,#3943,#1996,.T.);
#4876=EDGE_CURVE('',#3944,#3943,#3789,.T.);
#4877=EDGE_CURVE('',#3945,#3944,#1997,.T.);
#4878=EDGE_CURVE('',#3946,#3945,#3790,.T.);
#4879=EDGE_CURVE('',#3946,#3947,#1998,.T.);
#4880=EDGE_CURVE('',#3947,#3948,#1678,.T.);
#4881=EDGE_CURVE('',#3949,#3948,#1999,.T.);
#4882=EDGE_CURVE('',#3950,#3949,#3791,.T.);
#4883=EDGE_CURVE('',#3951,#3950,#2000,.T.);
#4884=EDGE_CURVE('',#3943,#3951,#3792,.T.);
#4885=EDGE_CURVE('',#3952,#3952,#3793,.T.);
#4886=EDGE_CURVE('',#3952,#3953,#2001,.T.);
#4887=EDGE_CURVE('',#3953,#3953,#3794,.T.);
#4888=EDGE_CURVE('',#3954,#3954,#3795,.T.);
#4889=EDGE_CURVE('',#3954,#3955,#2002,.T.);
#4890=EDGE_CURVE('',#3955,#3955,#3796,.T.);
#4891=EDGE_CURVE('',#3956,#3956,#3797,.T.);
#4892=EDGE_CURVE('',#3956,#3957,#2003,.T.);
#4893=EDGE_CURVE('',#3957,#3957,#3798,.T.);
#4894=EDGE_CURVE('',#3958,#3958,#3799,.T.);
#4895=EDGE_CURVE('',#3958,#3959,#2004,.T.);
#4896=EDGE_CURVE('',#3959,#3959,#3800,.T.);
#4897=EDGE_CURVE('',#3960,#3960,#3801,.T.);
#4898=EDGE_CURVE('',#3960,#3961,#2005,.T.);
#4899=EDGE_CURVE('',#3961,#3961,#3802,.T.);
#4900=EDGE_CURVE('',#3962,#3962,#3803,.T.);
#4901=EDGE_CURVE('',#3962,#3963,#2006,.T.);
#4902=EDGE_CURVE('',#3963,#3963,#3804,.T.);
#4903=EDGE_CURVE('',#3964,#3965,#2007,.T.);
#4904=EDGE_CURVE('',#3966,#3964,#3805,.T.);
#4905=EDGE_CURVE('',#3967,#3966,#2008,.T.);
#4906=EDGE_CURVE('',#3965,#3967,#3806,.T.);
#4907=EDGE_CURVE('',#3968,#3969,#1679,.T.);
#4908=EDGE_CURVE('',#3969,#3968,#1680,.T.);
#4909=EDGE_CURVE('',#3970,#3947,#1681,.T.);
#4910=EDGE_CURVE('',#3948,#3970,#1682,.T.);
#4911=EDGE_CURVE('',#3971,#3972,#1683,.T.);
#4912=EDGE_CURVE('',#3972,#3971,#1684,.T.);
#4913=EDGE_CURVE('',#3973,#3974,#1685,.T.);
#4914=EDGE_CURVE('',#3975,#3973,#1686,.T.);
#4915=EDGE_CURVE('',#3974,#3975,#1687,.T.);
#4916=EDGE_CURVE('',#3976,#3977,#1688,.T.);
#4917=EDGE_CURVE('',#3977,#3976,#1689,.T.);
#4918=EDGE_CURVE('',#3978,#3967,#2009,.T.);
#4919=EDGE_CURVE('',#3979,#3978,#2010,.T.);
#4920=EDGE_CURVE('',#3979,#3965,#2011,.T.);
#4921=EDGE_CURVE('',#3980,#3966,#2012,.T.);
#4922=EDGE_CURVE('',#3978,#3980,#2013,.T.);
#4923=EDGE_CURVE('',#3973,#3981,#2014,.T.);
#4924=EDGE_CURVE('',#3982,#3981,#3807,.T.);
#4925=EDGE_CURVE('',#3982,#3975,#2015,.T.);
#4926=EDGE_CURVE('',#3971,#3983,#2016,.T.);
#4927=EDGE_CURVE('',#3984,#3983,#3808,.T.);
#4928=EDGE_CURVE('',#3985,#3984,#2017,.T.);
#4929=EDGE_CURVE('',#3986,#3985,#3809,.T.);
#4930=EDGE_CURVE('',#3986,#3987,#2018,.T.);
#4931=EDGE_CURVE('',#3988,#3987,#3810,.T.);
#4932=EDGE_CURVE('',#3988,#3972,#2019,.T.);
#4933=EDGE_CURVE('',#3970,#3989,#2020,.T.);
#4934=EDGE_CURVE('',#3990,#3989,#3811,.T.);
#4935=EDGE_CURVE('',#3991,#3990,#2021,.T.);
#4936=EDGE_CURVE('',#3951,#3991,#3812,.T.);
#4937=EDGE_CURVE('',#3949,#3950,#3813,.T.);
#4938=EDGE_CURVE('',#3992,#3964,#2022,.T.);
#4939=EDGE_CURVE('',#3980,#3992,#2023,.T.);
#4940=EDGE_CURVE('',#3992,#3979,#2024,.T.);
#4941=EDGE_CURVE('',#3993,#3994,#1690,.T.);
#4942=EDGE_CURVE('',#3995,#3993,#1691,.T.);
#4943=EDGE_CURVE('',#3995,#3996,#64,.T.);
#4944=EDGE_CURVE('',#3996,#3994,#65,.T.);
#4945=EDGE_CURVE('',#3997,#3995,#2025,.T.);
#4946=EDGE_CURVE('',#3997,#3998,#3814,.F.);
#4947=EDGE_CURVE('',#3998,#3996,#2026,.T.);
#4948=EDGE_CURVE('',#3999,#3997,#3815,.T.);
#4949=EDGE_CURVE('',#4000,#3999,#3816,.F.);
#4950=EDGE_CURVE('',#3998,#4000,#3817,.F.);
#4951=EDGE_CURVE('',#4001,#3999,#2027,.T.);
#4952=EDGE_CURVE('',#4001,#4002,#1692,.T.);
#4953=EDGE_CURVE('',#4002,#4000,#2028,.T.);
#4954=EDGE_CURVE('',#3994,#4003,#2029,.T.);
#4955=EDGE_CURVE('',#3996,#4004,#2030,.T.);
#4956=EDGE_CURVE('',#4005,#4004,#3818,.T.);
#4957=EDGE_CURVE('',#4006,#4005,#2031,.T.);
#4958=EDGE_CURVE('',#4006,#4003,#3819,.F.);
#4959=EDGE_CURVE('',#4003,#4007,#3820,.T.);
#4960=EDGE_CURVE('',#4008,#4006,#3821,.T.);
#4961=EDGE_CURVE('',#4007,#4008,#3822,.F.);
#4962=EDGE_CURVE('',#4007,#4009,#2032,.T.);
#4963=EDGE_CURVE('',#4010,#4008,#2033,.T.);
#4964=EDGE_CURVE('',#4009,#4010,#66,.T.);
#4965=EDGE_CURVE('',#4011,#4012,#1693,.T.);
#4966=EDGE_CURVE('',#4009,#4011,#1694,.T.);
#4967=EDGE_CURVE('',#4013,#4010,#1695,.T.);
#4968=EDGE_CURVE('',#4014,#4013,#1696,.T.);
#4969=EDGE_CURVE('',#4014,#4012,#67,.T.);
#4970=EDGE_CURVE('',#4012,#4015,#2034,.T.);
#4971=EDGE_CURVE('',#4016,#4014,#2035,.T.);
#4972=EDGE_CURVE('',#4016,#4015,#3823,.T.);
#4973=EDGE_CURVE('',#4017,#4001,#3824,.T.);
#4974=EDGE_CURVE('',#4018,#4017,#1697,.T.);
#4975=EDGE_CURVE('',#4019,#4018,#2036,.T.);
#4976=EDGE_CURVE('',#4020,#4019,#1698,.T.);
#4977=EDGE_CURVE('',#4021,#4020,#3825,.T.);
#4978=EDGE_CURVE('',#4022,#4021,#2037,.T.);
#4979=EDGE_CURVE('',#4023,#4022,#3826,.T.);
#4980=EDGE_CURVE('',#4024,#4023,#2038,.T.);
#4981=EDGE_CURVE('',#4025,#4024,#3827,.T.);
#4982=EDGE_CURVE('',#4026,#4025,#1699,.T.);
#4983=EDGE_CURVE('',#4002,#4026,#2039,.T.);
#4984=EDGE_CURVE('',#4027,#4028,#2040,.T.);
#4985=EDGE_CURVE('',#4029,#4027,#2041,.T.);
#4986=EDGE_CURVE('',#4030,#4029,#2042,.T.);
#4987=EDGE_CURVE('',#4028,#4030,#2043,.T.);
#4988=EDGE_CURVE('',#4031,#4027,#2044,.T.);
#4989=EDGE_CURVE('',#4032,#4028,#2045,.T.);
#4990=EDGE_CURVE('',#4033,#4032,#2046,.T.);
#4991=EDGE_CURVE('',#4025,#4033,#2047,.T.);
#4992=EDGE_CURVE('',#4031,#4024,#2048,.T.);
#4993=EDGE_CURVE('',#4034,#4035,#2049,.T.);
#4994=EDGE_CURVE('',#4034,#4036,#2050,.T.);
#4995=EDGE_CURVE('',#4037,#4036,#2051,.T.);
#4996=EDGE_CURVE('',#4035,#4037,#3828,.T.);
#4997=EDGE_CURVE('',#4038,#4034,#2052,.T.);
#4998=EDGE_CURVE('',#4038,#4039,#2053,.T.);
#4999=EDGE_CURVE('',#4036,#4039,#2054,.T.);
#5000=EDGE_CURVE('',#4035,#4040,#2055,.T.);
#5001=EDGE_CURVE('',#4041,#4037,#2056,.T.);
#5002=EDGE_CURVE('',#4041,#4042,#1700,.T.);
#5003=EDGE_CURVE('',#4042,#4040,#3829,.F.);
#5004=EDGE_CURVE('',#4043,#4044,#1701,.T.);
#5005=EDGE_CURVE('',#4043,#4045,#68,.T.);
#5006=EDGE_CURVE('',#4045,#4046,#69,.T.);
#5007=EDGE_CURVE('',#4044,#4046,#1702,.T.);
#5008=EDGE_CURVE('',#4042,#4047,#1703,.T.);
#5009=EDGE_CURVE('',#4047,#4041,#3830,.T.);
#5010=EDGE_CURVE('',#4046,#4017,#2057,.T.);
#5011=EDGE_CURVE('',#4045,#4018,#2058,.T.);
#5012=EDGE_CURVE('',#4048,#4045,#2059,.T.);
#5013=EDGE_CURVE('',#4049,#4048,#2060,.T.);
#5014=EDGE_CURVE('',#4019,#4049,#2061,.T.);
#5015=EDGE_CURVE('',#4050,#4026,#2062,.T.);
#5016=EDGE_CURVE('',#4000,#4050,#2063,.T.);
#5017=EDGE_CURVE('',#4051,#4020,#2064,.T.);
#5018=EDGE_CURVE('',#4021,#4051,#2065,.T.);
#5019=EDGE_CURVE('',#4051,#4049,#3831,.T.);
#5020=EDGE_CURVE('',#4033,#4050,#3832,.F.);
#5021=EDGE_CURVE('',#4040,#4052,#3833,.T.);
#5022=EDGE_CURVE('',#4053,#4047,#3834,.T.);
#5023=EDGE_CURVE('',#4052,#4053,#3835,.F.);
#5024=EDGE_CURVE('',#4054,#4033,#3836,.F.);
#5025=EDGE_CURVE('',#4050,#4054,#3837,.F.);
#5026=EDGE_CURVE('',#4055,#4032,#3838,.T.);
#5027=EDGE_CURVE('',#4055,#4054,#2066,.T.);
#5028=EDGE_CURVE('',#4052,#4043,#2067,.T.);
#5029=EDGE_CURVE('',#4056,#4053,#2068,.T.);
#5030=EDGE_CURVE('',#4048,#4056,#3839,.T.);
#5031=EDGE_CURVE('',#4054,#3998,#2069,.T.);
#5032=EDGE_CURVE('',#4057,#4058,#2070,.T.);
#5033=EDGE_CURVE('',#4058,#3978,#70,.T.);
#5034=EDGE_CURVE('',#3980,#4057,#71,.T.);
#5035=EDGE_CURVE('',#4057,#4059,#2071,.T.);
#5036=EDGE_CURVE('',#4060,#4059,#2072,.T.);
#5037=EDGE_CURVE('',#4058,#4060,#2073,.T.);
#5038=EDGE_CURVE('',#4061,#4062,#2074,.T.);
#5039=EDGE_CURVE('',#4062,#4063,#2075,.T.);
#5040=EDGE_CURVE('',#4063,#4064,#2076,.T.);
#5041=EDGE_CURVE('',#4064,#4061,#2077,.T.);
#5042=EDGE_CURVE('',#4065,#4065,#3840,.T.);
#5043=EDGE_CURVE('',#4066,#4066,#3841,.T.);
#5044=EDGE_CURVE('',#4067,#4067,#3842,.T.);
#5045=EDGE_CURVE('',#4068,#4069,#1704,.T.);
#5046=EDGE_CURVE('',#4069,#4070,#1705,.T.);
#5047=EDGE_CURVE('',#4070,#4071,#2078,.T.);
#5048=EDGE_CURVE('',#4071,#4072,#1706,.T.);
#5049=EDGE_CURVE('',#4072,#4073,#1707,.T.);
#5050=EDGE_CURVE('',#4073,#4074,#2079,.T.);
#5051=EDGE_CURVE('',#4074,#4075,#1708,.T.);
#5052=EDGE_CURVE('',#4075,#4076,#2080,.T.);
#5053=EDGE_CURVE('',#4076,#4077,#2081,.T.);
#5054=EDGE_CURVE('',#4077,#4078,#2082,.T.);
#5055=EDGE_CURVE('',#4078,#4079,#1709,.T.);
#5056=EDGE_CURVE('',#4079,#4080,#1710,.T.);
#5057=EDGE_CURVE('',#4080,#4068,#2083,.T.);
#5058=EDGE_CURVE('',#4081,#4038,#2084,.T.);
#5059=EDGE_CURVE('',#4064,#4081,#2085,.T.);
#5060=EDGE_CURVE('',#4063,#4029,#2086,.T.);
#5061=EDGE_CURVE('',#4082,#4031,#2087,.T.);
#5062=EDGE_CURVE('',#4083,#4082,#2088,.T.);
#5063=EDGE_CURVE('',#4039,#4083,#2089,.T.);
#5064=EDGE_CURVE('',#4084,#4013,#2090,.T.);
#5065=EDGE_CURVE('',#4084,#4085,#2091,.F.);
#5066=EDGE_CURVE('',#4085,#4086,#2092,.T.);
#5067=EDGE_CURVE('',#4086,#4087,#2093,.T.);
#5068=EDGE_CURVE('',#4087,#4088,#2094,.T.);
#5069=EDGE_CURVE('',#4056,#4088,#2095,.F.);
#5070=EDGE_CURVE('',#4083,#4089,#2096,.T.);
#5071=EDGE_CURVE('',#4089,#4016,#2097,.T.);
#5072=EDGE_CURVE('',#4090,#4090,#3843,.T.);
#5073=EDGE_CURVE('',#4091,#4091,#3844,.F.);
#5074=EDGE_CURVE('',#4092,#4092,#3845,.F.);
#5075=EDGE_CURVE('',#4023,#4022,#2098,.T.);
#5076=EDGE_CURVE('',#4048,#4093,#2099,.T.);
#5077=EDGE_CURVE('',#4093,#4094,#2100,.T.);
#5078=EDGE_CURVE('',#4095,#4094,#2101,.T.);
#5079=EDGE_CURVE('',#4096,#4095,#2102,.F.);
#5080=EDGE_CURVE('',#4096,#4097,#2103,.T.);
#5081=EDGE_CURVE('',#4097,#4082,#2104,.T.);
#5082=EDGE_CURVE('',#4098,#4098,#3846,.T.);
#5083=EDGE_CURVE('',#4099,#4099,#3847,.T.);
#5084=EDGE_CURVE('',#4100,#4100,#3848,.T.);
#5085=EDGE_CURVE('',#4088,#4101,#2105,.T.);
#5086=EDGE_CURVE('',#4101,#4102,#2106,.T.);
#5087=EDGE_CURVE('',#4102,#4093,#2107,.F.);
#5088=EDGE_CURVE('',#4004,#4103,#2108,.T.);
#5089=EDGE_CURVE('',#4005,#4103,#2109,.F.);
#5090=EDGE_CURVE('',#4104,#4105,#1711,.T.);
#5091=EDGE_CURVE('',#4104,#4106,#2110,.T.);
#5092=EDGE_CURVE('',#4107,#4106,#1712,.T.);
#5093=EDGE_CURVE('',#4105,#4107,#2111,.T.);
#5094=EDGE_CURVE('',#4105,#4108,#1713,.T.);
#5095=EDGE_CURVE('',#4109,#4107,#1714,.T.);
#5096=EDGE_CURVE('',#4108,#4109,#2112,.T.);
#5097=EDGE_CURVE('',#4108,#4110,#2113,.T.);
#5098=EDGE_CURVE('',#4111,#4109,#2114,.T.);
#5099=EDGE_CURVE('',#4110,#4111,#2115,.T.);
#5100=EDGE_CURVE('',#4110,#4112,#1715,.T.);
#5101=EDGE_CURVE('',#4113,#4111,#1716,.T.);
#5102=EDGE_CURVE('',#4112,#4113,#2116,.T.);
#5103=EDGE_CURVE('',#4112,#4114,#1717,.T.);
#5104=EDGE_CURVE('',#4115,#4113,#1718,.T.);
#5105=EDGE_CURVE('',#4114,#4115,#2117,.T.);
#5106=EDGE_CURVE('',#4114,#4116,#2118,.T.);
#5107=EDGE_CURVE('',#4117,#4115,#2119,.T.);
#5108=EDGE_CURVE('',#4116,#4117,#2120,.T.);
#5109=EDGE_CURVE('',#4116,#4118,#1719,.T.);
#5110=EDGE_CURVE('',#4119,#4117,#1720,.T.);
#5111=EDGE_CURVE('',#4118,#4119,#2121,.T.);
#5112=EDGE_CURVE('',#4118,#4120,#2122,.T.);
#5113=EDGE_CURVE('',#4121,#4119,#2123,.T.);
#5114=EDGE_CURVE('',#4120,#4121,#2124,.T.);
#5115=EDGE_CURVE('',#4120,#4122,#2125,.T.);
#5116=EDGE_CURVE('',#4123,#4121,#2126,.T.);
#5117=EDGE_CURVE('',#4122,#4123,#2127,.T.);
#5118=EDGE_CURVE('',#4122,#4124,#2128,.T.);
#5119=EDGE_CURVE('',#4125,#4123,#2129,.T.);
#5120=EDGE_CURVE('',#4124,#4125,#2130,.T.);
#5121=EDGE_CURVE('',#4124,#4126,#1721,.T.);
#5122=EDGE_CURVE('',#4127,#4125,#1722,.T.);
#5123=EDGE_CURVE('',#4126,#4127,#2131,.T.);
#5124=EDGE_CURVE('',#4126,#4128,#1723,.T.);
#5125=EDGE_CURVE('',#4129,#4127,#1724,.T.);
#5126=EDGE_CURVE('',#4128,#4129,#2132,.T.);
#5127=EDGE_CURVE('',#4128,#4104,#2133,.T.);
#5128=EDGE_CURVE('',#4106,#4129,#2134,.T.);
#5129=EDGE_CURVE('',#4068,#4130,#2135,.T.);
#5130=EDGE_CURVE('',#4131,#4130,#1725,.T.);
#5131=EDGE_CURVE('',#4069,#4131,#2136,.T.);
#5132=EDGE_CURVE('',#4132,#4131,#1726,.T.);
#5133=EDGE_CURVE('',#4070,#4132,#2137,.T.);
#5134=EDGE_CURVE('',#4133,#4132,#2138,.T.);
#5135=EDGE_CURVE('',#4071,#4133,#2139,.T.);
#5136=EDGE_CURVE('',#4134,#4133,#1727,.T.);
#5137=EDGE_CURVE('',#4072,#4134,#2140,.T.);
#5138=EDGE_CURVE('',#4135,#4134,#1728,.T.);
#5139=EDGE_CURVE('',#4073,#4135,#2141,.T.);
#5140=EDGE_CURVE('',#4136,#4135,#2142,.T.);
#5141=EDGE_CURVE('',#4074,#4136,#2143,.T.);
#5142=EDGE_CURVE('',#4137,#4136,#1729,.T.);
#5143=EDGE_CURVE('',#4075,#4137,#2144,.T.);
#5144=EDGE_CURVE('',#4138,#4137,#2145,.T.);
#5145=EDGE_CURVE('',#4076,#4138,#2146,.T.);
#5146=EDGE_CURVE('',#4139,#4138,#2147,.T.);
#5147=EDGE_CURVE('',#4077,#4139,#2148,.T.);
#5148=EDGE_CURVE('',#4140,#4139,#2149,.T.);
#5149=EDGE_CURVE('',#4078,#4140,#2150,.T.);
#5150=EDGE_CURVE('',#4141,#4140,#1730,.T.);
#5151=EDGE_CURVE('',#4079,#4141,#2151,.T.);
#5152=EDGE_CURVE('',#4142,#4141,#1731,.T.);
#5153=EDGE_CURVE('',#4080,#4142,#2152,.T.);
#5154=EDGE_CURVE('',#4130,#4142,#2153,.T.);
#5155=EDGE_CURVE('',#4058,#4143,#2154,.T.);
#5156=EDGE_CURVE('',#4144,#4060,#2155,.T.);
#5157=EDGE_CURVE('',#4145,#4144,#2156,.F.);
#5158=EDGE_CURVE('',#4146,#4145,#2157,.T.);
#5159=EDGE_CURVE('',#4146,#4147,#2158,.T.);
#5160=EDGE_CURVE('',#4147,#4148,#2159,.T.);
#5161=EDGE_CURVE('',#4148,#4143,#2160,.T.);
#5162=EDGE_CURVE('',#4149,#4150,#2161,.T.);
#5163=EDGE_CURVE('',#4150,#4151,#2162,.T.);
#5164=EDGE_CURVE('',#4151,#4152,#2163,.T.);
#5165=EDGE_CURVE('',#4152,#4149,#2164,.T.);
#5166=EDGE_CURVE('',#4059,#4153,#2165,.T.);
#5167=EDGE_CURVE('',#4153,#4144,#2166,.T.);
#5168=EDGE_CURVE('',#4154,#4155,#2167,.T.);
#5169=EDGE_CURVE('',#4155,#4156,#2168,.T.);
#5170=EDGE_CURVE('',#4156,#4157,#2169,.T.);
#5171=EDGE_CURVE('',#4157,#4158,#1732,.T.);
#5172=EDGE_CURVE('',#4158,#4159,#1733,.T.);
#5173=EDGE_CURVE('',#4159,#4160,#2170,.T.);
#5174=EDGE_CURVE('',#4160,#4161,#2171,.T.);
#5175=EDGE_CURVE('',#4161,#4162,#2172,.T.);
#5176=EDGE_CURVE('',#4162,#4163,#2173,.T.);
#5177=EDGE_CURVE('',#4163,#4164,#2174,.T.);
#5178=EDGE_CURVE('',#4164,#4165,#2175,.T.);
#5179=EDGE_CURVE('',#4165,#4166,#2176,.T.);
#5180=EDGE_CURVE('',#4166,#4167,#2177,.T.);
#5181=EDGE_CURVE('',#4167,#4168,#2178,.T.);
#5182=EDGE_CURVE('',#4168,#4154,#2179,.T.);
#5183=EDGE_CURVE('',#4169,#4170,#2180,.T.);
#5184=EDGE_CURVE('',#4170,#4171,#2181,.T.);
#5185=EDGE_CURVE('',#4171,#4172,#2182,.T.);
#5186=EDGE_CURVE('',#4172,#4173,#2183,.T.);
#5187=EDGE_CURVE('',#4173,#4174,#2184,.T.);
#5188=EDGE_CURVE('',#4174,#4169,#2185,.T.);
#5189=EDGE_CURVE('',#4175,#4176,#2186,.T.);
#5190=EDGE_CURVE('',#4176,#4177,#2187,.T.);
#5191=EDGE_CURVE('',#4177,#4178,#1734,.T.);
#5192=EDGE_CURVE('',#4178,#4179,#1735,.T.);
#5193=EDGE_CURVE('',#4179,#4180,#1736,.T.);
#5194=EDGE_CURVE('',#4180,#4181,#1737,.T.);
#5195=EDGE_CURVE('',#4181,#4182,#1738,.T.);
#5196=EDGE_CURVE('',#4182,#4183,#1739,.T.);
#5197=EDGE_CURVE('',#4183,#4184,#1740,.T.);
#5198=EDGE_CURVE('',#4184,#4185,#2188,.T.);
#5199=EDGE_CURVE('',#4185,#4186,#2189,.T.);
#5200=EDGE_CURVE('',#4186,#4187,#2190,.T.);
#5201=EDGE_CURVE('',#4187,#4188,#1741,.T.);
#5202=EDGE_CURVE('',#4188,#4189,#1742,.T.);
#5203=EDGE_CURVE('',#4189,#4190,#1743,.T.);
#5204=EDGE_CURVE('',#4190,#4191,#1744,.T.);
#5205=EDGE_CURVE('',#4191,#4192,#2191,.T.);
#5206=EDGE_CURVE('',#4192,#4193,#2192,.T.);
#5207=EDGE_CURVE('',#4193,#4175,#2193,.T.);
#5208=EDGE_CURVE('',#4194,#4195,#2194,.T.);
#5209=EDGE_CURVE('',#4195,#4196,#2195,.T.);
#5210=EDGE_CURVE('',#4196,#4197,#2196,.T.);
#5211=EDGE_CURVE('',#4197,#4198,#1745,.T.);
#5212=EDGE_CURVE('',#4198,#4199,#1746,.T.);
#5213=EDGE_CURVE('',#4199,#4200,#1747,.T.);
#5214=EDGE_CURVE('',#4200,#4201,#1748,.T.);
#5215=EDGE_CURVE('',#4201,#4202,#1749,.T.);
#5216=EDGE_CURVE('',#4202,#4203,#1750,.T.);
#5217=EDGE_CURVE('',#4203,#4204,#1751,.T.);
#5218=EDGE_CURVE('',#4204,#4205,#1752,.T.);
#5219=EDGE_CURVE('',#4205,#4206,#1753,.T.);
#5220=EDGE_CURVE('',#4206,#4207,#1754,.T.);
#5221=EDGE_CURVE('',#4207,#4208,#1755,.T.);
#5222=EDGE_CURVE('',#4208,#4209,#2197,.T.);
#5223=EDGE_CURVE('',#4209,#4210,#1756,.T.);
#5224=EDGE_CURVE('',#4210,#4211,#1757,.T.);
#5225=EDGE_CURVE('',#4211,#4212,#1758,.T.);
#5226=EDGE_CURVE('',#4212,#4213,#1759,.T.);
#5227=EDGE_CURVE('',#4213,#4214,#1760,.T.);
#5228=EDGE_CURVE('',#4214,#4215,#1761,.T.);
#5229=EDGE_CURVE('',#4215,#4216,#1762,.T.);
#5230=EDGE_CURVE('',#4216,#4217,#1763,.T.);
#5231=EDGE_CURVE('',#4217,#4218,#1764,.T.);
#5232=EDGE_CURVE('',#4218,#4219,#1765,.T.);
#5233=EDGE_CURVE('',#4219,#4220,#1766,.T.);
#5234=EDGE_CURVE('',#4220,#4221,#1767,.T.);
#5235=EDGE_CURVE('',#4221,#4222,#2198,.T.);
#5236=EDGE_CURVE('',#4222,#4194,#2199,.T.);
#5237=EDGE_CURVE('',#4223,#4224,#1768,.T.);
#5238=EDGE_CURVE('',#4224,#4225,#1769,.T.);
#5239=EDGE_CURVE('',#4225,#4226,#1770,.T.);
#5240=EDGE_CURVE('',#4226,#4227,#1771,.T.);
#5241=EDGE_CURVE('',#4227,#4228,#1772,.T.);
#5242=EDGE_CURVE('',#4228,#4229,#1773,.T.);
#5243=EDGE_CURVE('',#4229,#4230,#1774,.T.);
#5244=EDGE_CURVE('',#4230,#4231,#1775,.T.);
#5245=EDGE_CURVE('',#4231,#4232,#1776,.T.);
#5246=EDGE_CURVE('',#4232,#4233,#1777,.T.);
#5247=EDGE_CURVE('',#4233,#4223,#1778,.T.);
#5248=EDGE_CURVE('',#4234,#4235,#2200,.T.);
#5249=EDGE_CURVE('',#4235,#4236,#2201,.T.);
#5250=EDGE_CURVE('',#4236,#4237,#2202,.T.);
#5251=EDGE_CURVE('',#4237,#4234,#2203,.T.);
#5252=EDGE_CURVE('',#4238,#4239,#2204,.T.);
#5253=EDGE_CURVE('',#4239,#4240,#2205,.T.);
#5254=EDGE_CURVE('',#4240,#4241,#2206,.T.);
#5255=EDGE_CURVE('',#4241,#4242,#2207,.T.);
#5256=EDGE_CURVE('',#4242,#4243,#2208,.T.);
#5257=EDGE_CURVE('',#4243,#4244,#2209,.T.);
#5258=EDGE_CURVE('',#4244,#4245,#2210,.T.);
#5259=EDGE_CURVE('',#4245,#4246,#2211,.T.);
#5260=EDGE_CURVE('',#4246,#4247,#2212,.T.);
#5261=EDGE_CURVE('',#4247,#4238,#2213,.T.);
#5262=EDGE_CURVE('',#4248,#4249,#1779,.T.);
#5263=EDGE_CURVE('',#4249,#4250,#1780,.T.);
#5264=EDGE_CURVE('',#4250,#4251,#1781,.T.);
#5265=EDGE_CURVE('',#4251,#4252,#1782,.T.);
#5266=EDGE_CURVE('',#4252,#4253,#1783,.T.);
#5267=EDGE_CURVE('',#4253,#4254,#1784,.T.);
#5268=EDGE_CURVE('',#4254,#4255,#1785,.T.);
#5269=EDGE_CURVE('',#4255,#4256,#1786,.T.);
#5270=EDGE_CURVE('',#4256,#4257,#1787,.T.);
#5271=EDGE_CURVE('',#4257,#4258,#1788,.T.);
#5272=EDGE_CURVE('',#4258,#4248,#1789,.T.);
#5273=EDGE_CURVE('',#4259,#4259,#3849,.T.);
#5274=EDGE_CURVE('',#4260,#4260,#3850,.T.);
#5275=EDGE_CURVE('',#4261,#4261,#3851,.T.);
#5276=EDGE_CURVE('',#4262,#4262,#3852,.T.);
#5277=EDGE_CURVE('',#4094,#4263,#2214,.T.);
#5278=EDGE_CURVE('',#4263,#4264,#2215,.T.);
#5279=EDGE_CURVE('',#4264,#4095,#2216,.T.);
#5280=EDGE_CURVE('',#4265,#4266,#2217,.T.);
#5281=EDGE_CURVE('',#4266,#4267,#2218,.T.);
#5282=EDGE_CURVE('',#4267,#4268,#1790,.T.);
#5283=EDGE_CURVE('',#4268,#4269,#1791,.T.);
#5284=EDGE_CURVE('',#4269,#4270,#1792,.T.);
#5285=EDGE_CURVE('',#4270,#4271,#1793,.T.);
#5286=EDGE_CURVE('',#4271,#4272,#1794,.T.);
#5287=EDGE_CURVE('',#4272,#4273,#1795,.T.);
#5288=EDGE_CURVE('',#4273,#4274,#2219,.T.);
#5289=EDGE_CURVE('',#4274,#4275,#2220,.T.);
#5290=EDGE_CURVE('',#4275,#4276,#2221,.T.);
#5291=EDGE_CURVE('',#4276,#4277,#1796,.T.);
#5292=EDGE_CURVE('',#4277,#4278,#1797,.T.);
#5293=EDGE_CURVE('',#4278,#4279,#1798,.T.);
#5294=EDGE_CURVE('',#4279,#4280,#1799,.T.);
#5295=EDGE_CURVE('',#4280,#4281,#1800,.T.);
#5296=EDGE_CURVE('',#4281,#4265,#2222,.T.);
#5297=EDGE_CURVE('',#4282,#4283,#2223,.T.);
#5298=EDGE_CURVE('',#4283,#4284,#2224,.T.);
#5299=EDGE_CURVE('',#4284,#4285,#2225,.T.);
#5300=EDGE_CURVE('',#4285,#4286,#2226,.T.);
#5301=EDGE_CURVE('',#4286,#4287,#2227,.T.);
#5302=EDGE_CURVE('',#4287,#4288,#2228,.T.);
#5303=EDGE_CURVE('',#4288,#4289,#2229,.T.);
#5304=EDGE_CURVE('',#4289,#4282,#2230,.T.);
#5305=EDGE_CURVE('',#4290,#4291,#2231,.T.);
#5306=EDGE_CURVE('',#4291,#4292,#2232,.T.);
#5307=EDGE_CURVE('',#4292,#4293,#2233,.T.);
#5308=EDGE_CURVE('',#4293,#4294,#2234,.T.);
#5309=EDGE_CURVE('',#4294,#4295,#2235,.T.);
#5310=EDGE_CURVE('',#4295,#4296,#2236,.T.);
#5311=EDGE_CURVE('',#4296,#4297,#2237,.T.);
#5312=EDGE_CURVE('',#4297,#4290,#2238,.T.);
#5313=EDGE_CURVE('',#4298,#4299,#2239,.T.);
#5314=EDGE_CURVE('',#4299,#4300,#2240,.T.);
#5315=EDGE_CURVE('',#4300,#4301,#2241,.T.);
#5316=EDGE_CURVE('',#4301,#4302,#2242,.T.);
#5317=EDGE_CURVE('',#4302,#4303,#2243,.T.);
#5318=EDGE_CURVE('',#4303,#4304,#2244,.T.);
#5319=EDGE_CURVE('',#4304,#4305,#2245,.T.);
#5320=EDGE_CURVE('',#4305,#4298,#2246,.T.);
#5321=EDGE_CURVE('',#4306,#4307,#2247,.T.);
#5322=EDGE_CURVE('',#4307,#4308,#2248,.T.);
#5323=EDGE_CURVE('',#4308,#4309,#2249,.T.);
#5324=EDGE_CURVE('',#4309,#4310,#2250,.T.);
#5325=EDGE_CURVE('',#4310,#4311,#2251,.T.);
#5326=EDGE_CURVE('',#4311,#4312,#2252,.T.);
#5327=EDGE_CURVE('',#4312,#4313,#2253,.T.);
#5328=EDGE_CURVE('',#4313,#4306,#2254,.T.);
#5329=EDGE_CURVE('',#4314,#4315,#2255,.T.);
#5330=EDGE_CURVE('',#4315,#4316,#2256,.T.);
#5331=EDGE_CURVE('',#4316,#4317,#2257,.T.);
#5332=EDGE_CURVE('',#4317,#4318,#1801,.T.);
#5333=EDGE_CURVE('',#4318,#4319,#1802,.T.);
#5334=EDGE_CURVE('',#4319,#4320,#2258,.T.);
#5335=EDGE_CURVE('',#4320,#4321,#2259,.T.);
#5336=EDGE_CURVE('',#4321,#4322,#2260,.T.);
#5337=EDGE_CURVE('',#4322,#4314,#2261,.T.);
#5338=EDGE_CURVE('',#4323,#4324,#2262,.T.);
#5339=EDGE_CURVE('',#4324,#4325,#2263,.T.);
#5340=EDGE_CURVE('',#4325,#4326,#1803,.T.);
#5341=EDGE_CURVE('',#4326,#4327,#1804,.T.);
#5342=EDGE_CURVE('',#4327,#4328,#1805,.T.);
#5343=EDGE_CURVE('',#4328,#4329,#1806,.T.);
#5344=EDGE_CURVE('',#4329,#4330,#1807,.T.);
#5345=EDGE_CURVE('',#4330,#4331,#1808,.T.);
#5346=EDGE_CURVE('',#4331,#4332,#1809,.T.);
#5347=EDGE_CURVE('',#4332,#4333,#2264,.T.);
#5348=EDGE_CURVE('',#4333,#4334,#2265,.T.);
#5349=EDGE_CURVE('',#4334,#4335,#2266,.T.);
#5350=EDGE_CURVE('',#4335,#4336,#1810,.T.);
#5351=EDGE_CURVE('',#4336,#4337,#1811,.T.);
#5352=EDGE_CURVE('',#4337,#4338,#1812,.T.);
#5353=EDGE_CURVE('',#4338,#4339,#1813,.T.);
#5354=EDGE_CURVE('',#4339,#4340,#2267,.T.);
#5355=EDGE_CURVE('',#4340,#4341,#2268,.T.);
#5356=EDGE_CURVE('',#4341,#4323,#2269,.T.);
#5357=EDGE_CURVE('',#4342,#4343,#2270,.T.);
#5358=EDGE_CURVE('',#4343,#4344,#2271,.T.);
#5359=EDGE_CURVE('',#4344,#4345,#1814,.T.);
#5360=EDGE_CURVE('',#4345,#4346,#1815,.T.);
#5361=EDGE_CURVE('',#4346,#4347,#1816,.T.);
#5362=EDGE_CURVE('',#4347,#4348,#1817,.T.);
#5363=EDGE_CURVE('',#4348,#4349,#1818,.T.);
#5364=EDGE_CURVE('',#4349,#4350,#1819,.T.);
#5365=EDGE_CURVE('',#4350,#4351,#1820,.T.);
#5366=EDGE_CURVE('',#4351,#4352,#1821,.T.);
#5367=EDGE_CURVE('',#4352,#4353,#1822,.T.);
#5368=EDGE_CURVE('',#4353,#4342,#2272,.T.);
#5369=EDGE_CURVE('',#4354,#4355,#30,.T.);
#5370=EDGE_CURVE('',#4355,#4356,#31,.T.);
#5371=EDGE_CURVE('',#4356,#4357,#32,.T.);
#5372=EDGE_CURVE('',#4357,#4354,#33,.T.);
#5373=EDGE_CURVE('',#4015,#4358,#2273,.T.);
#5374=EDGE_CURVE('',#4358,#4081,#2274,.T.);
#5375=EDGE_CURVE('',#4044,#4359,#2275,.T.);
#5376=EDGE_CURVE('',#4359,#4360,#2276,.F.);
#5377=EDGE_CURVE('',#4360,#4361,#2277,.T.);
#5378=EDGE_CURVE('',#4361,#4362,#2278,.T.);
#5379=EDGE_CURVE('',#4362,#4363,#2279,.T.);
#5380=EDGE_CURVE('',#4363,#4364,#2280,.F.);
#5381=EDGE_CURVE('',#4364,#4365,#2281,.T.);
#5382=EDGE_CURVE('',#4365,#4366,#2282,.T.);
#5383=EDGE_CURVE('',#4367,#4366,#2283,.F.);
#5384=EDGE_CURVE('',#4367,#4011,#2284,.T.);
#5385=EDGE_CURVE('',#4368,#4368,#3853,.T.);
#5386=EDGE_CURVE('',#4369,#4369,#3854,.T.);
#5387=EDGE_CURVE('',#4370,#4370,#3855,.T.);
#5388=EDGE_CURVE('',#4371,#4359,#2285,.T.);
#5389=EDGE_CURVE('',#4372,#4371,#2286,.F.);
#5390=EDGE_CURVE('',#4372,#4373,#3856,.T.);
#5391=EDGE_CURVE('',#4374,#4373,#2287,.F.);
#5392=EDGE_CURVE('',#4093,#4374,#2288,.T.);
#5393=EDGE_CURVE('',#4102,#4360,#3857,.T.);
#5394=EDGE_CURVE('',#4375,#4371,#2289,.T.);
#5395=EDGE_CURVE('',#4375,#4376,#2290,.T.);
#5396=EDGE_CURVE('',#4376,#4377,#3858,.T.);
#5397=EDGE_CURVE('',#4377,#4378,#2291,.T.);
#5398=EDGE_CURVE('',#4378,#4379,#2292,.F.);
#5399=EDGE_CURVE('',#4379,#4380,#2293,.F.);
#5400=EDGE_CURVE('',#4380,#4381,#2294,.T.);
#5401=EDGE_CURVE('',#4381,#4382,#2295,.T.);
#5402=EDGE_CURVE('',#4382,#4372,#2296,.T.);
#5403=EDGE_CURVE('',#4383,#4383,#3859,.F.);
#5404=EDGE_CURVE('',#4384,#4385,#3860,.T.);
#5405=EDGE_CURVE('',#4385,#4384,#3861,.F.);
#5406=EDGE_CURVE('',#4386,#4386,#3862,.T.);
#5407=EDGE_CURVE('',#4387,#4388,#2297,.T.);
#5408=EDGE_CURVE('',#4388,#4389,#2298,.T.);
#5409=EDGE_CURVE('',#4389,#4390,#2299,.T.);
#5410=EDGE_CURVE('',#4390,#4387,#2300,.T.);
#5411=EDGE_CURVE('',#4391,#4392,#2301,.T.);
#5412=EDGE_CURVE('',#4148,#4391,#2302,.T.);
#5413=EDGE_CURVE('',#4147,#4392,#2303,.T.);
#5414=EDGE_CURVE('',#3993,#4375,#2304,.T.);
#5415=EDGE_CURVE('',#4393,#4394,#2305,.T.);
#5416=EDGE_CURVE('',#4394,#4395,#2306,.T.);
#5417=EDGE_CURVE('',#4395,#4396,#2307,.T.);
#5418=EDGE_CURVE('',#4396,#4393,#2308,.T.);
#5419=EDGE_CURVE('',#4397,#4391,#2309,.T.);
#5420=EDGE_CURVE('',#4392,#4398,#2310,.T.);
#5421=EDGE_CURVE('',#4398,#4397,#2311,.T.);
#5422=EDGE_CURVE('',#4146,#4398,#2312,.T.);
#5423=EDGE_CURVE('',#4143,#4146,#2313,.T.);
#5424=EDGE_CURVE('',#4143,#4397,#2314,.T.);
#5425=EDGE_CURVE('',#4152,#4395,#2315,.T.);
#5426=EDGE_CURVE('',#4151,#4396,#2316,.T.);
#5427=EDGE_CURVE('',#4150,#4393,#2317,.T.);
#5428=EDGE_CURVE('',#4149,#4394,#2318,.T.);
#5429=EDGE_CURVE('',#4399,#4153,#2319,.T.);
#5430=EDGE_CURVE('',#4145,#4399,#2320,.T.);
#5431=EDGE_CURVE('',#4400,#4401,#2321,.T.);
#5432=EDGE_CURVE('',#4401,#4402,#2322,.T.);
#5433=EDGE_CURVE('',#4402,#4403,#2323,.T.);
#5434=EDGE_CURVE('',#4403,#4400,#2324,.T.);
#5435=EDGE_CURVE('',#4404,#4404,#3863,.T.);
#5436=EDGE_CURVE('',#4405,#4405,#3864,.T.);
#5437=EDGE_CURVE('',#4406,#4407,#3865,.T.);
#5438=EDGE_CURVE('',#4407,#4406,#3866,.T.);
#5439=EDGE_CURVE('',#3977,#4408,#2325,.T.);
#5440=EDGE_CURVE('',#4408,#4408,#3867,.T.);
#5441=EDGE_CURVE('',#4409,#4409,#3868,.T.);
#5442=EDGE_CURVE('',#4410,#4411,#2326,.T.);
#5443=EDGE_CURVE('',#4412,#4410,#3869,.T.);
#5444=EDGE_CURVE('',#4413,#4412,#2327,.T.);
#5445=EDGE_CURVE('',#4411,#4413,#3870,.T.);
#5446=EDGE_CURVE('',#4409,#4414,#2328,.T.);
#5447=EDGE_CURVE('',#4414,#4414,#3871,.T.);
#5448=EDGE_CURVE('',#4415,#4412,#2329,.T.);
#5449=EDGE_CURVE('',#4416,#4415,#2330,.T.);
#5450=EDGE_CURVE('',#4413,#4416,#2331,.T.);
#5451=EDGE_CURVE('',#4103,#4417,#2332,.T.);
#5452=EDGE_CURVE('',#4417,#4418,#2333,.T.);
#5453=EDGE_CURVE('',#4418,#4415,#2334,.T.);
#5454=EDGE_CURVE('',#4410,#4419,#2335,.T.);
#5455=EDGE_CURVE('',#4419,#4420,#2336,.T.);
#5456=EDGE_CURVE('',#4420,#4421,#2337,.T.);
#5457=EDGE_CURVE('',#4421,#4422,#2338,.T.);
#5458=EDGE_CURVE('',#4422,#4423,#2339,.T.);
#5459=EDGE_CURVE('',#4423,#4084,#2340,.T.);
#5460=EDGE_CURVE('',#4424,#4425,#2341,.T.);
#5461=EDGE_CURVE('',#4424,#4426,#2342,.T.);
#5462=EDGE_CURVE('',#4427,#4426,#2343,.T.);
#5463=EDGE_CURVE('',#4425,#4427,#2344,.T.);
#5464=EDGE_CURVE('',#4403,#4389,#2345,.T.);
#5465=EDGE_CURVE('',#4402,#4390,#2346,.T.);
#5466=EDGE_CURVE('',#4428,#4424,#2347,.T.);
#5467=EDGE_CURVE('',#4428,#4429,#2348,.T.);
#5468=EDGE_CURVE('',#4426,#4429,#2349,.T.);
#5469=EDGE_CURVE('',#4401,#4387,#2350,.T.);
#5470=EDGE_CURVE('',#4425,#4430,#2351,.T.);
#5471=EDGE_CURVE('',#4431,#4427,#2352,.T.);
#5472=EDGE_CURVE('',#4430,#4431,#2353,.T.);
#5473=EDGE_CURVE('',#4400,#4388,#2354,.T.);
#5474=EDGE_CURVE('',#4429,#4432,#2355,.T.);
#5475=EDGE_CURVE('',#4432,#4264,#2356,.F.);
#5476=EDGE_CURVE('',#4374,#4263,#2357,.F.);
#5477=EDGE_CURVE('',#4433,#4374,#2358,.F.);
#5478=EDGE_CURVE('',#4433,#4431,#2359,.T.);
#5479=EDGE_CURVE('',#4434,#4434,#3872,.T.);
#5480=EDGE_CURVE('',#4435,#4436,#3873,.T.);
#5481=EDGE_CURVE('',#4436,#4435,#3874,.T.);
#5482=EDGE_CURVE('',#4437,#4437,#3875,.T.);
#5483=EDGE_CURVE('',#4089,#4097,#2360,.T.);
#5484=EDGE_CURVE('',#4061,#4358,#2361,.T.);
#5485=EDGE_CURVE('',#4438,#4096,#2362,.T.);
#5486=EDGE_CURVE('',#4438,#4411,#2363,.T.);
#5487=EDGE_CURVE('',#4416,#4439,#2364,.T.);
#5488=EDGE_CURVE('',#4439,#4440,#2365,.T.);
#5489=EDGE_CURVE('',#4440,#4055,#2366,.T.);
#5490=EDGE_CURVE('',#4030,#4062,#2367,.T.);
#5491=EDGE_CURVE('',#4441,#4441,#3876,.T.);
#5492=EDGE_CURVE('',#4441,#3974,#2368,.T.);
#5493=EDGE_CURVE('',#4442,#3982,#3877,.T.);
#5494=EDGE_CURVE('',#4443,#4442,#2369,.T.);
#5495=EDGE_CURVE('',#4444,#4443,#3878,.T.);
#5496=EDGE_CURVE('',#4445,#4444,#2370,.T.);
#5497=EDGE_CURVE('',#4446,#4445,#3879,.T.);
#5498=EDGE_CURVE('',#4447,#4446,#2371,.T.);
#5499=EDGE_CURVE('',#4448,#4447,#3880,.T.);
#5500=EDGE_CURVE('',#4449,#4448,#2372,.T.);
#5501=EDGE_CURVE('',#3981,#4449,#3881,.T.);
#5502=EDGE_CURVE('',#4450,#4451,#2373,.T.);
#5503=EDGE_CURVE('',#4451,#4452,#2374,.F.);
#5504=EDGE_CURVE('',#4452,#4453,#2375,.T.);
#5505=EDGE_CURVE('',#4453,#4454,#2376,.T.);
#5506=EDGE_CURVE('',#4454,#4455,#2377,.T.);
#5507=EDGE_CURVE('',#4455,#4456,#2378,.T.);
#5508=EDGE_CURVE('',#4456,#4457,#2379,.T.);
#5509=EDGE_CURVE('',#4457,#4458,#2380,.T.);
#5510=EDGE_CURVE('',#4458,#4459,#2381,.T.);
#5511=EDGE_CURVE('',#4459,#4460,#2382,.T.);
#5512=EDGE_CURVE('',#4460,#4461,#2383,.T.);
#5513=EDGE_CURVE('',#4461,#4450,#2384,.T.);
#5514=EDGE_CURVE('',#4462,#4462,#3882,.T.);
#5515=EDGE_CURVE('',#3944,#3991,#3883,.T.);
#5516=EDGE_CURVE('',#4463,#3986,#3884,.T.);
#5517=EDGE_CURVE('',#4463,#3985,#3885,.T.);
#5518=EDGE_CURVE('',#4448,#4443,#3886,.T.);
#5519=EDGE_CURVE('',#4447,#4444,#3887,.T.);
#5520=EDGE_CURVE('',#4442,#4449,#3888,.F.);
#5521=EDGE_CURVE('',#4378,#4367,#2385,.T.);
#5522=EDGE_CURVE('',#4377,#4464,#2386,.T.);
#5523=EDGE_CURVE('',#4464,#4465,#2387,.T.);
#5524=EDGE_CURVE('',#4465,#4376,#2388,.T.);
#5525=EDGE_CURVE('',#4466,#4466,#3889,.F.);
#5526=EDGE_CURVE('',#3989,#3946,#3890,.T.);
#5527=EDGE_CURVE('',#3990,#3945,#3891,.F.);
#5528=EDGE_CURVE('',#3983,#4467,#3892,.T.);
#5529=EDGE_CURVE('',#3984,#4467,#3893,.F.);
#5530=EDGE_CURVE('',#4468,#4468,#3894,.T.);
#5531=EDGE_CURVE('',#4468,#4469,#2389,.T.);
#5532=EDGE_CURVE('',#3987,#4469,#3895,.T.);
#5533=EDGE_CURVE('',#4467,#4463,#2390,.T.);
#5534=EDGE_CURVE('',#4469,#3988,#3896,.T.);
#5535=EDGE_CURVE('',#4470,#4470,#3897,.T.);
#5536=EDGE_CURVE('',#4470,#4471,#2391,.T.);
#5537=EDGE_CURVE('',#4471,#4471,#3898,.T.);
#5538=EDGE_CURVE('',#4472,#4472,#3899,.T.);
#5539=EDGE_CURVE('',#4473,#4473,#3900,.T.);
#5540=EDGE_CURVE('',#4473,#4474,#2392,.T.);
#5541=EDGE_CURVE('',#4474,#4474,#3901,.T.);
#5542=EDGE_CURVE('',#4445,#4446,#3902,.T.);
#5543=EDGE_CURVE('',#4475,#4475,#3903,.T.);
#5544=EDGE_CURVE('',#4475,#4476,#2393,.T.);
#5545=EDGE_CURVE('',#4476,#4476,#3904,.T.);
#5546=EDGE_CURVE('',#4477,#4477,#3905,.T.);
#5547=EDGE_CURVE('',#4477,#4478,#2394,.T.);
#5548=EDGE_CURVE('',#4478,#4478,#3906,.T.);
#5549=EDGE_CURVE('',#4472,#3969,#2395,.T.);
#5550=EDGE_CURVE('',#3979,#4145,#72,.T.);
#5551=EDGE_CURVE('',#3992,#4399,#73,.T.);
#5552=EDGE_CURVE('',#4399,#4057,#2396,.T.);
#5553=EDGE_CURVE('',#4065,#4370,#2397,.T.);
#5554=EDGE_CURVE('',#4100,#4090,#2398,.T.);
#5555=EDGE_CURVE('',#4479,#4479,#3907,.T.);
#5556=EDGE_CURVE('',#4479,#4437,#2399,.T.);
#5557=EDGE_CURVE('',#4404,#4386,#2400,.T.);
#5558=EDGE_CURVE('',#4480,#4481,#2401,.T.);
#5559=EDGE_CURVE('',#4480,#4482,#2402,.T.);
#5560=EDGE_CURVE('',#4483,#4482,#2403,.T.);
#5561=EDGE_CURVE('',#4481,#4483,#2404,.T.);
#5562=EDGE_CURVE('',#4484,#4480,#34,.T.);
#5563=EDGE_CURVE('',#4484,#4485,#2405,.T.);
#5564=EDGE_CURVE('',#4482,#4485,#35,.T.);
#5565=EDGE_CURVE('',#4486,#4484,#2406,.T.);
#5566=EDGE_CURVE('',#4486,#4487,#2407,.T.);
#5567=EDGE_CURVE('',#4485,#4487,#2408,.T.);
#5568=EDGE_CURVE('',#4488,#4486,#36,.T.);
#5569=EDGE_CURVE('',#4488,#4489,#2409,.T.);
#5570=EDGE_CURVE('',#4487,#4489,#37,.T.);
#5571=EDGE_CURVE('',#4490,#4488,#2410,.T.);
#5572=EDGE_CURVE('',#4490,#4491,#2411,.T.);
#5573=EDGE_CURVE('',#4489,#4491,#2412,.T.);
#5574=EDGE_CURVE('',#4492,#4490,#38,.T.);
#5575=EDGE_CURVE('',#4492,#4493,#2413,.T.);
#5576=EDGE_CURVE('',#4491,#4493,#39,.T.);
#5577=EDGE_CURVE('',#4494,#4492,#40,.T.);
#5578=EDGE_CURVE('',#4494,#4495,#2414,.T.);
#5579=EDGE_CURVE('',#4493,#4495,#41,.T.);
#5580=EDGE_CURVE('',#4496,#4494,#42,.T.);
#5581=EDGE_CURVE('',#4496,#4497,#2415,.T.);
#5582=EDGE_CURVE('',#4495,#4497,#43,.T.);
#5583=EDGE_CURVE('',#4498,#4496,#2416,.T.);
#5584=EDGE_CURVE('',#4498,#4499,#2417,.T.);
#5585=EDGE_CURVE('',#4497,#4499,#2418,.T.);
#5586=EDGE_CURVE('',#4500,#4498,#44,.T.);
#5587=EDGE_CURVE('',#4500,#4501,#2419,.T.);
#5588=EDGE_CURVE('',#4499,#4501,#45,.T.);
#5589=EDGE_CURVE('',#4481,#4502,#46,.T.);
#5590=EDGE_CURVE('',#4503,#4483,#47,.T.);
#5591=EDGE_CURVE('',#4502,#4503,#2420,.T.);
#5592=EDGE_CURVE('',#4502,#4504,#48,.T.);
#5593=EDGE_CURVE('',#4505,#4503,#49,.T.);
#5594=EDGE_CURVE('',#4504,#4505,#2421,.T.);
#5595=EDGE_CURVE('',#4504,#4506,#2422,.T.);
#5596=EDGE_CURVE('',#4507,#4505,#2423,.T.);
#5597=EDGE_CURVE('',#4506,#4507,#2424,.T.);
#5598=EDGE_CURVE('',#4506,#4508,#50,.T.);
#5599=EDGE_CURVE('',#4509,#4507,#51,.T.);
#5600=EDGE_CURVE('',#4508,#4509,#2425,.T.);
#5601=EDGE_CURVE('',#4508,#4510,#2426,.T.);
#5602=EDGE_CURVE('',#4511,#4509,#2427,.T.);
#5603=EDGE_CURVE('',#4510,#4511,#2428,.T.);
#5604=EDGE_CURVE('',#4510,#4512,#52,.T.);
#5605=EDGE_CURVE('',#4513,#4511,#53,.T.);
#5606=EDGE_CURVE('',#4512,#4513,#2429,.T.);
#5607=EDGE_CURVE('',#4512,#4514,#2430,.T.);
#5608=EDGE_CURVE('',#4515,#4513,#2431,.T.);
#5609=EDGE_CURVE('',#4514,#4515,#2432,.T.);
#5610=EDGE_CURVE('',#4514,#4516,#54,.T.);
#5611=EDGE_CURVE('',#4517,#4515,#55,.T.);
#5612=EDGE_CURVE('',#4516,#4517,#2433,.T.);
#5613=EDGE_CURVE('',#4516,#4500,#2434,.T.);
#5614=EDGE_CURVE('',#4501,#4517,#2435,.T.);
#5615=EDGE_CURVE('',#4354,#4518,#2436,.T.);
#5616=EDGE_CURVE('',#4519,#4518,#56,.T.);
#5617=EDGE_CURVE('',#4355,#4519,#2437,.T.);
#5618=EDGE_CURVE('',#4520,#4519,#57,.T.);
#5619=EDGE_CURVE('',#4356,#4520,#2438,.T.);
#5620=EDGE_CURVE('',#4521,#4520,#58,.T.);
#5621=EDGE_CURVE('',#4357,#4521,#2439,.T.);
#5622=EDGE_CURVE('',#4518,#4521,#59,.T.);
#5623=EDGE_CURVE('',#4154,#4522,#2440,.T.);
#5624=EDGE_CURVE('',#4523,#4522,#2441,.T.);
#5625=EDGE_CURVE('',#4155,#4523,#2442,.T.);
#5626=EDGE_CURVE('',#4524,#4523,#2443,.T.);
#5627=EDGE_CURVE('',#4156,#4524,#2444,.T.);
#5628=EDGE_CURVE('',#4525,#4524,#2445,.T.);
#5629=EDGE_CURVE('',#4157,#4525,#2446,.T.);
#5630=EDGE_CURVE('',#4526,#4525,#1823,.T.);
#5631=EDGE_CURVE('',#4158,#4526,#2447,.T.);
#5632=EDGE_CURVE('',#4527,#4526,#1824,.T.);
#5633=EDGE_CURVE('',#4159,#4527,#2448,.T.);
#5634=EDGE_CURVE('',#4528,#4527,#2449,.T.);
#5635=EDGE_CURVE('',#4160,#4528,#2450,.T.);
#5636=EDGE_CURVE('',#4529,#4528,#2451,.T.);
#5637=EDGE_CURVE('',#4161,#4529,#2452,.T.);
#5638=EDGE_CURVE('',#4530,#4529,#2453,.T.);
#5639=EDGE_CURVE('',#4162,#4530,#2454,.T.);
#5640=EDGE_CURVE('',#4531,#4530,#2455,.T.);
#5641=EDGE_CURVE('',#4163,#4531,#2456,.T.);
#5642=EDGE_CURVE('',#4532,#4531,#2457,.T.);
#5643=EDGE_CURVE('',#4164,#4532,#2458,.T.);
#5644=EDGE_CURVE('',#4533,#4532,#2459,.T.);
#5645=EDGE_CURVE('',#4165,#4533,#2460,.T.);
#5646=EDGE_CURVE('',#4534,#4533,#2461,.T.);
#5647=EDGE_CURVE('',#4166,#4534,#2462,.T.);
#5648=EDGE_CURVE('',#4535,#4534,#2463,.T.);
#5649=EDGE_CURVE('',#4167,#4535,#2464,.T.);
#5650=EDGE_CURVE('',#4536,#4535,#2465,.T.);
#5651=EDGE_CURVE('',#4168,#4536,#2466,.T.);
#5652=EDGE_CURVE('',#4522,#4536,#2467,.T.);
#5653=EDGE_CURVE('',#4537,#4538,#2468,.T.);
#5654=EDGE_CURVE('',#4537,#4539,#2469,.T.);
#5655=EDGE_CURVE('',#4540,#4539,#2470,.T.);
#5656=EDGE_CURVE('',#4538,#4540,#2471,.T.);
#5657=EDGE_CURVE('',#4538,#4541,#1825,.T.);
#5658=EDGE_CURVE('',#4542,#4540,#1826,.T.);
#5659=EDGE_CURVE('',#4541,#4542,#2472,.T.);
#5660=EDGE_CURVE('',#4541,#4543,#1827,.T.);
#5661=EDGE_CURVE('',#4544,#4542,#1828,.T.);
#5662=EDGE_CURVE('',#4543,#4544,#2473,.T.);
#5663=EDGE_CURVE('',#4543,#4545,#1829,.T.);
#5664=EDGE_CURVE('',#4546,#4544,#1830,.T.);
#5665=EDGE_CURVE('',#4545,#4546,#2474,.T.);
#5666=EDGE_CURVE('',#4545,#4547,#1831,.T.);
#5667=EDGE_CURVE('',#4548,#4546,#1832,.T.);
#5668=EDGE_CURVE('',#4547,#4548,#2475,.T.);
#5669=EDGE_CURVE('',#4547,#4549,#1833,.T.);
#5670=EDGE_CURVE('',#4550,#4548,#1834,.T.);
#5671=EDGE_CURVE('',#4549,#4550,#2476,.T.);
#5672=EDGE_CURVE('',#4549,#4551,#1835,.T.);
#5673=EDGE_CURVE('',#4552,#4550,#1836,.T.);
#5674=EDGE_CURVE('',#4551,#4552,#2477,.T.);
#5675=EDGE_CURVE('',#4551,#4553,#1837,.T.);
#5676=EDGE_CURVE('',#4554,#4552,#1838,.T.);
#5677=EDGE_CURVE('',#4553,#4554,#2478,.T.);
#5678=EDGE_CURVE('',#4553,#4555,#2479,.T.);
#5679=EDGE_CURVE('',#4556,#4554,#2480,.T.);
#5680=EDGE_CURVE('',#4555,#4556,#2481,.T.);
#5681=EDGE_CURVE('',#4555,#4537,#2482,.T.);
#5682=EDGE_CURVE('',#4539,#4556,#2483,.T.);
#5683=EDGE_CURVE('',#4342,#4557,#2484,.T.);
#5684=EDGE_CURVE('',#4558,#4557,#2485,.T.);
#5685=EDGE_CURVE('',#4343,#4558,#2486,.T.);
#5686=EDGE_CURVE('',#4559,#4558,#2487,.T.);
#5687=EDGE_CURVE('',#4344,#4559,#2488,.T.);
#5688=EDGE_CURVE('',#4560,#4559,#1839,.T.);
#5689=EDGE_CURVE('',#4345,#4560,#2489,.T.);
#5690=EDGE_CURVE('',#4561,#4560,#1840,.T.);
#5691=EDGE_CURVE('',#4346,#4561,#2490,.T.);
#5692=EDGE_CURVE('',#4562,#4561,#1841,.T.);
#5693=EDGE_CURVE('',#4347,#4562,#2491,.T.);
#5694=EDGE_CURVE('',#4563,#4562,#1842,.T.);
#5695=EDGE_CURVE('',#4348,#4563,#2492,.T.);
#5696=EDGE_CURVE('',#4564,#4563,#1843,.T.);
#5697=EDGE_CURVE('',#4349,#4564,#2493,.T.);
#5698=EDGE_CURVE('',#4565,#4564,#1844,.T.);
#5699=EDGE_CURVE('',#4350,#4565,#2494,.T.);
#5700=EDGE_CURVE('',#4566,#4565,#1845,.T.);
#5701=EDGE_CURVE('',#4351,#4566,#2495,.T.);
#5702=EDGE_CURVE('',#4567,#4566,#1846,.T.);
#5703=EDGE_CURVE('',#4352,#4567,#2496,.T.);
#5704=EDGE_CURVE('',#4568,#4567,#1847,.T.);
#5705=EDGE_CURVE('',#4353,#4568,#2497,.T.);
#5706=EDGE_CURVE('',#4557,#4568,#2498,.T.);
#5707=EDGE_CURVE('',#4169,#4569,#2499,.T.);
#5708=EDGE_CURVE('',#4570,#4569,#2500,.T.);
#5709=EDGE_CURVE('',#4170,#4570,#2501,.T.);
#5710=EDGE_CURVE('',#4571,#4570,#2502,.T.);
#5711=EDGE_CURVE('',#4171,#4571,#2503,.T.);
#5712=EDGE_CURVE('',#4572,#4571,#2504,.T.);
#5713=EDGE_CURVE('',#4172,#4572,#2505,.T.);
#5714=EDGE_CURVE('',#4573,#4572,#2506,.T.);
#5715=EDGE_CURVE('',#4173,#4573,#2507,.T.);
#5716=EDGE_CURVE('',#4574,#4573,#2508,.T.);
#5717=EDGE_CURVE('',#4174,#4574,#2509,.T.);
#5718=EDGE_CURVE('',#4569,#4574,#2510,.T.);
#5719=EDGE_CURVE('',#4575,#4576,#2511,.T.);
#5720=EDGE_CURVE('',#4575,#4577,#2512,.T.);
#5721=EDGE_CURVE('',#4578,#4577,#2513,.T.);
#5722=EDGE_CURVE('',#4576,#4578,#2514,.T.);
#5723=EDGE_CURVE('',#4576,#4579,#1848,.T.);
#5724=EDGE_CURVE('',#4580,#4578,#1849,.T.);
#5725=EDGE_CURVE('',#4579,#4580,#2515,.T.);
#5726=EDGE_CURVE('',#4579,#4581,#1850,.T.);
#5727=EDGE_CURVE('',#4582,#4580,#1851,.T.);
#5728=EDGE_CURVE('',#4581,#4582,#2516,.T.);
#5729=EDGE_CURVE('',#4581,#4583,#1852,.T.);
#5730=EDGE_CURVE('',#4584,#4582,#1853,.T.);
#5731=EDGE_CURVE('',#4583,#4584,#2517,.T.);
#5732=EDGE_CURVE('',#4583,#4585,#1854,.T.);
#5733=EDGE_CURVE('',#4586,#4584,#1855,.T.);
#5734=EDGE_CURVE('',#4585,#4586,#2518,.T.);
#5735=EDGE_CURVE('',#4585,#4587,#1856,.T.);
#5736=EDGE_CURVE('',#4588,#4586,#1857,.T.);
#5737=EDGE_CURVE('',#4587,#4588,#2519,.T.);
#5738=EDGE_CURVE('',#4587,#4589,#2520,.T.);
#5739=EDGE_CURVE('',#4590,#4588,#2521,.T.);
#5740=EDGE_CURVE('',#4589,#4590,#2522,.T.);
#5741=EDGE_CURVE('',#4589,#4575,#2523,.T.);
#5742=EDGE_CURVE('',#4577,#4590,#2524,.T.);
#5743=EDGE_CURVE('',#4323,#4591,#2525,.T.);
#5744=EDGE_CURVE('',#4592,#4591,#2526,.T.);
#5745=EDGE_CURVE('',#4324,#4592,#2527,.T.);
#5746=EDGE_CURVE('',#4593,#4592,#2528,.T.);
#5747=EDGE_CURVE('',#4325,#4593,#2529,.T.);
#5748=EDGE_CURVE('',#4594,#4593,#1858,.T.);
#5749=EDGE_CURVE('',#4326,#4594,#2530,.T.);
#5750=EDGE_CURVE('',#4595,#4594,#1859,.T.);
#5751=EDGE_CURVE('',#4327,#4595,#2531,.T.);
#5752=EDGE_CURVE('',#4596,#4595,#1860,.T.);
#5753=EDGE_CURVE('',#4328,#4596,#2532,.T.);
#5754=EDGE_CURVE('',#4597,#4596,#1861,.T.);
#5755=EDGE_CURVE('',#4329,#4597,#2533,.T.);
#5756=EDGE_CURVE('',#4598,#4597,#1862,.T.);
#5757=EDGE_CURVE('',#4330,#4598,#2534,.T.);
#5758=EDGE_CURVE('',#4599,#4598,#1863,.T.);
#5759=EDGE_CURVE('',#4331,#4599,#2535,.T.);
#5760=EDGE_CURVE('',#4600,#4599,#1864,.T.);
#5761=EDGE_CURVE('',#4332,#4600,#2536,.T.);
#5762=EDGE_CURVE('',#4601,#4600,#2537,.T.);
#5763=EDGE_CURVE('',#4333,#4601,#2538,.T.);
#5764=EDGE_CURVE('',#4602,#4601,#2539,.T.);
#5765=EDGE_CURVE('',#4334,#4602,#2540,.T.);
#5766=EDGE_CURVE('',#4603,#4602,#2541,.T.);
#5767=EDGE_CURVE('',#4335,#4603,#2542,.T.);
#5768=EDGE_CURVE('',#4604,#4603,#1865,.T.);
#5769=EDGE_CURVE('',#4336,#4604,#2543,.T.);
#5770=EDGE_CURVE('',#4605,#4604,#1866,.T.);
#5771=EDGE_CURVE('',#4337,#4605,#2544,.T.);
#5772=EDGE_CURVE('',#4606,#4605,#1867,.T.);
#5773=EDGE_CURVE('',#4338,#4606,#2545,.T.);
#5774=EDGE_CURVE('',#4607,#4606,#1868,.T.);
#5775=EDGE_CURVE('',#4339,#4607,#2546,.T.);
#5776=EDGE_CURVE('',#4608,#4607,#2547,.T.);
#5777=EDGE_CURVE('',#4340,#4608,#2548,.T.);
#5778=EDGE_CURVE('',#4609,#4608,#2549,.T.);
#5779=EDGE_CURVE('',#4341,#4609,#2550,.T.);
#5780=EDGE_CURVE('',#4591,#4609,#2551,.T.);
#5781=EDGE_CURVE('',#4610,#4611,#2552,.T.);
#5782=EDGE_CURVE('',#4610,#4612,#2553,.T.);
#5783=EDGE_CURVE('',#4613,#4612,#2554,.T.);
#5784=EDGE_CURVE('',#4611,#4613,#2555,.T.);
#5785=EDGE_CURVE('',#4611,#4614,#1869,.T.);
#5786=EDGE_CURVE('',#4615,#4613,#1870,.T.);
#5787=EDGE_CURVE('',#4614,#4615,#2556,.T.);
#5788=EDGE_CURVE('',#4614,#4616,#1871,.T.);
#5789=EDGE_CURVE('',#4617,#4615,#1872,.T.);
#5790=EDGE_CURVE('',#4616,#4617,#2557,.T.);
#5791=EDGE_CURVE('',#4616,#4618,#1873,.T.);
#5792=EDGE_CURVE('',#4619,#4617,#1874,.T.);
#5793=EDGE_CURVE('',#4618,#4619,#2558,.T.);
#5794=EDGE_CURVE('',#4618,#4620,#1875,.T.);
#5795=EDGE_CURVE('',#4621,#4619,#1876,.T.);
#5796=EDGE_CURVE('',#4620,#4621,#2559,.T.);
#5797=EDGE_CURVE('',#4620,#4622,#1877,.T.);
#5798=EDGE_CURVE('',#4623,#4621,#1878,.T.);
#5799=EDGE_CURVE('',#4622,#4623,#2560,.T.);
#5800=EDGE_CURVE('',#4622,#4624,#2561,.T.);
#5801=EDGE_CURVE('',#4625,#4623,#2562,.T.);
#5802=EDGE_CURVE('',#4624,#4625,#2563,.T.);
#5803=EDGE_CURVE('',#4624,#4610,#2564,.T.);
#5804=EDGE_CURVE('',#4612,#4625,#2565,.T.);
#5805=EDGE_CURVE('',#4175,#4626,#2566,.T.);
#5806=EDGE_CURVE('',#4627,#4626,#2567,.T.);
#5807=EDGE_CURVE('',#4176,#4627,#2568,.T.);
#5808=EDGE_CURVE('',#4628,#4627,#2569,.T.);
#5809=EDGE_CURVE('',#4177,#4628,#2570,.T.);
#5810=EDGE_CURVE('',#4629,#4628,#1879,.T.);
#5811=EDGE_CURVE('',#4178,#4629,#2571,.T.);
#5812=EDGE_CURVE('',#4630,#4629,#1880,.T.);
#5813=EDGE_CURVE('',#4179,#4630,#2572,.T.);
#5814=EDGE_CURVE('',#4631,#4630,#1881,.T.);
#5815=EDGE_CURVE('',#4180,#4631,#2573,.T.);
#5816=EDGE_CURVE('',#4632,#4631,#1882,.T.);
#5817=EDGE_CURVE('',#4181,#4632,#2574,.T.);
#5818=EDGE_CURVE('',#4633,#4632,#1883,.T.);
#5819=EDGE_CURVE('',#4182,#4633,#2575,.T.);
#5820=EDGE_CURVE('',#4634,#4633,#1884,.T.);
#5821=EDGE_CURVE('',#4183,#4634,#2576,.T.);
#5822=EDGE_CURVE('',#4635,#4634,#1885,.T.);
#5823=EDGE_CURVE('',#4184,#4635,#2577,.T.);
#5824=EDGE_CURVE('',#4636,#4635,#2578,.T.);
#5825=EDGE_CURVE('',#4185,#4636,#2579,.T.);
#5826=EDGE_CURVE('',#4637,#4636,#2580,.T.);
#5827=EDGE_CURVE('',#4186,#4637,#2581,.T.);
#5828=EDGE_CURVE('',#4638,#4637,#2582,.T.);
#5829=EDGE_CURVE('',#4187,#4638,#2583,.T.);
#5830=EDGE_CURVE('',#4639,#4638,#1886,.T.);
#5831=EDGE_CURVE('',#4188,#4639,#2584,.T.);
#5832=EDGE_CURVE('',#4640,#4639,#1887,.T.);
#5833=EDGE_CURVE('',#4189,#4640,#2585,.T.);
#5834=EDGE_CURVE('',#4641,#4640,#1888,.T.);
#5835=EDGE_CURVE('',#4190,#4641,#2586,.T.);
#5836=EDGE_CURVE('',#4642,#4641,#1889,.T.);
#5837=EDGE_CURVE('',#4191,#4642,#2587,.T.);
#5838=EDGE_CURVE('',#4643,#4642,#2588,.T.);
#5839=EDGE_CURVE('',#4192,#4643,#2589,.T.);
#5840=EDGE_CURVE('',#4644,#4643,#2590,.T.);
#5841=EDGE_CURVE('',#4193,#4644,#2591,.T.);
#5842=EDGE_CURVE('',#4626,#4644,#2592,.T.);
#5843=EDGE_CURVE('',#4314,#4645,#2593,.T.);
#5844=EDGE_CURVE('',#4646,#4645,#2594,.T.);
#5845=EDGE_CURVE('',#4315,#4646,#2595,.T.);
#5846=EDGE_CURVE('',#4647,#4646,#2596,.T.);
#5847=EDGE_CURVE('',#4316,#4647,#2597,.T.);
#5848=EDGE_CURVE('',#4648,#4647,#2598,.T.);
#5849=EDGE_CURVE('',#4317,#4648,#2599,.T.);
#5850=EDGE_CURVE('',#4649,#4648,#1890,.T.);
#5851=EDGE_CURVE('',#4318,#4649,#2600,.T.);
#5852=EDGE_CURVE('',#4650,#4649,#1891,.T.);
#5853=EDGE_CURVE('',#4319,#4650,#2601,.T.);
#5854=EDGE_CURVE('',#4651,#4650,#2602,.T.);
#5855=EDGE_CURVE('',#4320,#4651,#2603,.T.);
#5856=EDGE_CURVE('',#4652,#4651,#2604,.T.);
#5857=EDGE_CURVE('',#4321,#4652,#2605,.T.);
#5858=EDGE_CURVE('',#4653,#4652,#2606,.T.);
#5859=EDGE_CURVE('',#4322,#4653,#2607,.T.);
#5860=EDGE_CURVE('',#4645,#4653,#2608,.T.);
#5861=EDGE_CURVE('',#4194,#4654,#2609,.T.);
#5862=EDGE_CURVE('',#4655,#4654,#2610,.T.);
#5863=EDGE_CURVE('',#4195,#4655,#2611,.T.);
#5864=EDGE_CURVE('',#4656,#4655,#2612,.T.);
#5865=EDGE_CURVE('',#4196,#4656,#2613,.T.);
#5866=EDGE_CURVE('',#4657,#4656,#2614,.T.);
#5867=EDGE_CURVE('',#4197,#4657,#2615,.T.);
#5868=EDGE_CURVE('',#4658,#4657,#1892,.T.);
#5869=EDGE_CURVE('',#4198,#4658,#2616,.T.);
#5870=EDGE_CURVE('',#4659,#4658,#1893,.T.);
#5871=EDGE_CURVE('',#4199,#4659,#2617,.T.);
#5872=EDGE_CURVE('',#4660,#4659,#1894,.T.);
#5873=EDGE_CURVE('',#4200,#4660,#2618,.T.);
#5874=EDGE_CURVE('',#4661,#4660,#1895,.T.);
#5875=EDGE_CURVE('',#4201,#4661,#2619,.T.);
#5876=EDGE_CURVE('',#4662,#4661,#1896,.T.);
#5877=EDGE_CURVE('',#4202,#4662,#2620,.T.);
#5878=EDGE_CURVE('',#4663,#4662,#1897,.T.);
#5879=EDGE_CURVE('',#4203,#4663,#2621,.T.);
#5880=EDGE_CURVE('',#4664,#4663,#1898,.T.);
#5881=EDGE_CURVE('',#4204,#4664,#2622,.T.);
#5882=EDGE_CURVE('',#4665,#4664,#1899,.T.);
#5883=EDGE_CURVE('',#4205,#4665,#2623,.T.);
#5884=EDGE_CURVE('',#4666,#4665,#1900,.T.);
#5885=EDGE_CURVE('',#4206,#4666,#2624,.T.);
#5886=EDGE_CURVE('',#4667,#4666,#1901,.T.);
#5887=EDGE_CURVE('',#4207,#4667,#2625,.T.);
#5888=EDGE_CURVE('',#4668,#4667,#1902,.T.);
#5889=EDGE_CURVE('',#4208,#4668,#2626,.T.);
#5890=EDGE_CURVE('',#4669,#4668,#2627,.T.);
#5891=EDGE_CURVE('',#4209,#4669,#2628,.T.);
#5892=EDGE_CURVE('',#4670,#4669,#1903,.T.);
#5893=EDGE_CURVE('',#4210,#4670,#2629,.T.);
#5894=EDGE_CURVE('',#4671,#4670,#1904,.T.);
#5895=EDGE_CURVE('',#4211,#4671,#2630,.T.);
#5896=EDGE_CURVE('',#4672,#4671,#1905,.T.);
#5897=EDGE_CURVE('',#4212,#4672,#2631,.T.);
#5898=EDGE_CURVE('',#4673,#4672,#1906,.T.);
#5899=EDGE_CURVE('',#4213,#4673,#2632,.T.);
#5900=EDGE_CURVE('',#4674,#4673,#1907,.T.);
#5901=EDGE_CURVE('',#4214,#4674,#2633,.T.);
#5902=EDGE_CURVE('',#4675,#4674,#1908,.T.);
#5903=EDGE_CURVE('',#4215,#4675,#2634,.T.);
#5904=EDGE_CURVE('',#4676,#4675,#1909,.T.);
#5905=EDGE_CURVE('',#4216,#4676,#2635,.T.);
#5906=EDGE_CURVE('',#4677,#4676,#1910,.T.);
#5907=EDGE_CURVE('',#4217,#4677,#2636,.T.);
#5908=EDGE_CURVE('',#4678,#4677,#1911,.T.);
#5909=EDGE_CURVE('',#4218,#4678,#2637,.T.);
#5910=EDGE_CURVE('',#4679,#4678,#1912,.T.);
#5911=EDGE_CURVE('',#4219,#4679,#2638,.T.);
#5912=EDGE_CURVE('',#4680,#4679,#1913,.T.);
#5913=EDGE_CURVE('',#4220,#4680,#2639,.T.);
#5914=EDGE_CURVE('',#4681,#4680,#1914,.T.);
#5915=EDGE_CURVE('',#4221,#4681,#2640,.T.);
#5916=EDGE_CURVE('',#4682,#4681,#2641,.T.);
#5917=EDGE_CURVE('',#4222,#4682,#2642,.T.);
#5918=EDGE_CURVE('',#4654,#4682,#2643,.T.);
#5919=EDGE_CURVE('',#4306,#4683,#2644,.T.);
#5920=EDGE_CURVE('',#4684,#4683,#2645,.T.);
#5921=EDGE_CURVE('',#4307,#4684,#2646,.T.);
#5922=EDGE_CURVE('',#4685,#4684,#2647,.T.);
#5923=EDGE_CURVE('',#4308,#4685,#2648,.T.);
#5924=EDGE_CURVE('',#4686,#4685,#2649,.T.);
#5925=EDGE_CURVE('',#4309,#4686,#2650,.T.);
#5926=EDGE_CURVE('',#4687,#4686,#2651,.T.);
#5927=EDGE_CURVE('',#4310,#4687,#2652,.T.);
#5928=EDGE_CURVE('',#4688,#4687,#2653,.T.);
#5929=EDGE_CURVE('',#4311,#4688,#2654,.T.);
#5930=EDGE_CURVE('',#4689,#4688,#2655,.T.);
#5931=EDGE_CURVE('',#4312,#4689,#2656,.T.);
#5932=EDGE_CURVE('',#4690,#4689,#2657,.T.);
#5933=EDGE_CURVE('',#4313,#4690,#2658,.T.);
#5934=EDGE_CURVE('',#4683,#4690,#2659,.T.);
#5935=EDGE_CURVE('',#4691,#4692,#1915,.T.);
#5936=EDGE_CURVE('',#4691,#4693,#2660,.T.);
#5937=EDGE_CURVE('',#4694,#4693,#1916,.T.);
#5938=EDGE_CURVE('',#4692,#4694,#2661,.T.);
#5939=EDGE_CURVE('',#4692,#4695,#1917,.T.);
#5940=EDGE_CURVE('',#4696,#4694,#1918,.T.);
#5941=EDGE_CURVE('',#4695,#4696,#2662,.T.);
#5942=EDGE_CURVE('',#4695,#4697,#1919,.T.);
#5943=EDGE_CURVE('',#4698,#4696,#1920,.T.);
#5944=EDGE_CURVE('',#4697,#4698,#2663,.T.);
#5945=EDGE_CURVE('',#4697,#4699,#1921,.T.);
#5946=EDGE_CURVE('',#4700,#4698,#1922,.T.);
#5947=EDGE_CURVE('',#4699,#4700,#2664,.T.);
#5948=EDGE_CURVE('',#4699,#4701,#1923,.T.);
#5949=EDGE_CURVE('',#4702,#4700,#1924,.T.);
#5950=EDGE_CURVE('',#4701,#4702,#2665,.T.);
#5951=EDGE_CURVE('',#4701,#4703,#1925,.T.);
#5952=EDGE_CURVE('',#4704,#4702,#1926,.T.);
#5953=EDGE_CURVE('',#4703,#4704,#2666,.T.);
#5954=EDGE_CURVE('',#4703,#4705,#1927,.T.);
#5955=EDGE_CURVE('',#4706,#4704,#1928,.T.);
#5956=EDGE_CURVE('',#4705,#4706,#2667,.T.);
#5957=EDGE_CURVE('',#4705,#4707,#1929,.T.);
#5958=EDGE_CURVE('',#4708,#4706,#1930,.T.);
#5959=EDGE_CURVE('',#4707,#4708,#2668,.T.);
#5960=EDGE_CURVE('',#4707,#4691,#1931,.T.);
#5961=EDGE_CURVE('',#4693,#4708,#1932,.T.);
#5962=EDGE_CURVE('',#4223,#4709,#2669,.T.);
#5963=EDGE_CURVE('',#4710,#4709,#1933,.T.);
#5964=EDGE_CURVE('',#4224,#4710,#2670,.T.);
#5965=EDGE_CURVE('',#4711,#4710,#1934,.T.);
#5966=EDGE_CURVE('',#4225,#4711,#2671,.T.);
#5967=EDGE_CURVE('',#4712,#4711,#1935,.T.);
#5968=EDGE_CURVE('',#4226,#4712,#2672,.T.);
#5969=EDGE_CURVE('',#4713,#4712,#1936,.T.);
#5970=EDGE_CURVE('',#4227,#4713,#2673,.T.);
#5971=EDGE_CURVE('',#4714,#4713,#1937,.T.);
#5972=EDGE_CURVE('',#4228,#4714,#2674,.T.);
#5973=EDGE_CURVE('',#4715,#4714,#1938,.T.);
#5974=EDGE_CURVE('',#4229,#4715,#2675,.T.);
#5975=EDGE_CURVE('',#4716,#4715,#1939,.T.);
#5976=EDGE_CURVE('',#4230,#4716,#2676,.T.);
#5977=EDGE_CURVE('',#4717,#4716,#1940,.T.);
#5978=EDGE_CURVE('',#4231,#4717,#2677,.T.);
#5979=EDGE_CURVE('',#4718,#4717,#1941,.T.);
#5980=EDGE_CURVE('',#4232,#4718,#2678,.T.);
#5981=EDGE_CURVE('',#4719,#4718,#1942,.T.);
#5982=EDGE_CURVE('',#4233,#4719,#2679,.T.);
#5983=EDGE_CURVE('',#4709,#4719,#1943,.T.);
#5984=EDGE_CURVE('',#4720,#4721,#2680,.T.);
#5985=EDGE_CURVE('',#4720,#4722,#2681,.T.);
#5986=EDGE_CURVE('',#4723,#4722,#2682,.T.);
#5987=EDGE_CURVE('',#4721,#4723,#2683,.T.);
#5988=EDGE_CURVE('',#4721,#4724,#2684,.T.);
#5989=EDGE_CURVE('',#4725,#4723,#2685,.T.);
#5990=EDGE_CURVE('',#4724,#4725,#2686,.T.);
#5991=EDGE_CURVE('',#4724,#4726,#1944,.T.);
#5992=EDGE_CURVE('',#4727,#4725,#1945,.T.);
#5993=EDGE_CURVE('',#4726,#4727,#2687,.T.);
#5994=EDGE_CURVE('',#4726,#4728,#1946,.T.);
#5995=EDGE_CURVE('',#4729,#4727,#1947,.T.);
#5996=EDGE_CURVE('',#4728,#4729,#2688,.T.);
#5997=EDGE_CURVE('',#4728,#4720,#2689,.T.);
#5998=EDGE_CURVE('',#4722,#4729,#2690,.T.);
#5999=EDGE_CURVE('',#4298,#4730,#2691,.T.);
#6000=EDGE_CURVE('',#4731,#4730,#2692,.T.);
#6001=EDGE_CURVE('',#4299,#4731,#2693,.T.);
#6002=EDGE_CURVE('',#4732,#4731,#2694,.T.);
#6003=EDGE_CURVE('',#4300,#4732,#2695,.T.);
#6004=EDGE_CURVE('',#4733,#4732,#2696,.T.);
#6005=EDGE_CURVE('',#4301,#4733,#2697,.T.);
#6006=EDGE_CURVE('',#4734,#4733,#2698,.T.);
#6007=EDGE_CURVE('',#4302,#4734,#2699,.T.);
#6008=EDGE_CURVE('',#4735,#4734,#2700,.T.);
#6009=EDGE_CURVE('',#4303,#4735,#2701,.T.);
#6010=EDGE_CURVE('',#4736,#4735,#2702,.T.);
#6011=EDGE_CURVE('',#4304,#4736,#2703,.T.);
#6012=EDGE_CURVE('',#4737,#4736,#2704,.T.);
#6013=EDGE_CURVE('',#4305,#4737,#2705,.T.);
#6014=EDGE_CURVE('',#4730,#4737,#2706,.T.);
#6015=EDGE_CURVE('',#4234,#4738,#2707,.T.);
#6016=EDGE_CURVE('',#4739,#4738,#2708,.T.);
#6017=EDGE_CURVE('',#4235,#4739,#2709,.T.);
#6018=EDGE_CURVE('',#4740,#4739,#2710,.T.);
#6019=EDGE_CURVE('',#4236,#4740,#2711,.T.);
#6020=EDGE_CURVE('',#4741,#4740,#2712,.T.);
#6021=EDGE_CURVE('',#4237,#4741,#2713,.T.);
#6022=EDGE_CURVE('',#4738,#4741,#2714,.T.);
#6023=EDGE_CURVE('',#4742,#4743,#2715,.T.);
#6024=EDGE_CURVE('',#4742,#4744,#2716,.T.);
#6025=EDGE_CURVE('',#4745,#4744,#2717,.T.);
#6026=EDGE_CURVE('',#4743,#4745,#2718,.T.);
#6027=EDGE_CURVE('',#4743,#4746,#2719,.T.);
#6028=EDGE_CURVE('',#4747,#4745,#2720,.T.);
#6029=EDGE_CURVE('',#4746,#4747,#2721,.T.);
#6030=EDGE_CURVE('',#4746,#4748,#1948,.T.);
#6031=EDGE_CURVE('',#4749,#4747,#1949,.T.);
#6032=EDGE_CURVE('',#4748,#4749,#2722,.T.);
#6033=EDGE_CURVE('',#4748,#4750,#1950,.T.);
#6034=EDGE_CURVE('',#4751,#4749,#1951,.T.);
#6035=EDGE_CURVE('',#4750,#4751,#2723,.T.);
#6036=EDGE_CURVE('',#4750,#4742,#2724,.T.);
#6037=EDGE_CURVE('',#4744,#4751,#2725,.T.);
#6038=EDGE_CURVE('',#4290,#4752,#2726,.T.);
#6039=EDGE_CURVE('',#4753,#4752,#2727,.T.);
#6040=EDGE_CURVE('',#4291,#4753,#2728,.T.);
#6041=EDGE_CURVE('',#4754,#4753,#2729,.T.);
#6042=EDGE_CURVE('',#4292,#4754,#2730,.T.);
#6043=EDGE_CURVE('',#4755,#4754,#2731,.T.);
#6044=EDGE_CURVE('',#4293,#4755,#2732,.T.);
#6045=EDGE_CURVE('',#4756,#4755,#2733,.T.);
#6046=EDGE_CURVE('',#4294,#4756,#2734,.T.);
#6047=EDGE_CURVE('',#4757,#4756,#2735,.T.);
#6048=EDGE_CURVE('',#4295,#4757,#2736,.T.);
#6049=EDGE_CURVE('',#4758,#4757,#2737,.T.);
#6050=EDGE_CURVE('',#4296,#4758,#2738,.T.);
#6051=EDGE_CURVE('',#4759,#4758,#2739,.T.);
#6052=EDGE_CURVE('',#4297,#4759,#2740,.T.);
#6053=EDGE_CURVE('',#4752,#4759,#2741,.T.);
#6054=EDGE_CURVE('',#4238,#4760,#2742,.T.);
#6055=EDGE_CURVE('',#4761,#4760,#2743,.T.);
#6056=EDGE_CURVE('',#4239,#4761,#2744,.T.);
#6057=EDGE_CURVE('',#4762,#4761,#2745,.T.);
#6058=EDGE_CURVE('',#4240,#4762,#2746,.T.);
#6059=EDGE_CURVE('',#4763,#4762,#2747,.T.);
#6060=EDGE_CURVE('',#4241,#4763,#2748,.T.);
#6061=EDGE_CURVE('',#4764,#4763,#2749,.T.);
#6062=EDGE_CURVE('',#4242,#4764,#2750,.T.);
#6063=EDGE_CURVE('',#4765,#4764,#2751,.T.);
#6064=EDGE_CURVE('',#4243,#4765,#2752,.T.);
#6065=EDGE_CURVE('',#4766,#4765,#2753,.T.);
#6066=EDGE_CURVE('',#4244,#4766,#2754,.T.);
#6067=EDGE_CURVE('',#4767,#4766,#2755,.T.);
#6068=EDGE_CURVE('',#4245,#4767,#2756,.T.);
#6069=EDGE_CURVE('',#4768,#4767,#2757,.T.);
#6070=EDGE_CURVE('',#4246,#4768,#2758,.T.);
#6071=EDGE_CURVE('',#4769,#4768,#2759,.T.);
#6072=EDGE_CURVE('',#4247,#4769,#2760,.T.);
#6073=EDGE_CURVE('',#4760,#4769,#2761,.T.);
#6074=EDGE_CURVE('',#4770,#4771,#2762,.T.);
#6075=EDGE_CURVE('',#4770,#4772,#2763,.T.);
#6076=EDGE_CURVE('',#4773,#4772,#2764,.T.);
#6077=EDGE_CURVE('',#4771,#4773,#2765,.T.);
#6078=EDGE_CURVE('',#4771,#4774,#2766,.T.);
#6079=EDGE_CURVE('',#4775,#4773,#2767,.T.);
#6080=EDGE_CURVE('',#4774,#4775,#2768,.T.);
#6081=EDGE_CURVE('',#4774,#4776,#1952,.T.);
#6082=EDGE_CURVE('',#4777,#4775,#1953,.T.);
#6083=EDGE_CURVE('',#4776,#4777,#2769,.T.);
#6084=EDGE_CURVE('',#4776,#4778,#1954,.T.);
#6085=EDGE_CURVE('',#4779,#4777,#1955,.T.);
#6086=EDGE_CURVE('',#4778,#4779,#2770,.T.);
#6087=EDGE_CURVE('',#4778,#4770,#2771,.T.);
#6088=EDGE_CURVE('',#4772,#4779,#2772,.T.);
#6089=EDGE_CURVE('',#4282,#4780,#2773,.T.);
#6090=EDGE_CURVE('',#4781,#4780,#2774,.T.);
#6091=EDGE_CURVE('',#4283,#4781,#2775,.T.);
#6092=EDGE_CURVE('',#4782,#4781,#2776,.T.);
#6093=EDGE_CURVE('',#4284,#4782,#2777,.T.);
#6094=EDGE_CURVE('',#4783,#4782,#2778,.T.);
#6095=EDGE_CURVE('',#4285,#4783,#2779,.T.);
#6096=EDGE_CURVE('',#4784,#4783,#2780,.T.);
#6097=EDGE_CURVE('',#4286,#4784,#2781,.T.);
#6098=EDGE_CURVE('',#4785,#4784,#2782,.T.);
#6099=EDGE_CURVE('',#4287,#4785,#2783,.T.);
#6100=EDGE_CURVE('',#4786,#4785,#2784,.T.);
#6101=EDGE_CURVE('',#4288,#4786,#2785,.T.);
#6102=EDGE_CURVE('',#4787,#4786,#2786,.T.);
#6103=EDGE_CURVE('',#4289,#4787,#2787,.T.);
#6104=EDGE_CURVE('',#4780,#4787,#2788,.T.);
#6105=EDGE_CURVE('',#4265,#4788,#2789,.T.);
#6106=EDGE_CURVE('',#4789,#4788,#2790,.T.);
#6107=EDGE_CURVE('',#4266,#4789,#2791,.T.);
#6108=EDGE_CURVE('',#4790,#4789,#2792,.T.);
#6109=EDGE_CURVE('',#4267,#4790,#2793,.T.);
#6110=EDGE_CURVE('',#4791,#4790,#1956,.T.);
#6111=EDGE_CURVE('',#4268,#4791,#2794,.T.);
#6112=EDGE_CURVE('',#4792,#4791,#1957,.T.);
#6113=EDGE_CURVE('',#4269,#4792,#2795,.T.);
#6114=EDGE_CURVE('',#4793,#4792,#1958,.T.);
#6115=EDGE_CURVE('',#4270,#4793,#2796,.T.);
#6116=EDGE_CURVE('',#4794,#4793,#1959,.T.);
#6117=EDGE_CURVE('',#4271,#4794,#2797,.T.);
#6118=EDGE_CURVE('',#4795,#4794,#1960,.T.);
#6119=EDGE_CURVE('',#4272,#4795,#2798,.T.);
#6120=EDGE_CURVE('',#4796,#4795,#1961,.T.);
#6121=EDGE_CURVE('',#4273,#4796,#2799,.T.);
#6122=EDGE_CURVE('',#4797,#4796,#2800,.T.);
#6123=EDGE_CURVE('',#4274,#4797,#2801,.T.);
#6124=EDGE_CURVE('',#4798,#4797,#2802,.T.);
#6125=EDGE_CURVE('',#4275,#4798,#2803,.T.);
#6126=EDGE_CURVE('',#4799,#4798,#2804,.T.);
#6127=EDGE_CURVE('',#4276,#4799,#2805,.T.);
#6128=EDGE_CURVE('',#4800,#4799,#1962,.T.);
#6129=EDGE_CURVE('',#4277,#4800,#2806,.T.);
#6130=EDGE_CURVE('',#4801,#4800,#1963,.T.);
#6131=EDGE_CURVE('',#4278,#4801,#2807,.T.);
#6132=EDGE_CURVE('',#4802,#4801,#1964,.T.);
#6133=EDGE_CURVE('',#4279,#4802,#2808,.T.);
#6134=EDGE_CURVE('',#4803,#4802,#1965,.T.);
#6135=EDGE_CURVE('',#4280,#4803,#2809,.T.);
#6136=EDGE_CURVE('',#4804,#4803,#1966,.T.);
#6137=EDGE_CURVE('',#4281,#4804,#2810,.T.);
#6138=EDGE_CURVE('',#4788,#4804,#2811,.T.);
#6139=EDGE_CURVE('',#4805,#4806,#1967,.T.);
#6140=EDGE_CURVE('',#4805,#4807,#2812,.T.);
#6141=EDGE_CURVE('',#4808,#4807,#1968,.T.);
#6142=EDGE_CURVE('',#4806,#4808,#2813,.T.);
#6143=EDGE_CURVE('',#4806,#4809,#1969,.T.);
#6144=EDGE_CURVE('',#4810,#4808,#1970,.T.);
#6145=EDGE_CURVE('',#4809,#4810,#2814,.T.);
#6146=EDGE_CURVE('',#4809,#4811,#1971,.T.);
#6147=EDGE_CURVE('',#4812,#4810,#1972,.T.);
#6148=EDGE_CURVE('',#4811,#4812,#2815,.T.);
#6149=EDGE_CURVE('',#4811,#4813,#1973,.T.);
#6150=EDGE_CURVE('',#4814,#4812,#1974,.T.);
#6151=EDGE_CURVE('',#4813,#4814,#2816,.T.);
#6152=EDGE_CURVE('',#4813,#4815,#1975,.T.);
#6153=EDGE_CURVE('',#4816,#4814,#1976,.T.);
#6154=EDGE_CURVE('',#4815,#4816,#2817,.T.);
#6155=EDGE_CURVE('',#4815,#4817,#1977,.T.);
#6156=EDGE_CURVE('',#4818,#4816,#1978,.T.);
#6157=EDGE_CURVE('',#4817,#4818,#2818,.T.);
#6158=EDGE_CURVE('',#4817,#4819,#1979,.T.);
#6159=EDGE_CURVE('',#4820,#4818,#1980,.T.);
#6160=EDGE_CURVE('',#4819,#4820,#2819,.T.);
#6161=EDGE_CURVE('',#4819,#4821,#1981,.T.);
#6162=EDGE_CURVE('',#4822,#4820,#1982,.T.);
#6163=EDGE_CURVE('',#4821,#4822,#2820,.T.);
#6164=EDGE_CURVE('',#4821,#4805,#1983,.T.);
#6165=EDGE_CURVE('',#4807,#4822,#1984,.T.);
#6166=EDGE_CURVE('',#4248,#4823,#2821,.T.);
#6167=EDGE_CURVE('',#4824,#4823,#1985,.T.);
#6168=EDGE_CURVE('',#4249,#4824,#2822,.T.);
#6169=EDGE_CURVE('',#4825,#4824,#1986,.T.);
#6170=EDGE_CURVE('',#4250,#4825,#2823,.T.);
#6171=EDGE_CURVE('',#4826,#4825,#1987,.T.);
#6172=EDGE_CURVE('',#4251,#4826,#2824,.T.);
#6173=EDGE_CURVE('',#4827,#4826,#1988,.T.);
#6174=EDGE_CURVE('',#4252,#4827,#2825,.T.);
#6175=EDGE_CURVE('',#4828,#4827,#1989,.T.);
#6176=EDGE_CURVE('',#4253,#4828,#2826,.T.);
#6177=EDGE_CURVE('',#4829,#4828,#1990,.T.);
#6178=EDGE_CURVE('',#4254,#4829,#2827,.T.);
#6179=EDGE_CURVE('',#4830,#4829,#1991,.T.);
#6180=EDGE_CURVE('',#4255,#4830,#2828,.T.);
#6181=EDGE_CURVE('',#4831,#4830,#1992,.T.);
#6182=EDGE_CURVE('',#4256,#4831,#2829,.T.);
#6183=EDGE_CURVE('',#4832,#4831,#1993,.T.);
#6184=EDGE_CURVE('',#4257,#4832,#2830,.T.);
#6185=EDGE_CURVE('',#4833,#4832,#1994,.T.);
#6186=EDGE_CURVE('',#4258,#4833,#2831,.T.);
#6187=EDGE_CURVE('',#4823,#4833,#1995,.T.);
#6188=EDGE_CURVE('',#4440,#4417,#2832,.T.);
#6189=EDGE_CURVE('',#4439,#4418,#2833,.T.);
#6190=EDGE_CURVE('',#4834,#4438,#2834,.T.);
#6191=EDGE_CURVE('',#4835,#4834,#2835,.T.);
#6192=EDGE_CURVE('',#4836,#4835,#2836,.T.);
#6193=EDGE_CURVE('',#4438,#4836,#2837,.T.);
#6194=EDGE_CURVE('',#4419,#4836,#2838,.T.);
#6195=EDGE_CURVE('',#4835,#4458,#2839,.T.);
#6196=EDGE_CURVE('',#4837,#4834,#2840,.T.);
#6197=EDGE_CURVE('',#4837,#4459,#2841,.T.);
#6198=EDGE_CURVE('',#4838,#4837,#2842,.T.);
#6199=EDGE_CURVE('',#4838,#4460,#2843,.T.);
#6200=EDGE_CURVE('',#4839,#4838,#2844,.T.);
#6201=EDGE_CURVE('',#4839,#4461,#2845,.T.);
#6202=EDGE_CURVE('',#4840,#4839,#2846,.T.);
#6203=EDGE_CURVE('',#4840,#4450,#2847,.T.);
#6204=EDGE_CURVE('',#4451,#4841,#2848,.T.);
#6205=EDGE_CURVE('',#4841,#4840,#2849,.T.);
#6206=EDGE_CURVE('',#4841,#4433,#2850,.T.);
#6207=EDGE_CURVE('',#4373,#4842,#2851,.T.);
#6208=EDGE_CURVE('',#4842,#4843,#2852,.T.);
#6209=EDGE_CURVE('',#4452,#4843,#2853,.T.);
#6210=EDGE_CURVE('',#4844,#4365,#3908,.T.);
#6211=EDGE_CURVE('',#4366,#4844,#2854,.T.);
#6212=EDGE_CURVE('',#4259,#4845,#2855,.T.);
#6213=EDGE_CURVE('',#4846,#4845,#3909,.T.);
#6214=EDGE_CURVE('',#4844,#4846,#2856,.T.);
#6215=EDGE_CURVE('',#4845,#4364,#3910,.T.);
#6216=EDGE_CURVE('',#4846,#4847,#2857,.F.);
#6217=EDGE_CURVE('',#4847,#4848,#2858,.T.);
#6218=EDGE_CURVE('',#4848,#4849,#2859,.T.);
#6219=EDGE_CURVE('',#4849,#4850,#2860,.T.);
#6220=EDGE_CURVE('',#4850,#4379,#2861,.F.);
#6221=EDGE_CURVE('',#4851,#4851,#3911,.T.);
#6222=EDGE_CURVE('',#4852,#4852,#3912,.T.);
#6223=EDGE_CURVE('',#4853,#4853,#3913,.T.);
#6224=EDGE_CURVE('',#4849,#4848,#3914,.T.);
#6225=EDGE_CURVE('',#4854,#4855,#2862,.T.);
#6226=EDGE_CURVE('',#4856,#4854,#3915,.T.);
#6227=EDGE_CURVE('',#4855,#4856,#2863,.T.);
#6228=EDGE_CURVE('',#4260,#4857,#2864,.T.);
#6229=EDGE_CURVE('',#4850,#4857,#3916,.T.);
#6230=EDGE_CURVE('',#4858,#4847,#3917,.T.);
#6231=EDGE_CURVE('',#4856,#4858,#2865,.T.);
#6232=EDGE_CURVE('',#4859,#4854,#2866,.T.);
#6233=EDGE_CURVE('',#4857,#4859,#3918,.T.);
#6234=EDGE_CURVE('',#4457,#4855,#2867,.F.);
#6235=EDGE_CURVE('',#4456,#4453,#3919,.T.);
#6236=EDGE_CURVE('',#4843,#4860,#2868,.T.);
#6237=EDGE_CURVE('',#4860,#4861,#2869,.T.);
#6238=EDGE_CURVE('',#4861,#4859,#2870,.T.);
#6239=EDGE_CURVE('',#4430,#4428,#2871,.T.);
#6240=EDGE_CURVE('',#4862,#4862,#3920,.F.);
#6241=EDGE_CURVE('',#4863,#4864,#3921,.F.);
#6242=EDGE_CURVE('',#4864,#4863,#3922,.F.);
#6243=EDGE_CURVE('',#4858,#4085,#2872,.T.);
#6244=EDGE_CURVE('',#4423,#4865,#3923,.T.);
#6245=EDGE_CURVE('',#4865,#4420,#3924,.T.);
#6246=EDGE_CURVE('',#4866,#4866,#3925,.F.);
#6247=EDGE_CURVE('',#4867,#4867,#3926,.F.);
#6248=EDGE_CURVE('',#4363,#4086,#3927,.T.);
#6249=EDGE_CURVE('',#4868,#4087,#3928,.T.);
#6250=EDGE_CURVE('',#4101,#4868,#3929,.T.);
#6251=EDGE_CURVE('',#4362,#4361,#3930,.T.);
#6252=EDGE_CURVE('',#4261,#4868,#2873,.T.);
#6253=EDGE_CURVE('',#4861,#4380,#3931,.T.);
#6254=EDGE_CURVE('',#4869,#4381,#3932,.T.);
#6255=EDGE_CURVE('',#4382,#4869,#3933,.T.);
#6256=EDGE_CURVE('',#4860,#4842,#3934,.T.);
#6257=EDGE_CURVE('',#4262,#4869,#2874,.T.);
#6258=EDGE_CURVE('',#4454,#4465,#3935,.T.);
#6259=EDGE_CURVE('',#4464,#4455,#3936,.T.);
#6260=EDGE_CURVE('',#4853,#4865,#2875,.T.);
#6261=EDGE_CURVE('',#4421,#4422,#3937,.T.);
#6262=EDGE_CURVE('',#4091,#4369,#2876,.T.);
#6263=EDGE_CURVE('',#4864,#4384,#2877,.F.);
#6264=EDGE_CURVE('',#4385,#4863,#2878,.F.);
#6265=EDGE_CURVE('',#4092,#4368,#2879,.T.);
#6266=EDGE_CURVE('',#4862,#4383,#2880,.T.);
#6267=EDGE_CURVE('',#4867,#4852,#2881,.T.);
#6268=EDGE_CURVE('',#4866,#4851,#2882,.T.);
#6269=EDGE_CURVE('',#4466,#4462,#2883,.T.);
#6270=EDGE_CURVE('',#4067,#4099,#2884,.T.);
#6271=EDGE_CURVE('',#4436,#4406,#2885,.T.);
#6272=EDGE_CURVE('',#4407,#4435,#2886,.T.);
#6273=EDGE_CURVE('',#4066,#4098,#2887,.T.);
#6274=EDGE_CURVE('',#4405,#4434,#2888,.T.);
#6275=EDGE_CURVE('',#4870,#4870,#3938,.T.);
#6276=EDGE_CURVE('',#4870,#4871,#2889,.T.);
#6277=EDGE_CURVE('',#4871,#4871,#3939,.T.);
#6278=EDGE_CURVE('',#4872,#4872,#3940,.T.);
#6279=EDGE_CURVE('',#4872,#4873,#2890,.T.);
#6280=EDGE_CURVE('',#4873,#4873,#3941,.T.);
#6281=EDGE_CURVE('',#4432,#4834,#2891,.T.);
#6282=ORIENTED_EDGE('',*,*,#4874,.F.);
#6283=ORIENTED_EDGE('',*,*,#4875,.T.);
#6284=ORIENTED_EDGE('',*,*,#4876,.F.);
#6285=ORIENTED_EDGE('',*,*,#4877,.F.);
#6286=ORIENTED_EDGE('',*,*,#4878,.F.);
#6287=ORIENTED_EDGE('',*,*,#4879,.T.);
#6288=ORIENTED_EDGE('',*,*,#4880,.T.);
#6289=ORIENTED_EDGE('',*,*,#4881,.F.);
#6290=ORIENTED_EDGE('',*,*,#4882,.F.);
#6291=ORIENTED_EDGE('',*,*,#4883,.F.);
#6292=ORIENTED_EDGE('',*,*,#4884,.F.);
#6293=ORIENTED_EDGE('',*,*,#4875,.F.);
#6294=ORIENTED_EDGE('',*,*,#4885,.F.);
#6295=ORIENTED_EDGE('',*,*,#4886,.T.);
#6296=ORIENTED_EDGE('',*,*,#4887,.F.);
#6297=ORIENTED_EDGE('',*,*,#4886,.F.);
#6298=ORIENTED_EDGE('',*,*,#4888,.F.);
#6299=ORIENTED_EDGE('',*,*,#4889,.T.);
#6300=ORIENTED_EDGE('',*,*,#4890,.F.);
#6301=ORIENTED_EDGE('',*,*,#4889,.F.);
#6302=ORIENTED_EDGE('',*,*,#4891,.F.);
#6303=ORIENTED_EDGE('',*,*,#4892,.T.);
#6304=ORIENTED_EDGE('',*,*,#4893,.F.);
#6305=ORIENTED_EDGE('',*,*,#4892,.F.);
#6306=ORIENTED_EDGE('',*,*,#4894,.F.);
#6307=ORIENTED_EDGE('',*,*,#4895,.T.);
#6308=ORIENTED_EDGE('',*,*,#4896,.F.);
#6309=ORIENTED_EDGE('',*,*,#4895,.F.);
#6310=ORIENTED_EDGE('',*,*,#4897,.F.);
#6311=ORIENTED_EDGE('',*,*,#4898,.T.);
#6312=ORIENTED_EDGE('',*,*,#4899,.F.);
#6313=ORIENTED_EDGE('',*,*,#4898,.F.);
#6314=ORIENTED_EDGE('',*,*,#4900,.F.);
#6315=ORIENTED_EDGE('',*,*,#4901,.T.);
#6316=ORIENTED_EDGE('',*,*,#4902,.F.);
#6317=ORIENTED_EDGE('',*,*,#4901,.F.);
#6318=ORIENTED_EDGE('',*,*,#4903,.F.);
#6319=ORIENTED_EDGE('',*,*,#4904,.F.);
#6320=ORIENTED_EDGE('',*,*,#4905,.F.);
#6321=ORIENTED_EDGE('',*,*,#4906,.F.);
#6322=ORIENTED_EDGE('',*,*,#4907,.F.);
#6323=ORIENTED_EDGE('',*,*,#4908,.F.);
#6324=ORIENTED_EDGE('',*,*,#4909,.F.);
#6325=ORIENTED_EDGE('',*,*,#4910,.F.);
#6326=ORIENTED_EDGE('',*,*,#4880,.F.);
#6327=ORIENTED_EDGE('',*,*,#4911,.F.);
#6328=ORIENTED_EDGE('',*,*,#4912,.F.);
#6329=ORIENTED_EDGE('',*,*,#4913,.F.);
#6330=ORIENTED_EDGE('',*,*,#4914,.F.);
#6331=ORIENTED_EDGE('',*,*,#4915,.F.);
#6332=ORIENTED_EDGE('',*,*,#4916,.F.);
#6333=ORIENTED_EDGE('',*,*,#4917,.F.);
#6334=ORIENTED_EDGE('',*,*,#4906,.T.);
#6335=ORIENTED_EDGE('',*,*,#4918,.F.);
#6336=ORIENTED_EDGE('',*,*,#4919,.F.);
#6337=ORIENTED_EDGE('',*,*,#4920,.T.);
#6338=ORIENTED_EDGE('',*,*,#4905,.T.);
#6339=ORIENTED_EDGE('',*,*,#4921,.F.);
#6340=ORIENTED_EDGE('',*,*,#4922,.F.);
#6341=ORIENTED_EDGE('',*,*,#4918,.T.);
#6342=ORIENTED_EDGE('',*,*,#4914,.T.);
#6343=ORIENTED_EDGE('',*,*,#4923,.T.);
#6344=ORIENTED_EDGE('',*,*,#4924,.F.);
#6345=ORIENTED_EDGE('',*,*,#4925,.T.);
#6346=ORIENTED_EDGE('',*,*,#4912,.T.);
#6347=ORIENTED_EDGE('',*,*,#4926,.T.);
#6348=ORIENTED_EDGE('',*,*,#4927,.F.);
#6349=ORIENTED_EDGE('',*,*,#4928,.F.);
#6350=ORIENTED_EDGE('',*,*,#4929,.F.);
#6351=ORIENTED_EDGE('',*,*,#4930,.T.);
#6352=ORIENTED_EDGE('',*,*,#4931,.F.);
#6353=ORIENTED_EDGE('',*,*,#4932,.T.);
#6354=ORIENTED_EDGE('',*,*,#4910,.T.);
#6355=ORIENTED_EDGE('',*,*,#4933,.T.);
#6356=ORIENTED_EDGE('',*,*,#4934,.F.);
#6357=ORIENTED_EDGE('',*,*,#4935,.F.);
#6358=ORIENTED_EDGE('',*,*,#4936,.F.);
#6359=ORIENTED_EDGE('',*,*,#4883,.T.);
#6360=ORIENTED_EDGE('',*,*,#4937,.F.);
#6361=ORIENTED_EDGE('',*,*,#4881,.T.);
#6362=ORIENTED_EDGE('',*,*,#4904,.T.);
#6363=ORIENTED_EDGE('',*,*,#4938,.F.);
#6364=ORIENTED_EDGE('',*,*,#4939,.F.);
#6365=ORIENTED_EDGE('',*,*,#4921,.T.);
#6366=ORIENTED_EDGE('',*,*,#4903,.T.);
#6367=ORIENTED_EDGE('',*,*,#4920,.F.);
#6368=ORIENTED_EDGE('',*,*,#4940,.F.);
#6369=ORIENTED_EDGE('',*,*,#4938,.T.);
#6370=ORIENTED_EDGE('',*,*,#4941,.F.);
#6371=ORIENTED_EDGE('',*,*,#4942,.F.);
#6372=ORIENTED_EDGE('',*,*,#4943,.T.);
#6373=ORIENTED_EDGE('',*,*,#4944,.T.);
#6374=ORIENTED_EDGE('',*,*,#4945,.F.);
#6375=ORIENTED_EDGE('',*,*,#4946,.T.);
#6376=ORIENTED_EDGE('',*,*,#4947,.T.);
#6377=ORIENTED_EDGE('',*,*,#4943,.F.);
#6378=ORIENTED_EDGE('',*,*,#4948,.F.);
#6379=ORIENTED_EDGE('',*,*,#4949,.F.);
#6380=ORIENTED_EDGE('',*,*,#4950,.F.);
#6381=ORIENTED_EDGE('',*,*,#4946,.F.);
#6382=ORIENTED_EDGE('',*,*,#4951,.F.);
#6383=ORIENTED_EDGE('',*,*,#4952,.T.);
#6384=ORIENTED_EDGE('',*,*,#4953,.T.);
#6385=ORIENTED_EDGE('',*,*,#4949,.T.);
#6386=ORIENTED_EDGE('',*,*,#4954,.F.);
#6387=ORIENTED_EDGE('',*,*,#4944,.F.);
#6388=ORIENTED_EDGE('',*,*,#4955,.T.);
#6389=ORIENTED_EDGE('',*,*,#4956,.F.);
#6390=ORIENTED_EDGE('',*,*,#4957,.F.);
#6391=ORIENTED_EDGE('',*,*,#4958,.T.);
#6392=ORIENTED_EDGE('',*,*,#4959,.F.);
#6393=ORIENTED_EDGE('',*,*,#4958,.F.);
#6394=ORIENTED_EDGE('',*,*,#4960,.F.);
#6395=ORIENTED_EDGE('',*,*,#4961,.F.);
#6396=ORIENTED_EDGE('',*,*,#4962,.F.);
#6397=ORIENTED_EDGE('',*,*,#4961,.T.);
#6398=ORIENTED_EDGE('',*,*,#4963,.F.);
#6399=ORIENTED_EDGE('',*,*,#4964,.F.);
#6400=ORIENTED_EDGE('',*,*,#4965,.F.);
#6401=ORIENTED_EDGE('',*,*,#4966,.F.);
#6402=ORIENTED_EDGE('',*,*,#4964,.T.);
#6403=ORIENTED_EDGE('',*,*,#4967,.F.);
#6404=ORIENTED_EDGE('',*,*,#4968,.F.);
#6405=ORIENTED_EDGE('',*,*,#4969,.T.);
#6406=ORIENTED_EDGE('',*,*,#4970,.F.);
#6407=ORIENTED_EDGE('',*,*,#4969,.F.);
#6408=ORIENTED_EDGE('',*,*,#4971,.F.);
#6409=ORIENTED_EDGE('',*,*,#4972,.T.);
#6410=ORIENTED_EDGE('',*,*,#4973,.F.);
#6411=ORIENTED_EDGE('',*,*,#4974,.F.);
#6412=ORIENTED_EDGE('',*,*,#4975,.F.);
#6413=ORIENTED_EDGE('',*,*,#4976,.F.);
#6414=ORIENTED_EDGE('',*,*,#4977,.F.);
#6415=ORIENTED_EDGE('',*,*,#4978,.F.);
#6416=ORIENTED_EDGE('',*,*,#4979,.F.);
#6417=ORIENTED_EDGE('',*,*,#4980,.F.);
#6418=ORIENTED_EDGE('',*,*,#4981,.F.);
#6419=ORIENTED_EDGE('',*,*,#4982,.F.);
#6420=ORIENTED_EDGE('',*,*,#4983,.F.);
#6421=ORIENTED_EDGE('',*,*,#4952,.F.);
#6422=ORIENTED_EDGE('',*,*,#4984,.F.);
#6423=ORIENTED_EDGE('',*,*,#4985,.F.);
#6424=ORIENTED_EDGE('',*,*,#4986,.F.);
#6425=ORIENTED_EDGE('',*,*,#4987,.F.);
#6426=ORIENTED_EDGE('',*,*,#4988,.T.);
#6427=ORIENTED_EDGE('',*,*,#4984,.T.);
#6428=ORIENTED_EDGE('',*,*,#4989,.F.);
#6429=ORIENTED_EDGE('',*,*,#4990,.F.);
#6430=ORIENTED_EDGE('',*,*,#4991,.F.);
#6431=ORIENTED_EDGE('',*,*,#4981,.T.);
#6432=ORIENTED_EDGE('',*,*,#4992,.F.);
#6433=ORIENTED_EDGE('',*,*,#4993,.F.);
#6434=ORIENTED_EDGE('',*,*,#4994,.T.);
#6435=ORIENTED_EDGE('',*,*,#4995,.F.);
#6436=ORIENTED_EDGE('',*,*,#4996,.F.);
#6437=ORIENTED_EDGE('',*,*,#4997,.F.);
#6438=ORIENTED_EDGE('',*,*,#4998,.T.);
#6439=ORIENTED_EDGE('',*,*,#4999,.F.);
#6440=ORIENTED_EDGE('',*,*,#4994,.F.);
#6441=ORIENTED_EDGE('',*,*,#5000,.F.);
#6442=ORIENTED_EDGE('',*,*,#4996,.T.);
#6443=ORIENTED_EDGE('',*,*,#5001,.F.);
#6444=ORIENTED_EDGE('',*,*,#5002,.T.);
#6445=ORIENTED_EDGE('',*,*,#5003,.T.);
#6446=ORIENTED_EDGE('',*,*,#5004,.F.);
#6447=ORIENTED_EDGE('',*,*,#5005,.T.);
#6448=ORIENTED_EDGE('',*,*,#5006,.T.);
#6449=ORIENTED_EDGE('',*,*,#5007,.F.);
#6450=ORIENTED_EDGE('',*,*,#5008,.F.);
#6451=ORIENTED_EDGE('',*,*,#5002,.F.);
#6452=ORIENTED_EDGE('',*,*,#5009,.F.);
#6453=ORIENTED_EDGE('',*,*,#5010,.F.);
#6454=ORIENTED_EDGE('',*,*,#5006,.F.);
#6455=ORIENTED_EDGE('',*,*,#5011,.T.);
#6456=ORIENTED_EDGE('',*,*,#4974,.T.);
#6457=ORIENTED_EDGE('',*,*,#4975,.T.);
#6458=ORIENTED_EDGE('',*,*,#5011,.F.);
#6459=ORIENTED_EDGE('',*,*,#5012,.F.);
#6460=ORIENTED_EDGE('',*,*,#5013,.F.);
#6461=ORIENTED_EDGE('',*,*,#5014,.F.);
#6462=ORIENTED_EDGE('',*,*,#4983,.T.);
#6463=ORIENTED_EDGE('',*,*,#5015,.F.);
#6464=ORIENTED_EDGE('',*,*,#5016,.F.);
#6465=ORIENTED_EDGE('',*,*,#4953,.F.);
#6466=ORIENTED_EDGE('',*,*,#4977,.T.);
#6467=ORIENTED_EDGE('',*,*,#5017,.F.);
#6468=ORIENTED_EDGE('',*,*,#5018,.F.);
#6469=ORIENTED_EDGE('',*,*,#4976,.T.);
#6470=ORIENTED_EDGE('',*,*,#5014,.T.);
#6471=ORIENTED_EDGE('',*,*,#5019,.F.);
#6472=ORIENTED_EDGE('',*,*,#5017,.T.);
#6473=ORIENTED_EDGE('',*,*,#4982,.T.);
#6474=ORIENTED_EDGE('',*,*,#4991,.T.);
#6475=ORIENTED_EDGE('',*,*,#5020,.T.);
#6476=ORIENTED_EDGE('',*,*,#5015,.T.);
#6477=ORIENTED_EDGE('',*,*,#5021,.F.);
#6478=ORIENTED_EDGE('',*,*,#5003,.F.);
#6479=ORIENTED_EDGE('',*,*,#5008,.T.);
#6480=ORIENTED_EDGE('',*,*,#5022,.F.);
#6481=ORIENTED_EDGE('',*,*,#5023,.F.);
#6482=ORIENTED_EDGE('',*,*,#5020,.F.);
#6483=ORIENTED_EDGE('',*,*,#5024,.F.);
#6484=ORIENTED_EDGE('',*,*,#5025,.F.);
#6485=ORIENTED_EDGE('',*,*,#5024,.T.);
#6486=ORIENTED_EDGE('',*,*,#4990,.T.);
#6487=ORIENTED_EDGE('',*,*,#5026,.F.);
#6488=ORIENTED_EDGE('',*,*,#5027,.T.);
#6489=ORIENTED_EDGE('',*,*,#5028,.F.);
#6490=ORIENTED_EDGE('',*,*,#5023,.T.);
#6491=ORIENTED_EDGE('',*,*,#5029,.F.);
#6492=ORIENTED_EDGE('',*,*,#5030,.F.);
#6493=ORIENTED_EDGE('',*,*,#5012,.T.);
#6494=ORIENTED_EDGE('',*,*,#5005,.F.);
#6495=ORIENTED_EDGE('',*,*,#4950,.T.);
#6496=ORIENTED_EDGE('',*,*,#5016,.T.);
#6497=ORIENTED_EDGE('',*,*,#5025,.T.);
#6498=ORIENTED_EDGE('',*,*,#5031,.T.);
#6499=ORIENTED_EDGE('',*,*,#5032,.T.);
#6500=ORIENTED_EDGE('',*,*,#5033,.T.);
#6501=ORIENTED_EDGE('',*,*,#4922,.T.);
#6502=ORIENTED_EDGE('',*,*,#5034,.T.);
#6503=ORIENTED_EDGE('',*,*,#5032,.F.);
#6504=ORIENTED_EDGE('',*,*,#5035,.T.);
#6505=ORIENTED_EDGE('',*,*,#5036,.F.);
#6506=ORIENTED_EDGE('',*,*,#5037,.F.);
#6507=ORIENTED_EDGE('',*,*,#5038,.T.);
#6508=ORIENTED_EDGE('',*,*,#5039,.T.);
#6509=ORIENTED_EDGE('',*,*,#5040,.T.);
#6510=ORIENTED_EDGE('',*,*,#5041,.T.);
#6511=ORIENTED_EDGE('',*,*,#5042,.T.);
#6512=ORIENTED_EDGE('',*,*,#5043,.T.);
#6513=ORIENTED_EDGE('',*,*,#5044,.T.);
#6514=ORIENTED_EDGE('',*,*,#5045,.T.);
#6515=ORIENTED_EDGE('',*,*,#5046,.T.);
#6516=ORIENTED_EDGE('',*,*,#5047,.T.);
#6517=ORIENTED_EDGE('',*,*,#5048,.T.);
#6518=ORIENTED_EDGE('',*,*,#5049,.T.);
#6519=ORIENTED_EDGE('',*,*,#5050,.T.);
#6520=ORIENTED_EDGE('',*,*,#5051,.T.);
#6521=ORIENTED_EDGE('',*,*,#5052,.T.);
#6522=ORIENTED_EDGE('',*,*,#5053,.T.);
#6523=ORIENTED_EDGE('',*,*,#5054,.T.);
#6524=ORIENTED_EDGE('',*,*,#5055,.T.);
#6525=ORIENTED_EDGE('',*,*,#5056,.T.);
#6526=ORIENTED_EDGE('',*,*,#5057,.T.);
#6527=ORIENTED_EDGE('',*,*,#5058,.F.);
#6528=ORIENTED_EDGE('',*,*,#5059,.F.);
#6529=ORIENTED_EDGE('',*,*,#5040,.F.);
#6530=ORIENTED_EDGE('',*,*,#5060,.T.);
#6531=ORIENTED_EDGE('',*,*,#4985,.T.);
#6532=ORIENTED_EDGE('',*,*,#4988,.F.);
#6533=ORIENTED_EDGE('',*,*,#5061,.F.);
#6534=ORIENTED_EDGE('',*,*,#5062,.F.);
#6535=ORIENTED_EDGE('',*,*,#5063,.F.);
#6536=ORIENTED_EDGE('',*,*,#4998,.F.);
#6537=ORIENTED_EDGE('',*,*,#4968,.T.);
#6538=ORIENTED_EDGE('',*,*,#5064,.F.);
#6539=ORIENTED_EDGE('',*,*,#5065,.T.);
#6540=ORIENTED_EDGE('',*,*,#5066,.T.);
#6541=ORIENTED_EDGE('',*,*,#5067,.T.);
#6542=ORIENTED_EDGE('',*,*,#5068,.T.);
#6543=ORIENTED_EDGE('',*,*,#5069,.F.);
#6544=ORIENTED_EDGE('',*,*,#5029,.T.);
#6545=ORIENTED_EDGE('',*,*,#5022,.T.);
#6546=ORIENTED_EDGE('',*,*,#5009,.T.);
#6547=ORIENTED_EDGE('',*,*,#5001,.T.);
#6548=ORIENTED_EDGE('',*,*,#4995,.T.);
#6549=ORIENTED_EDGE('',*,*,#4999,.T.);
#6550=ORIENTED_EDGE('',*,*,#5063,.T.);
#6551=ORIENTED_EDGE('',*,*,#5070,.T.);
#6552=ORIENTED_EDGE('',*,*,#5071,.T.);
#6553=ORIENTED_EDGE('',*,*,#4971,.T.);
#6554=ORIENTED_EDGE('',*,*,#4893,.T.);
#6555=ORIENTED_EDGE('',*,*,#4896,.T.);
#6556=ORIENTED_EDGE('',*,*,#5072,.T.);
#6557=ORIENTED_EDGE('',*,*,#5073,.F.);
#6558=ORIENTED_EDGE('',*,*,#5074,.F.);
#6559=ORIENTED_EDGE('',*,*,#4992,.T.);
#6560=ORIENTED_EDGE('',*,*,#4980,.T.);
#6561=ORIENTED_EDGE('',*,*,#5075,.T.);
#6562=ORIENTED_EDGE('',*,*,#4978,.T.);
#6563=ORIENTED_EDGE('',*,*,#5018,.T.);
#6564=ORIENTED_EDGE('',*,*,#5019,.T.);
#6565=ORIENTED_EDGE('',*,*,#5013,.T.);
#6566=ORIENTED_EDGE('',*,*,#5076,.T.);
#6567=ORIENTED_EDGE('',*,*,#5077,.T.);
#6568=ORIENTED_EDGE('',*,*,#5078,.F.);
#6569=ORIENTED_EDGE('',*,*,#5079,.F.);
#6570=ORIENTED_EDGE('',*,*,#5080,.T.);
#6571=ORIENTED_EDGE('',*,*,#5081,.T.);
#6572=ORIENTED_EDGE('',*,*,#5061,.T.);
#6573=ORIENTED_EDGE('',*,*,#4891,.T.);
#6574=ORIENTED_EDGE('',*,*,#4894,.T.);
#6575=ORIENTED_EDGE('',*,*,#5082,.T.);
#6576=ORIENTED_EDGE('',*,*,#5083,.T.);
#6577=ORIENTED_EDGE('',*,*,#5084,.T.);
#6578=ORIENTED_EDGE('',*,*,#4979,.T.);
#6579=ORIENTED_EDGE('',*,*,#5075,.F.);
#6580=ORIENTED_EDGE('',*,*,#5030,.T.);
#6581=ORIENTED_EDGE('',*,*,#5069,.T.);
#6582=ORIENTED_EDGE('',*,*,#5085,.T.);
#6583=ORIENTED_EDGE('',*,*,#5086,.T.);
#6584=ORIENTED_EDGE('',*,*,#5087,.T.);
#6585=ORIENTED_EDGE('',*,*,#5076,.F.);
#6586=ORIENTED_EDGE('',*,*,#4956,.T.);
#6587=ORIENTED_EDGE('',*,*,#5088,.T.);
#6588=ORIENTED_EDGE('',*,*,#5089,.F.);
#6589=ORIENTED_EDGE('',*,*,#5090,.F.);
#6590=ORIENTED_EDGE('',*,*,#5091,.T.);
#6591=ORIENTED_EDGE('',*,*,#5092,.F.);
#6592=ORIENTED_EDGE('',*,*,#5093,.F.);
#6593=ORIENTED_EDGE('',*,*,#5094,.F.);
#6594=ORIENTED_EDGE('',*,*,#5093,.T.);
#6595=ORIENTED_EDGE('',*,*,#5095,.F.);
#6596=ORIENTED_EDGE('',*,*,#5096,.F.);
#6597=ORIENTED_EDGE('',*,*,#5097,.F.);
#6598=ORIENTED_EDGE('',*,*,#5096,.T.);
#6599=ORIENTED_EDGE('',*,*,#5098,.F.);
#6600=ORIENTED_EDGE('',*,*,#5099,.F.);
#6601=ORIENTED_EDGE('',*,*,#5100,.F.);
#6602=ORIENTED_EDGE('',*,*,#5099,.T.);
#6603=ORIENTED_EDGE('',*,*,#5101,.F.);
#6604=ORIENTED_EDGE('',*,*,#5102,.F.);
#6605=ORIENTED_EDGE('',*,*,#5103,.F.);
#6606=ORIENTED_EDGE('',*,*,#5102,.T.);
#6607=ORIENTED_EDGE('',*,*,#5104,.F.);
#6608=ORIENTED_EDGE('',*,*,#5105,.F.);
#6609=ORIENTED_EDGE('',*,*,#5106,.F.);
#6610=ORIENTED_EDGE('',*,*,#5105,.T.);
#6611=ORIENTED_EDGE('',*,*,#5107,.F.);
#6612=ORIENTED_EDGE('',*,*,#5108,.F.);
#6613=ORIENTED_EDGE('',*,*,#5109,.F.);
#6614=ORIENTED_EDGE('',*,*,#5108,.T.);
#6615=ORIENTED_EDGE('',*,*,#5110,.F.);
#6616=ORIENTED_EDGE('',*,*,#5111,.F.);
#6617=ORIENTED_EDGE('',*,*,#5112,.F.);
#6618=ORIENTED_EDGE('',*,*,#5111,.T.);
#6619=ORIENTED_EDGE('',*,*,#5113,.F.);
#6620=ORIENTED_EDGE('',*,*,#5114,.F.);
#6621=ORIENTED_EDGE('',*,*,#5115,.F.);
#6622=ORIENTED_EDGE('',*,*,#5114,.T.);
#6623=ORIENTED_EDGE('',*,*,#5116,.F.);
#6624=ORIENTED_EDGE('',*,*,#5117,.F.);
#6625=ORIENTED_EDGE('',*,*,#5118,.F.);
#6626=ORIENTED_EDGE('',*,*,#5117,.T.);
#6627=ORIENTED_EDGE('',*,*,#5119,.F.);
#6628=ORIENTED_EDGE('',*,*,#5120,.F.);
#6629=ORIENTED_EDGE('',*,*,#5121,.F.);
#6630=ORIENTED_EDGE('',*,*,#5120,.T.);
#6631=ORIENTED_EDGE('',*,*,#5122,.F.);
#6632=ORIENTED_EDGE('',*,*,#5123,.F.);
#6633=ORIENTED_EDGE('',*,*,#5124,.F.);
#6634=ORIENTED_EDGE('',*,*,#5123,.T.);
#6635=ORIENTED_EDGE('',*,*,#5125,.F.);
#6636=ORIENTED_EDGE('',*,*,#5126,.F.);
#6637=ORIENTED_EDGE('',*,*,#5127,.F.);
#6638=ORIENTED_EDGE('',*,*,#5126,.T.);
#6639=ORIENTED_EDGE('',*,*,#5128,.F.);
#6640=ORIENTED_EDGE('',*,*,#5091,.F.);
#6641=ORIENTED_EDGE('',*,*,#5128,.T.);
#6642=ORIENTED_EDGE('',*,*,#5125,.T.);
#6643=ORIENTED_EDGE('',*,*,#5122,.T.);
#6644=ORIENTED_EDGE('',*,*,#5119,.T.);
#6645=ORIENTED_EDGE('',*,*,#5116,.T.);
#6646=ORIENTED_EDGE('',*,*,#5113,.T.);
#6647=ORIENTED_EDGE('',*,*,#5110,.T.);
#6648=ORIENTED_EDGE('',*,*,#5107,.T.);
#6649=ORIENTED_EDGE('',*,*,#5104,.T.);
#6650=ORIENTED_EDGE('',*,*,#5101,.T.);
#6651=ORIENTED_EDGE('',*,*,#5098,.T.);
#6652=ORIENTED_EDGE('',*,*,#5095,.T.);
#6653=ORIENTED_EDGE('',*,*,#5092,.T.);
#6654=ORIENTED_EDGE('',*,*,#5045,.F.);
#6655=ORIENTED_EDGE('',*,*,#5129,.T.);
#6656=ORIENTED_EDGE('',*,*,#5130,.F.);
#6657=ORIENTED_EDGE('',*,*,#5131,.F.);
#6658=ORIENTED_EDGE('',*,*,#5046,.F.);
#6659=ORIENTED_EDGE('',*,*,#5131,.T.);
#6660=ORIENTED_EDGE('',*,*,#5132,.F.);
#6661=ORIENTED_EDGE('',*,*,#5133,.F.);
#6662=ORIENTED_EDGE('',*,*,#5047,.F.);
#6663=ORIENTED_EDGE('',*,*,#5133,.T.);
#6664=ORIENTED_EDGE('',*,*,#5134,.F.);
#6665=ORIENTED_EDGE('',*,*,#5135,.F.);
#6666=ORIENTED_EDGE('',*,*,#5048,.F.);
#6667=ORIENTED_EDGE('',*,*,#5135,.T.);
#6668=ORIENTED_EDGE('',*,*,#5136,.F.);
#6669=ORIENTED_EDGE('',*,*,#5137,.F.);
#6670=ORIENTED_EDGE('',*,*,#5049,.F.);
#6671=ORIENTED_EDGE('',*,*,#5137,.T.);
#6672=ORIENTED_EDGE('',*,*,#5138,.F.);
#6673=ORIENTED_EDGE('',*,*,#5139,.F.);
#6674=ORIENTED_EDGE('',*,*,#5050,.F.);
#6675=ORIENTED_EDGE('',*,*,#5139,.T.);
#6676=ORIENTED_EDGE('',*,*,#5140,.F.);
#6677=ORIENTED_EDGE('',*,*,#5141,.F.);
#6678=ORIENTED_EDGE('',*,*,#5051,.F.);
#6679=ORIENTED_EDGE('',*,*,#5141,.T.);
#6680=ORIENTED_EDGE('',*,*,#5142,.F.);
#6681=ORIENTED_EDGE('',*,*,#5143,.F.);
#6682=ORIENTED_EDGE('',*,*,#5052,.F.);
#6683=ORIENTED_EDGE('',*,*,#5143,.T.);
#6684=ORIENTED_EDGE('',*,*,#5144,.F.);
#6685=ORIENTED_EDGE('',*,*,#5145,.F.);
#6686=ORIENTED_EDGE('',*,*,#5053,.F.);
#6687=ORIENTED_EDGE('',*,*,#5145,.T.);
#6688=ORIENTED_EDGE('',*,*,#5146,.F.);
#6689=ORIENTED_EDGE('',*,*,#5147,.F.);
#6690=ORIENTED_EDGE('',*,*,#5054,.F.);
#6691=ORIENTED_EDGE('',*,*,#5147,.T.);
#6692=ORIENTED_EDGE('',*,*,#5148,.F.);
#6693=ORIENTED_EDGE('',*,*,#5149,.F.);
#6694=ORIENTED_EDGE('',*,*,#5055,.F.);
#6695=ORIENTED_EDGE('',*,*,#5149,.T.);
#6696=ORIENTED_EDGE('',*,*,#5150,.F.);
#6697=ORIENTED_EDGE('',*,*,#5151,.F.);
#6698=ORIENTED_EDGE('',*,*,#5056,.F.);
#6699=ORIENTED_EDGE('',*,*,#5151,.T.);
#6700=ORIENTED_EDGE('',*,*,#5152,.F.);
#6701=ORIENTED_EDGE('',*,*,#5153,.F.);
#6702=ORIENTED_EDGE('',*,*,#5057,.F.);
#6703=ORIENTED_EDGE('',*,*,#5153,.T.);
#6704=ORIENTED_EDGE('',*,*,#5154,.F.);
#6705=ORIENTED_EDGE('',*,*,#5129,.F.);
#6706=ORIENTED_EDGE('',*,*,#5154,.T.);
#6707=ORIENTED_EDGE('',*,*,#5152,.T.);
#6708=ORIENTED_EDGE('',*,*,#5150,.T.);
#6709=ORIENTED_EDGE('',*,*,#5148,.T.);
#6710=ORIENTED_EDGE('',*,*,#5146,.T.);
#6711=ORIENTED_EDGE('',*,*,#5144,.T.);
#6712=ORIENTED_EDGE('',*,*,#5142,.T.);
#6713=ORIENTED_EDGE('',*,*,#5140,.T.);
#6714=ORIENTED_EDGE('',*,*,#5138,.T.);
#6715=ORIENTED_EDGE('',*,*,#5136,.T.);
#6716=ORIENTED_EDGE('',*,*,#5134,.T.);
#6717=ORIENTED_EDGE('',*,*,#5132,.T.);
#6718=ORIENTED_EDGE('',*,*,#5130,.T.);
#6719=ORIENTED_EDGE('',*,*,#5155,.F.);
#6720=ORIENTED_EDGE('',*,*,#5037,.T.);
#6721=ORIENTED_EDGE('',*,*,#5156,.F.);
#6722=ORIENTED_EDGE('',*,*,#5157,.F.);
#6723=ORIENTED_EDGE('',*,*,#5158,.F.);
#6724=ORIENTED_EDGE('',*,*,#5159,.T.);
#6725=ORIENTED_EDGE('',*,*,#5160,.T.);
#6726=ORIENTED_EDGE('',*,*,#5161,.T.);
#6727=ORIENTED_EDGE('',*,*,#5162,.T.);
#6728=ORIENTED_EDGE('',*,*,#5163,.T.);
#6729=ORIENTED_EDGE('',*,*,#5164,.T.);
#6730=ORIENTED_EDGE('',*,*,#5165,.T.);
#6731=ORIENTED_EDGE('',*,*,#5156,.T.);
#6732=ORIENTED_EDGE('',*,*,#5036,.T.);
#6733=ORIENTED_EDGE('',*,*,#5166,.T.);
#6734=ORIENTED_EDGE('',*,*,#5167,.T.);
#6735=ORIENTED_EDGE('',*,*,#5168,.T.);
#6736=ORIENTED_EDGE('',*,*,#5169,.T.);
#6737=ORIENTED_EDGE('',*,*,#5170,.T.);
#6738=ORIENTED_EDGE('',*,*,#5171,.T.);
#6739=ORIENTED_EDGE('',*,*,#5172,.T.);
#6740=ORIENTED_EDGE('',*,*,#5173,.T.);
#6741=ORIENTED_EDGE('',*,*,#5174,.T.);
#6742=ORIENTED_EDGE('',*,*,#5175,.T.);
#6743=ORIENTED_EDGE('',*,*,#5176,.T.);
#6744=ORIENTED_EDGE('',*,*,#5177,.T.);
#6745=ORIENTED_EDGE('',*,*,#5178,.T.);
#6746=ORIENTED_EDGE('',*,*,#5179,.T.);
#6747=ORIENTED_EDGE('',*,*,#5180,.T.);
#6748=ORIENTED_EDGE('',*,*,#5181,.T.);
#6749=ORIENTED_EDGE('',*,*,#5182,.T.);
#6750=ORIENTED_EDGE('',*,*,#5183,.T.);
#6751=ORIENTED_EDGE('',*,*,#5184,.T.);
#6752=ORIENTED_EDGE('',*,*,#5185,.T.);
#6753=ORIENTED_EDGE('',*,*,#5186,.T.);
#6754=ORIENTED_EDGE('',*,*,#5187,.T.);
#6755=ORIENTED_EDGE('',*,*,#5188,.T.);
#6756=ORIENTED_EDGE('',*,*,#5189,.T.);
#6757=ORIENTED_EDGE('',*,*,#5190,.T.);
#6758=ORIENTED_EDGE('',*,*,#5191,.T.);
#6759=ORIENTED_EDGE('',*,*,#5192,.T.);
#6760=ORIENTED_EDGE('',*,*,#5193,.T.);
#6761=ORIENTED_EDGE('',*,*,#5194,.T.);
#6762=ORIENTED_EDGE('',*,*,#5195,.T.);
#6763=ORIENTED_EDGE('',*,*,#5196,.T.);
#6764=ORIENTED_EDGE('',*,*,#5197,.T.);
#6765=ORIENTED_EDGE('',*,*,#5198,.T.);
#6766=ORIENTED_EDGE('',*,*,#5199,.T.);
#6767=ORIENTED_EDGE('',*,*,#5200,.T.);
#6768=ORIENTED_EDGE('',*,*,#5201,.T.);
#6769=ORIENTED_EDGE('',*,*,#5202,.T.);
#6770=ORIENTED_EDGE('',*,*,#5203,.T.);
#6771=ORIENTED_EDGE('',*,*,#5204,.T.);
#6772=ORIENTED_EDGE('',*,*,#5205,.T.);
#6773=ORIENTED_EDGE('',*,*,#5206,.T.);
#6774=ORIENTED_EDGE('',*,*,#5207,.T.);
#6775=ORIENTED_EDGE('',*,*,#5208,.T.);
#6776=ORIENTED_EDGE('',*,*,#5209,.T.);
#6777=ORIENTED_EDGE('',*,*,#5210,.T.);
#6778=ORIENTED_EDGE('',*,*,#5211,.T.);
#6779=ORIENTED_EDGE('',*,*,#5212,.T.);
#6780=ORIENTED_EDGE('',*,*,#5213,.T.);
#6781=ORIENTED_EDGE('',*,*,#5214,.T.);
#6782=ORIENTED_EDGE('',*,*,#5215,.T.);
#6783=ORIENTED_EDGE('',*,*,#5216,.T.);
#6784=ORIENTED_EDGE('',*,*,#5217,.T.);
#6785=ORIENTED_EDGE('',*,*,#5218,.T.);
#6786=ORIENTED_EDGE('',*,*,#5219,.T.);
#6787=ORIENTED_EDGE('',*,*,#5220,.T.);
#6788=ORIENTED_EDGE('',*,*,#5221,.T.);
#6789=ORIENTED_EDGE('',*,*,#5222,.T.);
#6790=ORIENTED_EDGE('',*,*,#5223,.T.);
#6791=ORIENTED_EDGE('',*,*,#5224,.T.);
#6792=ORIENTED_EDGE('',*,*,#5225,.T.);
#6793=ORIENTED_EDGE('',*,*,#5226,.T.);
#6794=ORIENTED_EDGE('',*,*,#5227,.T.);
#6795=ORIENTED_EDGE('',*,*,#5228,.T.);
#6796=ORIENTED_EDGE('',*,*,#5229,.T.);
#6797=ORIENTED_EDGE('',*,*,#5230,.T.);
#6798=ORIENTED_EDGE('',*,*,#5231,.T.);
#6799=ORIENTED_EDGE('',*,*,#5232,.T.);
#6800=ORIENTED_EDGE('',*,*,#5233,.T.);
#6801=ORIENTED_EDGE('',*,*,#5234,.T.);
#6802=ORIENTED_EDGE('',*,*,#5235,.T.);
#6803=ORIENTED_EDGE('',*,*,#5236,.T.);
#6804=ORIENTED_EDGE('',*,*,#5237,.T.);
#6805=ORIENTED_EDGE('',*,*,#5238,.T.);
#6806=ORIENTED_EDGE('',*,*,#5239,.T.);
#6807=ORIENTED_EDGE('',*,*,#5240,.T.);
#6808=ORIENTED_EDGE('',*,*,#5241,.T.);
#6809=ORIENTED_EDGE('',*,*,#5242,.T.);
#6810=ORIENTED_EDGE('',*,*,#5243,.T.);
#6811=ORIENTED_EDGE('',*,*,#5244,.T.);
#6812=ORIENTED_EDGE('',*,*,#5245,.T.);
#6813=ORIENTED_EDGE('',*,*,#5246,.T.);
#6814=ORIENTED_EDGE('',*,*,#5247,.T.);
#6815=ORIENTED_EDGE('',*,*,#5248,.T.);
#6816=ORIENTED_EDGE('',*,*,#5249,.T.);
#6817=ORIENTED_EDGE('',*,*,#5250,.T.);
#6818=ORIENTED_EDGE('',*,*,#5251,.T.);
#6819=ORIENTED_EDGE('',*,*,#5252,.T.);
#6820=ORIENTED_EDGE('',*,*,#5253,.T.);
#6821=ORIENTED_EDGE('',*,*,#5254,.T.);
#6822=ORIENTED_EDGE('',*,*,#5255,.T.);
#6823=ORIENTED_EDGE('',*,*,#5256,.T.);
#6824=ORIENTED_EDGE('',*,*,#5257,.T.);
#6825=ORIENTED_EDGE('',*,*,#5258,.T.);
#6826=ORIENTED_EDGE('',*,*,#5259,.T.);
#6827=ORIENTED_EDGE('',*,*,#5260,.T.);
#6828=ORIENTED_EDGE('',*,*,#5261,.T.);
#6829=ORIENTED_EDGE('',*,*,#5262,.T.);
#6830=ORIENTED_EDGE('',*,*,#5263,.T.);
#6831=ORIENTED_EDGE('',*,*,#5264,.T.);
#6832=ORIENTED_EDGE('',*,*,#5265,.T.);
#6833=ORIENTED_EDGE('',*,*,#5266,.T.);
#6834=ORIENTED_EDGE('',*,*,#5267,.T.);
#6835=ORIENTED_EDGE('',*,*,#5268,.T.);
#6836=ORIENTED_EDGE('',*,*,#5269,.T.);
#6837=ORIENTED_EDGE('',*,*,#5270,.T.);
#6838=ORIENTED_EDGE('',*,*,#5271,.T.);
#6839=ORIENTED_EDGE('',*,*,#5272,.T.);
#6840=ORIENTED_EDGE('',*,*,#5273,.T.);
#6841=ORIENTED_EDGE('',*,*,#5274,.T.);
#6842=ORIENTED_EDGE('',*,*,#5275,.T.);
#6843=ORIENTED_EDGE('',*,*,#5276,.T.);
#6844=ORIENTED_EDGE('',*,*,#5277,.T.);
#6845=ORIENTED_EDGE('',*,*,#5278,.T.);
#6846=ORIENTED_EDGE('',*,*,#5279,.T.);
#6847=ORIENTED_EDGE('',*,*,#5078,.T.);
#6848=ORIENTED_EDGE('',*,*,#5280,.T.);
#6849=ORIENTED_EDGE('',*,*,#5281,.T.);
#6850=ORIENTED_EDGE('',*,*,#5282,.T.);
#6851=ORIENTED_EDGE('',*,*,#5283,.T.);
#6852=ORIENTED_EDGE('',*,*,#5284,.T.);
#6853=ORIENTED_EDGE('',*,*,#5285,.T.);
#6854=ORIENTED_EDGE('',*,*,#5286,.T.);
#6855=ORIENTED_EDGE('',*,*,#5287,.T.);
#6856=ORIENTED_EDGE('',*,*,#5288,.T.);
#6857=ORIENTED_EDGE('',*,*,#5289,.T.);
#6858=ORIENTED_EDGE('',*,*,#5290,.T.);
#6859=ORIENTED_EDGE('',*,*,#5291,.T.);
#6860=ORIENTED_EDGE('',*,*,#5292,.T.);
#6861=ORIENTED_EDGE('',*,*,#5293,.T.);
#6862=ORIENTED_EDGE('',*,*,#5294,.T.);
#6863=ORIENTED_EDGE('',*,*,#5295,.T.);
#6864=ORIENTED_EDGE('',*,*,#5296,.T.);
#6865=ORIENTED_EDGE('',*,*,#5297,.T.);
#6866=ORIENTED_EDGE('',*,*,#5298,.T.);
#6867=ORIENTED_EDGE('',*,*,#5299,.T.);
#6868=ORIENTED_EDGE('',*,*,#5300,.T.);
#6869=ORIENTED_EDGE('',*,*,#5301,.T.);
#6870=ORIENTED_EDGE('',*,*,#5302,.T.);
#6871=ORIENTED_EDGE('',*,*,#5303,.T.);
#6872=ORIENTED_EDGE('',*,*,#5304,.T.);
#6873=ORIENTED_EDGE('',*,*,#5305,.T.);
#6874=ORIENTED_EDGE('',*,*,#5306,.T.);
#6875=ORIENTED_EDGE('',*,*,#5307,.T.);
#6876=ORIENTED_EDGE('',*,*,#5308,.T.);
#6877=ORIENTED_EDGE('',*,*,#5309,.T.);
#6878=ORIENTED_EDGE('',*,*,#5310,.T.);
#6879=ORIENTED_EDGE('',*,*,#5311,.T.);
#6880=ORIENTED_EDGE('',*,*,#5312,.T.);
#6881=ORIENTED_EDGE('',*,*,#5313,.T.);
#6882=ORIENTED_EDGE('',*,*,#5314,.T.);
#6883=ORIENTED_EDGE('',*,*,#5315,.T.);
#6884=ORIENTED_EDGE('',*,*,#5316,.T.);
#6885=ORIENTED_EDGE('',*,*,#5317,.T.);
#6886=ORIENTED_EDGE('',*,*,#5318,.T.);
#6887=ORIENTED_EDGE('',*,*,#5319,.T.);
#6888=ORIENTED_EDGE('',*,*,#5320,.T.);
#6889=ORIENTED_EDGE('',*,*,#5321,.T.);
#6890=ORIENTED_EDGE('',*,*,#5322,.T.);
#6891=ORIENTED_EDGE('',*,*,#5323,.T.);
#6892=ORIENTED_EDGE('',*,*,#5324,.T.);
#6893=ORIENTED_EDGE('',*,*,#5325,.T.);
#6894=ORIENTED_EDGE('',*,*,#5326,.T.);
#6895=ORIENTED_EDGE('',*,*,#5327,.T.);
#6896=ORIENTED_EDGE('',*,*,#5328,.T.);
#6897=ORIENTED_EDGE('',*,*,#5329,.T.);
#6898=ORIENTED_EDGE('',*,*,#5330,.T.);
#6899=ORIENTED_EDGE('',*,*,#5331,.T.);
#6900=ORIENTED_EDGE('',*,*,#5332,.T.);
#6901=ORIENTED_EDGE('',*,*,#5333,.T.);
#6902=ORIENTED_EDGE('',*,*,#5334,.T.);
#6903=ORIENTED_EDGE('',*,*,#5335,.T.);
#6904=ORIENTED_EDGE('',*,*,#5336,.T.);
#6905=ORIENTED_EDGE('',*,*,#5337,.T.);
#6906=ORIENTED_EDGE('',*,*,#5338,.T.);
#6907=ORIENTED_EDGE('',*,*,#5339,.T.);
#6908=ORIENTED_EDGE('',*,*,#5340,.T.);
#6909=ORIENTED_EDGE('',*,*,#5341,.T.);
#6910=ORIENTED_EDGE('',*,*,#5342,.T.);
#6911=ORIENTED_EDGE('',*,*,#5343,.T.);
#6912=ORIENTED_EDGE('',*,*,#5344,.T.);
#6913=ORIENTED_EDGE('',*,*,#5345,.T.);
#6914=ORIENTED_EDGE('',*,*,#5346,.T.);
#6915=ORIENTED_EDGE('',*,*,#5347,.T.);
#6916=ORIENTED_EDGE('',*,*,#5348,.T.);
#6917=ORIENTED_EDGE('',*,*,#5349,.T.);
#6918=ORIENTED_EDGE('',*,*,#5350,.T.);
#6919=ORIENTED_EDGE('',*,*,#5351,.T.);
#6920=ORIENTED_EDGE('',*,*,#5352,.T.);
#6921=ORIENTED_EDGE('',*,*,#5353,.T.);
#6922=ORIENTED_EDGE('',*,*,#5354,.T.);
#6923=ORIENTED_EDGE('',*,*,#5355,.T.);
#6924=ORIENTED_EDGE('',*,*,#5356,.T.);
#6925=ORIENTED_EDGE('',*,*,#5357,.T.);
#6926=ORIENTED_EDGE('',*,*,#5358,.T.);
#6927=ORIENTED_EDGE('',*,*,#5359,.T.);
#6928=ORIENTED_EDGE('',*,*,#5360,.T.);
#6929=ORIENTED_EDGE('',*,*,#5361,.T.);
#6930=ORIENTED_EDGE('',*,*,#5362,.T.);
#6931=ORIENTED_EDGE('',*,*,#5363,.T.);
#6932=ORIENTED_EDGE('',*,*,#5364,.T.);
#6933=ORIENTED_EDGE('',*,*,#5365,.T.);
#6934=ORIENTED_EDGE('',*,*,#5366,.T.);
#6935=ORIENTED_EDGE('',*,*,#5367,.T.);
#6936=ORIENTED_EDGE('',*,*,#5368,.T.);
#6937=ORIENTED_EDGE('',*,*,#5369,.T.);
#6938=ORIENTED_EDGE('',*,*,#5370,.T.);
#6939=ORIENTED_EDGE('',*,*,#5371,.T.);
#6940=ORIENTED_EDGE('',*,*,#5372,.T.);
#6941=ORIENTED_EDGE('',*,*,#4970,.T.);
#6942=ORIENTED_EDGE('',*,*,#5373,.T.);
#6943=ORIENTED_EDGE('',*,*,#5374,.T.);
#6944=ORIENTED_EDGE('',*,*,#5058,.T.);
#6945=ORIENTED_EDGE('',*,*,#4997,.T.);
#6946=ORIENTED_EDGE('',*,*,#4993,.T.);
#6947=ORIENTED_EDGE('',*,*,#5000,.T.);
#6948=ORIENTED_EDGE('',*,*,#5021,.T.);
#6949=ORIENTED_EDGE('',*,*,#5028,.T.);
#6950=ORIENTED_EDGE('',*,*,#5004,.T.);
#6951=ORIENTED_EDGE('',*,*,#5375,.T.);
#6952=ORIENTED_EDGE('',*,*,#5376,.T.);
#6953=ORIENTED_EDGE('',*,*,#5377,.T.);
#6954=ORIENTED_EDGE('',*,*,#5378,.T.);
#6955=ORIENTED_EDGE('',*,*,#5379,.T.);
#6956=ORIENTED_EDGE('',*,*,#5380,.T.);
#6957=ORIENTED_EDGE('',*,*,#5381,.T.);
#6958=ORIENTED_EDGE('',*,*,#5382,.T.);
#6959=ORIENTED_EDGE('',*,*,#5383,.F.);
#6960=ORIENTED_EDGE('',*,*,#5384,.T.);
#6961=ORIENTED_EDGE('',*,*,#4965,.T.);
#6962=ORIENTED_EDGE('',*,*,#5385,.F.);
#6963=ORIENTED_EDGE('',*,*,#5386,.F.);
#6964=ORIENTED_EDGE('',*,*,#5387,.T.);
#6965=ORIENTED_EDGE('',*,*,#5388,.F.);
#6966=ORIENTED_EDGE('',*,*,#5389,.F.);
#6967=ORIENTED_EDGE('',*,*,#5390,.T.);
#6968=ORIENTED_EDGE('',*,*,#5391,.F.);
#6969=ORIENTED_EDGE('',*,*,#5392,.F.);
#6970=ORIENTED_EDGE('',*,*,#5087,.F.);
#6971=ORIENTED_EDGE('',*,*,#5393,.T.);
#6972=ORIENTED_EDGE('',*,*,#5376,.F.);
#6973=ORIENTED_EDGE('',*,*,#5394,.F.);
#6974=ORIENTED_EDGE('',*,*,#5395,.T.);
#6975=ORIENTED_EDGE('',*,*,#5396,.T.);
#6976=ORIENTED_EDGE('',*,*,#5397,.T.);
#6977=ORIENTED_EDGE('',*,*,#5398,.T.);
#6978=ORIENTED_EDGE('',*,*,#5399,.T.);
#6979=ORIENTED_EDGE('',*,*,#5400,.T.);
#6980=ORIENTED_EDGE('',*,*,#5401,.T.);
#6981=ORIENTED_EDGE('',*,*,#5402,.T.);
#6982=ORIENTED_EDGE('',*,*,#5389,.T.);
#6983=ORIENTED_EDGE('',*,*,#5403,.F.);
#6984=ORIENTED_EDGE('',*,*,#5404,.F.);
#6985=ORIENTED_EDGE('',*,*,#5405,.F.);
#6986=ORIENTED_EDGE('',*,*,#5406,.T.);
#6987=ORIENTED_EDGE('',*,*,#5407,.T.);
#6988=ORIENTED_EDGE('',*,*,#5408,.T.);
#6989=ORIENTED_EDGE('',*,*,#5409,.T.);
#6990=ORIENTED_EDGE('',*,*,#5410,.T.);
#6991=ORIENTED_EDGE('',*,*,#5411,.F.);
#6992=ORIENTED_EDGE('',*,*,#5412,.F.);
#6993=ORIENTED_EDGE('',*,*,#5160,.F.);
#6994=ORIENTED_EDGE('',*,*,#5413,.T.);
#6995=ORIENTED_EDGE('',*,*,#4942,.T.);
#6996=ORIENTED_EDGE('',*,*,#5414,.T.);
#6997=ORIENTED_EDGE('',*,*,#5394,.T.);
#6998=ORIENTED_EDGE('',*,*,#5388,.T.);
#6999=ORIENTED_EDGE('',*,*,#5375,.F.);
#7000=ORIENTED_EDGE('',*,*,#5007,.T.);
#7001=ORIENTED_EDGE('',*,*,#5010,.T.);
#7002=ORIENTED_EDGE('',*,*,#4973,.T.);
#7003=ORIENTED_EDGE('',*,*,#4951,.T.);
#7004=ORIENTED_EDGE('',*,*,#4948,.T.);
#7005=ORIENTED_EDGE('',*,*,#4945,.T.);
#7006=ORIENTED_EDGE('',*,*,#5415,.T.);
#7007=ORIENTED_EDGE('',*,*,#5416,.T.);
#7008=ORIENTED_EDGE('',*,*,#5417,.T.);
#7009=ORIENTED_EDGE('',*,*,#5418,.T.);
#7010=ORIENTED_EDGE('',*,*,#5419,.T.);
#7011=ORIENTED_EDGE('',*,*,#5411,.T.);
#7012=ORIENTED_EDGE('',*,*,#5420,.T.);
#7013=ORIENTED_EDGE('',*,*,#5421,.T.);
#7014=ORIENTED_EDGE('',*,*,#5159,.F.);
#7015=ORIENTED_EDGE('',*,*,#5422,.T.);
#7016=ORIENTED_EDGE('',*,*,#5420,.F.);
#7017=ORIENTED_EDGE('',*,*,#5413,.F.);
#7018=ORIENTED_EDGE('',*,*,#5421,.F.);
#7019=ORIENTED_EDGE('',*,*,#5422,.F.);
#7020=ORIENTED_EDGE('',*,*,#5423,.F.);
#7021=ORIENTED_EDGE('',*,*,#5424,.T.);
#7022=ORIENTED_EDGE('',*,*,#5419,.F.);
#7023=ORIENTED_EDGE('',*,*,#5424,.F.);
#7024=ORIENTED_EDGE('',*,*,#5161,.F.);
#7025=ORIENTED_EDGE('',*,*,#5412,.T.);
#7026=ORIENTED_EDGE('',*,*,#5417,.F.);
#7027=ORIENTED_EDGE('',*,*,#5425,.F.);
#7028=ORIENTED_EDGE('',*,*,#5164,.F.);
#7029=ORIENTED_EDGE('',*,*,#5426,.T.);
#7030=ORIENTED_EDGE('',*,*,#5418,.F.);
#7031=ORIENTED_EDGE('',*,*,#5426,.F.);
#7032=ORIENTED_EDGE('',*,*,#5163,.F.);
#7033=ORIENTED_EDGE('',*,*,#5427,.T.);
#7034=ORIENTED_EDGE('',*,*,#5415,.F.);
#7035=ORIENTED_EDGE('',*,*,#5427,.F.);
#7036=ORIENTED_EDGE('',*,*,#5162,.F.);
#7037=ORIENTED_EDGE('',*,*,#5428,.T.);
#7038=ORIENTED_EDGE('',*,*,#5416,.F.);
#7039=ORIENTED_EDGE('',*,*,#5428,.F.);
#7040=ORIENTED_EDGE('',*,*,#5165,.F.);
#7041=ORIENTED_EDGE('',*,*,#5425,.T.);
#7042=ORIENTED_EDGE('',*,*,#5157,.T.);
#7043=ORIENTED_EDGE('',*,*,#5167,.F.);
#7044=ORIENTED_EDGE('',*,*,#5429,.F.);
#7045=ORIENTED_EDGE('',*,*,#5430,.F.);
#7046=ORIENTED_EDGE('',*,*,#5090,.T.);
#7047=ORIENTED_EDGE('',*,*,#5094,.T.);
#7048=ORIENTED_EDGE('',*,*,#5097,.T.);
#7049=ORIENTED_EDGE('',*,*,#5100,.T.);
#7050=ORIENTED_EDGE('',*,*,#5103,.T.);
#7051=ORIENTED_EDGE('',*,*,#5106,.T.);
#7052=ORIENTED_EDGE('',*,*,#5109,.T.);
#7053=ORIENTED_EDGE('',*,*,#5112,.T.);
#7054=ORIENTED_EDGE('',*,*,#5115,.T.);
#7055=ORIENTED_EDGE('',*,*,#5118,.T.);
#7056=ORIENTED_EDGE('',*,*,#5121,.T.);
#7057=ORIENTED_EDGE('',*,*,#5124,.T.);
#7058=ORIENTED_EDGE('',*,*,#5127,.T.);
#7059=ORIENTED_EDGE('',*,*,#5431,.T.);
#7060=ORIENTED_EDGE('',*,*,#5432,.T.);
#7061=ORIENTED_EDGE('',*,*,#5433,.T.);
#7062=ORIENTED_EDGE('',*,*,#5434,.T.);
#7063=ORIENTED_EDGE('',*,*,#5435,.T.);
#7064=ORIENTED_EDGE('',*,*,#5436,.T.);
#7065=ORIENTED_EDGE('',*,*,#5437,.T.);
#7066=ORIENTED_EDGE('',*,*,#5438,.T.);
#7067=ORIENTED_EDGE('',*,*,#4916,.T.);
#7068=ORIENTED_EDGE('',*,*,#5439,.T.);
#7069=ORIENTED_EDGE('',*,*,#5440,.T.);
#7070=ORIENTED_EDGE('',*,*,#5439,.F.);
#7071=ORIENTED_EDGE('',*,*,#4917,.T.);
#7072=ORIENTED_EDGE('',*,*,#5440,.F.);
#7073=ORIENTED_EDGE('',*,*,#5441,.F.);
#7074=ORIENTED_EDGE('',*,*,#5442,.F.);
#7075=ORIENTED_EDGE('',*,*,#5443,.F.);
#7076=ORIENTED_EDGE('',*,*,#5444,.F.);
#7077=ORIENTED_EDGE('',*,*,#5445,.F.);
#7078=ORIENTED_EDGE('',*,*,#5441,.T.);
#7079=ORIENTED_EDGE('',*,*,#5446,.T.);
#7080=ORIENTED_EDGE('',*,*,#5447,.F.);
#7081=ORIENTED_EDGE('',*,*,#5446,.F.);
#7082=ORIENTED_EDGE('',*,*,#5444,.T.);
#7083=ORIENTED_EDGE('',*,*,#5448,.F.);
#7084=ORIENTED_EDGE('',*,*,#5449,.F.);
#7085=ORIENTED_EDGE('',*,*,#5450,.F.);
#7086=ORIENTED_EDGE('',*,*,#4957,.T.);
#7087=ORIENTED_EDGE('',*,*,#5089,.T.);
#7088=ORIENTED_EDGE('',*,*,#5451,.T.);
#7089=ORIENTED_EDGE('',*,*,#5452,.T.);
#7090=ORIENTED_EDGE('',*,*,#5453,.T.);
#7091=ORIENTED_EDGE('',*,*,#5448,.T.);
#7092=ORIENTED_EDGE('',*,*,#5443,.T.);
#7093=ORIENTED_EDGE('',*,*,#5454,.T.);
#7094=ORIENTED_EDGE('',*,*,#5455,.T.);
#7095=ORIENTED_EDGE('',*,*,#5456,.T.);
#7096=ORIENTED_EDGE('',*,*,#5457,.T.);
#7097=ORIENTED_EDGE('',*,*,#5458,.T.);
#7098=ORIENTED_EDGE('',*,*,#5459,.T.);
#7099=ORIENTED_EDGE('',*,*,#5064,.T.);
#7100=ORIENTED_EDGE('',*,*,#4967,.T.);
#7101=ORIENTED_EDGE('',*,*,#4963,.T.);
#7102=ORIENTED_EDGE('',*,*,#4960,.T.);
#7103=ORIENTED_EDGE('',*,*,#5460,.F.);
#7104=ORIENTED_EDGE('',*,*,#5461,.T.);
#7105=ORIENTED_EDGE('',*,*,#5462,.F.);
#7106=ORIENTED_EDGE('',*,*,#5463,.F.);
#7107=ORIENTED_EDGE('',*,*,#5409,.F.);
#7108=ORIENTED_EDGE('',*,*,#5464,.F.);
#7109=ORIENTED_EDGE('',*,*,#5433,.F.);
#7110=ORIENTED_EDGE('',*,*,#5465,.T.);
#7111=ORIENTED_EDGE('',*,*,#5466,.F.);
#7112=ORIENTED_EDGE('',*,*,#5467,.T.);
#7113=ORIENTED_EDGE('',*,*,#5468,.F.);
#7114=ORIENTED_EDGE('',*,*,#5461,.F.);
#7115=ORIENTED_EDGE('',*,*,#5410,.F.);
#7116=ORIENTED_EDGE('',*,*,#5465,.F.);
#7117=ORIENTED_EDGE('',*,*,#5432,.F.);
#7118=ORIENTED_EDGE('',*,*,#5469,.T.);
#7119=ORIENTED_EDGE('',*,*,#5470,.F.);
#7120=ORIENTED_EDGE('',*,*,#5463,.T.);
#7121=ORIENTED_EDGE('',*,*,#5471,.F.);
#7122=ORIENTED_EDGE('',*,*,#5472,.F.);
#7123=ORIENTED_EDGE('',*,*,#5407,.F.);
#7124=ORIENTED_EDGE('',*,*,#5469,.F.);
#7125=ORIENTED_EDGE('',*,*,#5431,.F.);
#7126=ORIENTED_EDGE('',*,*,#5473,.T.);
#7127=ORIENTED_EDGE('',*,*,#5408,.F.);
#7128=ORIENTED_EDGE('',*,*,#5473,.F.);
#7129=ORIENTED_EDGE('',*,*,#5434,.F.);
#7130=ORIENTED_EDGE('',*,*,#5464,.T.);
#7131=ORIENTED_EDGE('',*,*,#5471,.T.);
#7132=ORIENTED_EDGE('',*,*,#5462,.T.);
#7133=ORIENTED_EDGE('',*,*,#5468,.T.);
#7134=ORIENTED_EDGE('',*,*,#5474,.T.);
#7135=ORIENTED_EDGE('',*,*,#5475,.T.);
#7136=ORIENTED_EDGE('',*,*,#5278,.F.);
#7137=ORIENTED_EDGE('',*,*,#5476,.F.);
#7138=ORIENTED_EDGE('',*,*,#5477,.F.);
#7139=ORIENTED_EDGE('',*,*,#5478,.T.);
#7140=ORIENTED_EDGE('',*,*,#4897,.T.);
#7141=ORIENTED_EDGE('',*,*,#4900,.T.);
#7142=ORIENTED_EDGE('',*,*,#5479,.T.);
#7143=ORIENTED_EDGE('',*,*,#5480,.T.);
#7144=ORIENTED_EDGE('',*,*,#5481,.T.);
#7145=ORIENTED_EDGE('',*,*,#5482,.T.);
#7146=ORIENTED_EDGE('',*,*,#5070,.F.);
#7147=ORIENTED_EDGE('',*,*,#5062,.T.);
#7148=ORIENTED_EDGE('',*,*,#5081,.F.);
#7149=ORIENTED_EDGE('',*,*,#5483,.F.);
#7150=ORIENTED_EDGE('',*,*,#5038,.F.);
#7151=ORIENTED_EDGE('',*,*,#5484,.T.);
#7152=ORIENTED_EDGE('',*,*,#5373,.F.);
#7153=ORIENTED_EDGE('',*,*,#4972,.F.);
#7154=ORIENTED_EDGE('',*,*,#5071,.F.);
#7155=ORIENTED_EDGE('',*,*,#5483,.T.);
#7156=ORIENTED_EDGE('',*,*,#5080,.F.);
#7157=ORIENTED_EDGE('',*,*,#5485,.F.);
#7158=ORIENTED_EDGE('',*,*,#5486,.T.);
#7159=ORIENTED_EDGE('',*,*,#5445,.T.);
#7160=ORIENTED_EDGE('',*,*,#5450,.T.);
#7161=ORIENTED_EDGE('',*,*,#5487,.T.);
#7162=ORIENTED_EDGE('',*,*,#5488,.T.);
#7163=ORIENTED_EDGE('',*,*,#5489,.T.);
#7164=ORIENTED_EDGE('',*,*,#5026,.T.);
#7165=ORIENTED_EDGE('',*,*,#4989,.T.);
#7166=ORIENTED_EDGE('',*,*,#4987,.T.);
#7167=ORIENTED_EDGE('',*,*,#5490,.T.);
#7168=ORIENTED_EDGE('',*,*,#5060,.F.);
#7169=ORIENTED_EDGE('',*,*,#5039,.F.);
#7170=ORIENTED_EDGE('',*,*,#5490,.F.);
#7171=ORIENTED_EDGE('',*,*,#4986,.T.);
#7172=ORIENTED_EDGE('',*,*,#5374,.F.);
#7173=ORIENTED_EDGE('',*,*,#5484,.F.);
#7174=ORIENTED_EDGE('',*,*,#5041,.F.);
#7175=ORIENTED_EDGE('',*,*,#5059,.T.);
#7176=ORIENTED_EDGE('',*,*,#5491,.F.);
#7177=ORIENTED_EDGE('',*,*,#5492,.T.);
#7178=ORIENTED_EDGE('',*,*,#4915,.T.);
#7179=ORIENTED_EDGE('',*,*,#4925,.F.);
#7180=ORIENTED_EDGE('',*,*,#5493,.F.);
#7181=ORIENTED_EDGE('',*,*,#5494,.F.);
#7182=ORIENTED_EDGE('',*,*,#5495,.F.);
#7183=ORIENTED_EDGE('',*,*,#5496,.F.);
#7184=ORIENTED_EDGE('',*,*,#5497,.F.);
#7185=ORIENTED_EDGE('',*,*,#5498,.F.);
#7186=ORIENTED_EDGE('',*,*,#5499,.F.);
#7187=ORIENTED_EDGE('',*,*,#5500,.F.);
#7188=ORIENTED_EDGE('',*,*,#5501,.F.);
#7189=ORIENTED_EDGE('',*,*,#4923,.F.);
#7190=ORIENTED_EDGE('',*,*,#4913,.T.);
#7191=ORIENTED_EDGE('',*,*,#5492,.F.);
#7192=ORIENTED_EDGE('',*,*,#5502,.T.);
#7193=ORIENTED_EDGE('',*,*,#5503,.T.);
#7194=ORIENTED_EDGE('',*,*,#5504,.T.);
#7195=ORIENTED_EDGE('',*,*,#5505,.T.);
#7196=ORIENTED_EDGE('',*,*,#5506,.T.);
#7197=ORIENTED_EDGE('',*,*,#5507,.T.);
#7198=ORIENTED_EDGE('',*,*,#5508,.T.);
#7199=ORIENTED_EDGE('',*,*,#5509,.T.);
#7200=ORIENTED_EDGE('',*,*,#5510,.T.);
#7201=ORIENTED_EDGE('',*,*,#5511,.T.);
#7202=ORIENTED_EDGE('',*,*,#5512,.T.);
#7203=ORIENTED_EDGE('',*,*,#5513,.T.);
#7204=ORIENTED_EDGE('',*,*,#5514,.T.);
#7205=ORIENTED_EDGE('',*,*,#4876,.T.);
#7206=ORIENTED_EDGE('',*,*,#4884,.T.);
#7207=ORIENTED_EDGE('',*,*,#4936,.T.);
#7208=ORIENTED_EDGE('',*,*,#5515,.F.);
#7209=ORIENTED_EDGE('',*,*,#5516,.T.);
#7210=ORIENTED_EDGE('',*,*,#4929,.T.);
#7211=ORIENTED_EDGE('',*,*,#5517,.F.);
#7212=ORIENTED_EDGE('',*,*,#5495,.T.);
#7213=ORIENTED_EDGE('',*,*,#5518,.F.);
#7214=ORIENTED_EDGE('',*,*,#5499,.T.);
#7215=ORIENTED_EDGE('',*,*,#5519,.T.);
#7216=ORIENTED_EDGE('',*,*,#5494,.T.);
#7217=ORIENTED_EDGE('',*,*,#5520,.T.);
#7218=ORIENTED_EDGE('',*,*,#5500,.T.);
#7219=ORIENTED_EDGE('',*,*,#5518,.T.);
#7220=ORIENTED_EDGE('',*,*,#4966,.T.);
#7221=ORIENTED_EDGE('',*,*,#5384,.F.);
#7222=ORIENTED_EDGE('',*,*,#5521,.F.);
#7223=ORIENTED_EDGE('',*,*,#5397,.F.);
#7224=ORIENTED_EDGE('',*,*,#5522,.T.);
#7225=ORIENTED_EDGE('',*,*,#5523,.T.);
#7226=ORIENTED_EDGE('',*,*,#5524,.T.);
#7227=ORIENTED_EDGE('',*,*,#5395,.F.);
#7228=ORIENTED_EDGE('',*,*,#5414,.F.);
#7229=ORIENTED_EDGE('',*,*,#4941,.T.);
#7230=ORIENTED_EDGE('',*,*,#4954,.T.);
#7231=ORIENTED_EDGE('',*,*,#4959,.T.);
#7232=ORIENTED_EDGE('',*,*,#4962,.T.);
#7233=ORIENTED_EDGE('',*,*,#5447,.T.);
#7234=ORIENTED_EDGE('',*,*,#5525,.F.);
#7235=ORIENTED_EDGE('',*,*,#5526,.T.);
#7236=ORIENTED_EDGE('',*,*,#4878,.T.);
#7237=ORIENTED_EDGE('',*,*,#5527,.F.);
#7238=ORIENTED_EDGE('',*,*,#4934,.T.);
#7239=ORIENTED_EDGE('',*,*,#5528,.T.);
#7240=ORIENTED_EDGE('',*,*,#5529,.F.);
#7241=ORIENTED_EDGE('',*,*,#4927,.T.);
#7242=ORIENTED_EDGE('',*,*,#5493,.T.);
#7243=ORIENTED_EDGE('',*,*,#4924,.T.);
#7244=ORIENTED_EDGE('',*,*,#5501,.T.);
#7245=ORIENTED_EDGE('',*,*,#5520,.F.);
#7246=ORIENTED_EDGE('',*,*,#5530,.F.);
#7247=ORIENTED_EDGE('',*,*,#5531,.T.);
#7248=ORIENTED_EDGE('',*,*,#5532,.F.);
#7249=ORIENTED_EDGE('',*,*,#4930,.F.);
#7250=ORIENTED_EDGE('',*,*,#5516,.F.);
#7251=ORIENTED_EDGE('',*,*,#5533,.F.);
#7252=ORIENTED_EDGE('',*,*,#5528,.F.);
#7253=ORIENTED_EDGE('',*,*,#4926,.F.);
#7254=ORIENTED_EDGE('',*,*,#4911,.T.);
#7255=ORIENTED_EDGE('',*,*,#4932,.F.);
#7256=ORIENTED_EDGE('',*,*,#5534,.F.);
#7257=ORIENTED_EDGE('',*,*,#5531,.F.);
#7258=ORIENTED_EDGE('',*,*,#5532,.T.);
#7259=ORIENTED_EDGE('',*,*,#5534,.T.);
#7260=ORIENTED_EDGE('',*,*,#4931,.T.);
#7261=ORIENTED_EDGE('',*,*,#5535,.F.);
#7262=ORIENTED_EDGE('',*,*,#5536,.T.);
#7263=ORIENTED_EDGE('',*,*,#5537,.F.);
#7264=ORIENTED_EDGE('',*,*,#5536,.F.);
#7265=ORIENTED_EDGE('',*,*,#5535,.T.);
#7266=ORIENTED_EDGE('',*,*,#5538,.T.);
#7267=ORIENTED_EDGE('',*,*,#5539,.F.);
#7268=ORIENTED_EDGE('',*,*,#5540,.T.);
#7269=ORIENTED_EDGE('',*,*,#5541,.F.);
#7270=ORIENTED_EDGE('',*,*,#5540,.F.);
#7271=ORIENTED_EDGE('',*,*,#5539,.T.);
#7272=ORIENTED_EDGE('',*,*,#5530,.T.);
#7273=ORIENTED_EDGE('',*,*,#5497,.T.);
#7274=ORIENTED_EDGE('',*,*,#5542,.T.);
#7275=ORIENTED_EDGE('',*,*,#5543,.F.);
#7276=ORIENTED_EDGE('',*,*,#5544,.T.);
#7277=ORIENTED_EDGE('',*,*,#5545,.F.);
#7278=ORIENTED_EDGE('',*,*,#5544,.F.);
#7279=ORIENTED_EDGE('',*,*,#5543,.T.);
#7280=ORIENTED_EDGE('',*,*,#5491,.T.);
#7281=ORIENTED_EDGE('',*,*,#4879,.F.);
#7282=ORIENTED_EDGE('',*,*,#5526,.F.);
#7283=ORIENTED_EDGE('',*,*,#4933,.F.);
#7284=ORIENTED_EDGE('',*,*,#4909,.T.);
#7285=ORIENTED_EDGE('',*,*,#4882,.T.);
#7286=ORIENTED_EDGE('',*,*,#4937,.T.);
#7287=ORIENTED_EDGE('',*,*,#5546,.F.);
#7288=ORIENTED_EDGE('',*,*,#5547,.T.);
#7289=ORIENTED_EDGE('',*,*,#5548,.F.);
#7290=ORIENTED_EDGE('',*,*,#5547,.F.);
#7291=ORIENTED_EDGE('',*,*,#5546,.T.);
#7292=ORIENTED_EDGE('',*,*,#4874,.T.);
#7293=ORIENTED_EDGE('',*,*,#5538,.F.);
#7294=ORIENTED_EDGE('',*,*,#5549,.T.);
#7295=ORIENTED_EDGE('',*,*,#4908,.T.);
#7296=ORIENTED_EDGE('',*,*,#4907,.T.);
#7297=ORIENTED_EDGE('',*,*,#5549,.F.);
#7298=ORIENTED_EDGE('',*,*,#5496,.T.);
#7299=ORIENTED_EDGE('',*,*,#5519,.F.);
#7300=ORIENTED_EDGE('',*,*,#5498,.T.);
#7301=ORIENTED_EDGE('',*,*,#5542,.F.);
#7302=ORIENTED_EDGE('',*,*,#4940,.T.);
#7303=ORIENTED_EDGE('',*,*,#5550,.T.);
#7304=ORIENTED_EDGE('',*,*,#5430,.T.);
#7305=ORIENTED_EDGE('',*,*,#5551,.F.);
#7306=ORIENTED_EDGE('',*,*,#5552,.T.);
#7307=ORIENTED_EDGE('',*,*,#5034,.F.);
#7308=ORIENTED_EDGE('',*,*,#4939,.T.);
#7309=ORIENTED_EDGE('',*,*,#5551,.T.);
#7310=ORIENTED_EDGE('',*,*,#5155,.T.);
#7311=ORIENTED_EDGE('',*,*,#5423,.T.);
#7312=ORIENTED_EDGE('',*,*,#5158,.T.);
#7313=ORIENTED_EDGE('',*,*,#5550,.F.);
#7314=ORIENTED_EDGE('',*,*,#4919,.T.);
#7315=ORIENTED_EDGE('',*,*,#5033,.F.);
#7316=ORIENTED_EDGE('',*,*,#5042,.F.);
#7317=ORIENTED_EDGE('',*,*,#5553,.T.);
#7318=ORIENTED_EDGE('',*,*,#5387,.F.);
#7319=ORIENTED_EDGE('',*,*,#5553,.F.);
#7320=ORIENTED_EDGE('',*,*,#5084,.F.);
#7321=ORIENTED_EDGE('',*,*,#5554,.T.);
#7322=ORIENTED_EDGE('',*,*,#5072,.F.);
#7323=ORIENTED_EDGE('',*,*,#5554,.F.);
#7324=ORIENTED_EDGE('',*,*,#5555,.F.);
#7325=ORIENTED_EDGE('',*,*,#5556,.T.);
#7326=ORIENTED_EDGE('',*,*,#5482,.F.);
#7327=ORIENTED_EDGE('',*,*,#5556,.F.);
#7328=ORIENTED_EDGE('',*,*,#5435,.F.);
#7329=ORIENTED_EDGE('',*,*,#5557,.T.);
#7330=ORIENTED_EDGE('',*,*,#5406,.F.);
#7331=ORIENTED_EDGE('',*,*,#5557,.F.);
#7332=ORIENTED_EDGE('',*,*,#5558,.F.);
#7333=ORIENTED_EDGE('',*,*,#5559,.T.);
#7334=ORIENTED_EDGE('',*,*,#5560,.F.);
#7335=ORIENTED_EDGE('',*,*,#5561,.F.);
#7336=ORIENTED_EDGE('',*,*,#5562,.F.);
#7337=ORIENTED_EDGE('',*,*,#5563,.T.);
#7338=ORIENTED_EDGE('',*,*,#5564,.F.);
#7339=ORIENTED_EDGE('',*,*,#5559,.F.);
#7340=ORIENTED_EDGE('',*,*,#5565,.F.);
#7341=ORIENTED_EDGE('',*,*,#5566,.T.);
#7342=ORIENTED_EDGE('',*,*,#5567,.F.);
#7343=ORIENTED_EDGE('',*,*,#5563,.F.);
#7344=ORIENTED_EDGE('',*,*,#5568,.F.);
#7345=ORIENTED_EDGE('',*,*,#5569,.T.);
#7346=ORIENTED_EDGE('',*,*,#5570,.F.);
#7347=ORIENTED_EDGE('',*,*,#5566,.F.);
#7348=ORIENTED_EDGE('',*,*,#5571,.F.);
#7349=ORIENTED_EDGE('',*,*,#5572,.T.);
#7350=ORIENTED_EDGE('',*,*,#5573,.F.);
#7351=ORIENTED_EDGE('',*,*,#5569,.F.);
#7352=ORIENTED_EDGE('',*,*,#5574,.F.);
#7353=ORIENTED_EDGE('',*,*,#5575,.T.);
#7354=ORIENTED_EDGE('',*,*,#5576,.F.);
#7355=ORIENTED_EDGE('',*,*,#5572,.F.);
#7356=ORIENTED_EDGE('',*,*,#5577,.F.);
#7357=ORIENTED_EDGE('',*,*,#5578,.T.);
#7358=ORIENTED_EDGE('',*,*,#5579,.F.);
#7359=ORIENTED_EDGE('',*,*,#5575,.F.);
#7360=ORIENTED_EDGE('',*,*,#5580,.F.);
#7361=ORIENTED_EDGE('',*,*,#5581,.T.);
#7362=ORIENTED_EDGE('',*,*,#5582,.F.);
#7363=ORIENTED_EDGE('',*,*,#5578,.F.);
#7364=ORIENTED_EDGE('',*,*,#5583,.F.);
#7365=ORIENTED_EDGE('',*,*,#5584,.T.);
#7366=ORIENTED_EDGE('',*,*,#5585,.F.);
#7367=ORIENTED_EDGE('',*,*,#5581,.F.);
#7368=ORIENTED_EDGE('',*,*,#5586,.F.);
#7369=ORIENTED_EDGE('',*,*,#5587,.T.);
#7370=ORIENTED_EDGE('',*,*,#5588,.F.);
#7371=ORIENTED_EDGE('',*,*,#5584,.F.);
#7372=ORIENTED_EDGE('',*,*,#5589,.F.);
#7373=ORIENTED_EDGE('',*,*,#5561,.T.);
#7374=ORIENTED_EDGE('',*,*,#5590,.F.);
#7375=ORIENTED_EDGE('',*,*,#5591,.F.);
#7376=ORIENTED_EDGE('',*,*,#5592,.F.);
#7377=ORIENTED_EDGE('',*,*,#5591,.T.);
#7378=ORIENTED_EDGE('',*,*,#5593,.F.);
#7379=ORIENTED_EDGE('',*,*,#5594,.F.);
#7380=ORIENTED_EDGE('',*,*,#5595,.F.);
#7381=ORIENTED_EDGE('',*,*,#5594,.T.);
#7382=ORIENTED_EDGE('',*,*,#5596,.F.);
#7383=ORIENTED_EDGE('',*,*,#5597,.F.);
#7384=ORIENTED_EDGE('',*,*,#5598,.F.);
#7385=ORIENTED_EDGE('',*,*,#5597,.T.);
#7386=ORIENTED_EDGE('',*,*,#5599,.F.);
#7387=ORIENTED_EDGE('',*,*,#5600,.F.);
#7388=ORIENTED_EDGE('',*,*,#5601,.F.);
#7389=ORIENTED_EDGE('',*,*,#5600,.T.);
#7390=ORIENTED_EDGE('',*,*,#5602,.F.);
#7391=ORIENTED_EDGE('',*,*,#5603,.F.);
#7392=ORIENTED_EDGE('',*,*,#5604,.F.);
#7393=ORIENTED_EDGE('',*,*,#5603,.T.);
#7394=ORIENTED_EDGE('',*,*,#5605,.F.);
#7395=ORIENTED_EDGE('',*,*,#5606,.F.);
#7396=ORIENTED_EDGE('',*,*,#5607,.F.);
#7397=ORIENTED_EDGE('',*,*,#5606,.T.);
#7398=ORIENTED_EDGE('',*,*,#5608,.F.);
#7399=ORIENTED_EDGE('',*,*,#5609,.F.);
#7400=ORIENTED_EDGE('',*,*,#5610,.F.);
#7401=ORIENTED_EDGE('',*,*,#5609,.T.);
#7402=ORIENTED_EDGE('',*,*,#5611,.F.);
#7403=ORIENTED_EDGE('',*,*,#5612,.F.);
#7404=ORIENTED_EDGE('',*,*,#5613,.F.);
#7405=ORIENTED_EDGE('',*,*,#5612,.T.);
#7406=ORIENTED_EDGE('',*,*,#5614,.F.);
#7407=ORIENTED_EDGE('',*,*,#5587,.F.);
#7408=ORIENTED_EDGE('',*,*,#5588,.T.);
#7409=ORIENTED_EDGE('',*,*,#5614,.T.);
#7410=ORIENTED_EDGE('',*,*,#5611,.T.);
#7411=ORIENTED_EDGE('',*,*,#5608,.T.);
#7412=ORIENTED_EDGE('',*,*,#5605,.T.);
#7413=ORIENTED_EDGE('',*,*,#5602,.T.);
#7414=ORIENTED_EDGE('',*,*,#5599,.T.);
#7415=ORIENTED_EDGE('',*,*,#5596,.T.);
#7416=ORIENTED_EDGE('',*,*,#5593,.T.);
#7417=ORIENTED_EDGE('',*,*,#5590,.T.);
#7418=ORIENTED_EDGE('',*,*,#5560,.T.);
#7419=ORIENTED_EDGE('',*,*,#5564,.T.);
#7420=ORIENTED_EDGE('',*,*,#5567,.T.);
#7421=ORIENTED_EDGE('',*,*,#5570,.T.);
#7422=ORIENTED_EDGE('',*,*,#5573,.T.);
#7423=ORIENTED_EDGE('',*,*,#5576,.T.);
#7424=ORIENTED_EDGE('',*,*,#5579,.T.);
#7425=ORIENTED_EDGE('',*,*,#5582,.T.);
#7426=ORIENTED_EDGE('',*,*,#5585,.T.);
#7427=ORIENTED_EDGE('',*,*,#5369,.F.);
#7428=ORIENTED_EDGE('',*,*,#5615,.T.);
#7429=ORIENTED_EDGE('',*,*,#5616,.F.);
#7430=ORIENTED_EDGE('',*,*,#5617,.F.);
#7431=ORIENTED_EDGE('',*,*,#5370,.F.);
#7432=ORIENTED_EDGE('',*,*,#5617,.T.);
#7433=ORIENTED_EDGE('',*,*,#5618,.F.);
#7434=ORIENTED_EDGE('',*,*,#5619,.F.);
#7435=ORIENTED_EDGE('',*,*,#5371,.F.);
#7436=ORIENTED_EDGE('',*,*,#5619,.T.);
#7437=ORIENTED_EDGE('',*,*,#5620,.F.);
#7438=ORIENTED_EDGE('',*,*,#5621,.F.);
#7439=ORIENTED_EDGE('',*,*,#5372,.F.);
#7440=ORIENTED_EDGE('',*,*,#5621,.T.);
#7441=ORIENTED_EDGE('',*,*,#5622,.F.);
#7442=ORIENTED_EDGE('',*,*,#5615,.F.);
#7443=ORIENTED_EDGE('',*,*,#5622,.T.);
#7444=ORIENTED_EDGE('',*,*,#5620,.T.);
#7445=ORIENTED_EDGE('',*,*,#5618,.T.);
#7446=ORIENTED_EDGE('',*,*,#5616,.T.);
#7447=ORIENTED_EDGE('',*,*,#5583,.T.);
#7448=ORIENTED_EDGE('',*,*,#5580,.T.);
#7449=ORIENTED_EDGE('',*,*,#5577,.T.);
#7450=ORIENTED_EDGE('',*,*,#5574,.T.);
#7451=ORIENTED_EDGE('',*,*,#5571,.T.);
#7452=ORIENTED_EDGE('',*,*,#5568,.T.);
#7453=ORIENTED_EDGE('',*,*,#5565,.T.);
#7454=ORIENTED_EDGE('',*,*,#5562,.T.);
#7455=ORIENTED_EDGE('',*,*,#5558,.T.);
#7456=ORIENTED_EDGE('',*,*,#5589,.T.);
#7457=ORIENTED_EDGE('',*,*,#5592,.T.);
#7458=ORIENTED_EDGE('',*,*,#5595,.T.);
#7459=ORIENTED_EDGE('',*,*,#5598,.T.);
#7460=ORIENTED_EDGE('',*,*,#5601,.T.);
#7461=ORIENTED_EDGE('',*,*,#5604,.T.);
#7462=ORIENTED_EDGE('',*,*,#5607,.T.);
#7463=ORIENTED_EDGE('',*,*,#5610,.T.);
#7464=ORIENTED_EDGE('',*,*,#5613,.T.);
#7465=ORIENTED_EDGE('',*,*,#5586,.T.);
#7466=ORIENTED_EDGE('',*,*,#5168,.F.);
#7467=ORIENTED_EDGE('',*,*,#5623,.T.);
#7468=ORIENTED_EDGE('',*,*,#5624,.F.);
#7469=ORIENTED_EDGE('',*,*,#5625,.F.);
#7470=ORIENTED_EDGE('',*,*,#5169,.F.);
#7471=ORIENTED_EDGE('',*,*,#5625,.T.);
#7472=ORIENTED_EDGE('',*,*,#5626,.F.);
#7473=ORIENTED_EDGE('',*,*,#5627,.F.);
#7474=ORIENTED_EDGE('',*,*,#5170,.F.);
#7475=ORIENTED_EDGE('',*,*,#5627,.T.);
#7476=ORIENTED_EDGE('',*,*,#5628,.F.);
#7477=ORIENTED_EDGE('',*,*,#5629,.F.);
#7478=ORIENTED_EDGE('',*,*,#5171,.F.);
#7479=ORIENTED_EDGE('',*,*,#5629,.T.);
#7480=ORIENTED_EDGE('',*,*,#5630,.F.);
#7481=ORIENTED_EDGE('',*,*,#5631,.F.);
#7482=ORIENTED_EDGE('',*,*,#5172,.F.);
#7483=ORIENTED_EDGE('',*,*,#5631,.T.);
#7484=ORIENTED_EDGE('',*,*,#5632,.F.);
#7485=ORIENTED_EDGE('',*,*,#5633,.F.);
#7486=ORIENTED_EDGE('',*,*,#5173,.F.);
#7487=ORIENTED_EDGE('',*,*,#5633,.T.);
#7488=ORIENTED_EDGE('',*,*,#5634,.F.);
#7489=ORIENTED_EDGE('',*,*,#5635,.F.);
#7490=ORIENTED_EDGE('',*,*,#5174,.F.);
#7491=ORIENTED_EDGE('',*,*,#5635,.T.);
#7492=ORIENTED_EDGE('',*,*,#5636,.F.);
#7493=ORIENTED_EDGE('',*,*,#5637,.F.);
#7494=ORIENTED_EDGE('',*,*,#5175,.F.);
#7495=ORIENTED_EDGE('',*,*,#5637,.T.);
#7496=ORIENTED_EDGE('',*,*,#5638,.F.);
#7497=ORIENTED_EDGE('',*,*,#5639,.F.);
#7498=ORIENTED_EDGE('',*,*,#5176,.F.);
#7499=ORIENTED_EDGE('',*,*,#5639,.T.);
#7500=ORIENTED_EDGE('',*,*,#5640,.F.);
#7501=ORIENTED_EDGE('',*,*,#5641,.F.);
#7502=ORIENTED_EDGE('',*,*,#5177,.F.);
#7503=ORIENTED_EDGE('',*,*,#5641,.T.);
#7504=ORIENTED_EDGE('',*,*,#5642,.F.);
#7505=ORIENTED_EDGE('',*,*,#5643,.F.);
#7506=ORIENTED_EDGE('',*,*,#5178,.F.);
#7507=ORIENTED_EDGE('',*,*,#5643,.T.);
#7508=ORIENTED_EDGE('',*,*,#5644,.F.);
#7509=ORIENTED_EDGE('',*,*,#5645,.F.);
#7510=ORIENTED_EDGE('',*,*,#5179,.F.);
#7511=ORIENTED_EDGE('',*,*,#5645,.T.);
#7512=ORIENTED_EDGE('',*,*,#5646,.F.);
#7513=ORIENTED_EDGE('',*,*,#5647,.F.);
#7514=ORIENTED_EDGE('',*,*,#5180,.F.);
#7515=ORIENTED_EDGE('',*,*,#5647,.T.);
#7516=ORIENTED_EDGE('',*,*,#5648,.F.);
#7517=ORIENTED_EDGE('',*,*,#5649,.F.);
#7518=ORIENTED_EDGE('',*,*,#5181,.F.);
#7519=ORIENTED_EDGE('',*,*,#5649,.T.);
#7520=ORIENTED_EDGE('',*,*,#5650,.F.);
#7521=ORIENTED_EDGE('',*,*,#5651,.F.);
#7522=ORIENTED_EDGE('',*,*,#5182,.F.);
#7523=ORIENTED_EDGE('',*,*,#5651,.T.);
#7524=ORIENTED_EDGE('',*,*,#5652,.F.);
#7525=ORIENTED_EDGE('',*,*,#5623,.F.);
#7526=ORIENTED_EDGE('',*,*,#5652,.T.);
#7527=ORIENTED_EDGE('',*,*,#5650,.T.);
#7528=ORIENTED_EDGE('',*,*,#5648,.T.);
#7529=ORIENTED_EDGE('',*,*,#5646,.T.);
#7530=ORIENTED_EDGE('',*,*,#5644,.T.);
#7531=ORIENTED_EDGE('',*,*,#5642,.T.);
#7532=ORIENTED_EDGE('',*,*,#5640,.T.);
#7533=ORIENTED_EDGE('',*,*,#5638,.T.);
#7534=ORIENTED_EDGE('',*,*,#5636,.T.);
#7535=ORIENTED_EDGE('',*,*,#5634,.T.);
#7536=ORIENTED_EDGE('',*,*,#5632,.T.);
#7537=ORIENTED_EDGE('',*,*,#5630,.T.);
#7538=ORIENTED_EDGE('',*,*,#5628,.T.);
#7539=ORIENTED_EDGE('',*,*,#5626,.T.);
#7540=ORIENTED_EDGE('',*,*,#5624,.T.);
#7541=ORIENTED_EDGE('',*,*,#5653,.F.);
#7542=ORIENTED_EDGE('',*,*,#5654,.T.);
#7543=ORIENTED_EDGE('',*,*,#5655,.F.);
#7544=ORIENTED_EDGE('',*,*,#5656,.F.);
#7545=ORIENTED_EDGE('',*,*,#5657,.F.);
#7546=ORIENTED_EDGE('',*,*,#5656,.T.);
#7547=ORIENTED_EDGE('',*,*,#5658,.F.);
#7548=ORIENTED_EDGE('',*,*,#5659,.F.);
#7549=ORIENTED_EDGE('',*,*,#5660,.F.);
#7550=ORIENTED_EDGE('',*,*,#5659,.T.);
#7551=ORIENTED_EDGE('',*,*,#5661,.F.);
#7552=ORIENTED_EDGE('',*,*,#5662,.F.);
#7553=ORIENTED_EDGE('',*,*,#5663,.F.);
#7554=ORIENTED_EDGE('',*,*,#5662,.T.);
#7555=ORIENTED_EDGE('',*,*,#5664,.F.);
#7556=ORIENTED_EDGE('',*,*,#5665,.F.);
#7557=ORIENTED_EDGE('',*,*,#5666,.F.);
#7558=ORIENTED_EDGE('',*,*,#5665,.T.);
#7559=ORIENTED_EDGE('',*,*,#5667,.F.);
#7560=ORIENTED_EDGE('',*,*,#5668,.F.);
#7561=ORIENTED_EDGE('',*,*,#5669,.F.);
#7562=ORIENTED_EDGE('',*,*,#5668,.T.);
#7563=ORIENTED_EDGE('',*,*,#5670,.F.);
#7564=ORIENTED_EDGE('',*,*,#5671,.F.);
#7565=ORIENTED_EDGE('',*,*,#5672,.F.);
#7566=ORIENTED_EDGE('',*,*,#5671,.T.);
#7567=ORIENTED_EDGE('',*,*,#5673,.F.);
#7568=ORIENTED_EDGE('',*,*,#5674,.F.);
#7569=ORIENTED_EDGE('',*,*,#5675,.F.);
#7570=ORIENTED_EDGE('',*,*,#5674,.T.);
#7571=ORIENTED_EDGE('',*,*,#5676,.F.);
#7572=ORIENTED_EDGE('',*,*,#5677,.F.);
#7573=ORIENTED_EDGE('',*,*,#5678,.F.);
#7574=ORIENTED_EDGE('',*,*,#5677,.T.);
#7575=ORIENTED_EDGE('',*,*,#5679,.F.);
#7576=ORIENTED_EDGE('',*,*,#5680,.F.);
#7577=ORIENTED_EDGE('',*,*,#5681,.F.);
#7578=ORIENTED_EDGE('',*,*,#5680,.T.);
#7579=ORIENTED_EDGE('',*,*,#5682,.F.);
#7580=ORIENTED_EDGE('',*,*,#5654,.F.);
#7581=ORIENTED_EDGE('',*,*,#5357,.F.);
#7582=ORIENTED_EDGE('',*,*,#5683,.T.);
#7583=ORIENTED_EDGE('',*,*,#5684,.F.);
#7584=ORIENTED_EDGE('',*,*,#5685,.F.);
#7585=ORIENTED_EDGE('',*,*,#5358,.F.);
#7586=ORIENTED_EDGE('',*,*,#5685,.T.);
#7587=ORIENTED_EDGE('',*,*,#5686,.F.);
#7588=ORIENTED_EDGE('',*,*,#5687,.F.);
#7589=ORIENTED_EDGE('',*,*,#5359,.F.);
#7590=ORIENTED_EDGE('',*,*,#5687,.T.);
#7591=ORIENTED_EDGE('',*,*,#5688,.F.);
#7592=ORIENTED_EDGE('',*,*,#5689,.F.);
#7593=ORIENTED_EDGE('',*,*,#5360,.F.);
#7594=ORIENTED_EDGE('',*,*,#5689,.T.);
#7595=ORIENTED_EDGE('',*,*,#5690,.F.);
#7596=ORIENTED_EDGE('',*,*,#5691,.F.);
#7597=ORIENTED_EDGE('',*,*,#5361,.F.);
#7598=ORIENTED_EDGE('',*,*,#5691,.T.);
#7599=ORIENTED_EDGE('',*,*,#5692,.F.);
#7600=ORIENTED_EDGE('',*,*,#5693,.F.);
#7601=ORIENTED_EDGE('',*,*,#5362,.F.);
#7602=ORIENTED_EDGE('',*,*,#5693,.T.);
#7603=ORIENTED_EDGE('',*,*,#5694,.F.);
#7604=ORIENTED_EDGE('',*,*,#5695,.F.);
#7605=ORIENTED_EDGE('',*,*,#5363,.F.);
#7606=ORIENTED_EDGE('',*,*,#5695,.T.);
#7607=ORIENTED_EDGE('',*,*,#5696,.F.);
#7608=ORIENTED_EDGE('',*,*,#5697,.F.);
#7609=ORIENTED_EDGE('',*,*,#5364,.F.);
#7610=ORIENTED_EDGE('',*,*,#5697,.T.);
#7611=ORIENTED_EDGE('',*,*,#5698,.F.);
#7612=ORIENTED_EDGE('',*,*,#5699,.F.);
#7613=ORIENTED_EDGE('',*,*,#5365,.F.);
#7614=ORIENTED_EDGE('',*,*,#5699,.T.);
#7615=ORIENTED_EDGE('',*,*,#5700,.F.);
#7616=ORIENTED_EDGE('',*,*,#5701,.F.);
#7617=ORIENTED_EDGE('',*,*,#5366,.F.);
#7618=ORIENTED_EDGE('',*,*,#5701,.T.);
#7619=ORIENTED_EDGE('',*,*,#5702,.F.);
#7620=ORIENTED_EDGE('',*,*,#5703,.F.);
#7621=ORIENTED_EDGE('',*,*,#5367,.F.);
#7622=ORIENTED_EDGE('',*,*,#5703,.T.);
#7623=ORIENTED_EDGE('',*,*,#5704,.F.);
#7624=ORIENTED_EDGE('',*,*,#5705,.F.);
#7625=ORIENTED_EDGE('',*,*,#5368,.F.);
#7626=ORIENTED_EDGE('',*,*,#5705,.T.);
#7627=ORIENTED_EDGE('',*,*,#5706,.F.);
#7628=ORIENTED_EDGE('',*,*,#5683,.F.);
#7629=ORIENTED_EDGE('',*,*,#5706,.T.);
#7630=ORIENTED_EDGE('',*,*,#5704,.T.);
#7631=ORIENTED_EDGE('',*,*,#5702,.T.);
#7632=ORIENTED_EDGE('',*,*,#5700,.T.);
#7633=ORIENTED_EDGE('',*,*,#5698,.T.);
#7634=ORIENTED_EDGE('',*,*,#5696,.T.);
#7635=ORIENTED_EDGE('',*,*,#5694,.T.);
#7636=ORIENTED_EDGE('',*,*,#5692,.T.);
#7637=ORIENTED_EDGE('',*,*,#5690,.T.);
#7638=ORIENTED_EDGE('',*,*,#5688,.T.);
#7639=ORIENTED_EDGE('',*,*,#5686,.T.);
#7640=ORIENTED_EDGE('',*,*,#5684,.T.);
#7641=ORIENTED_EDGE('',*,*,#5682,.T.);
#7642=ORIENTED_EDGE('',*,*,#5679,.T.);
#7643=ORIENTED_EDGE('',*,*,#5676,.T.);
#7644=ORIENTED_EDGE('',*,*,#5673,.T.);
#7645=ORIENTED_EDGE('',*,*,#5670,.T.);
#7646=ORIENTED_EDGE('',*,*,#5667,.T.);
#7647=ORIENTED_EDGE('',*,*,#5664,.T.);
#7648=ORIENTED_EDGE('',*,*,#5661,.T.);
#7649=ORIENTED_EDGE('',*,*,#5658,.T.);
#7650=ORIENTED_EDGE('',*,*,#5655,.T.);
#7651=ORIENTED_EDGE('',*,*,#5653,.T.);
#7652=ORIENTED_EDGE('',*,*,#5657,.T.);
#7653=ORIENTED_EDGE('',*,*,#5660,.T.);
#7654=ORIENTED_EDGE('',*,*,#5663,.T.);
#7655=ORIENTED_EDGE('',*,*,#5666,.T.);
#7656=ORIENTED_EDGE('',*,*,#5669,.T.);
#7657=ORIENTED_EDGE('',*,*,#5672,.T.);
#7658=ORIENTED_EDGE('',*,*,#5675,.T.);
#7659=ORIENTED_EDGE('',*,*,#5678,.T.);
#7660=ORIENTED_EDGE('',*,*,#5681,.T.);
#7661=ORIENTED_EDGE('',*,*,#5183,.F.);
#7662=ORIENTED_EDGE('',*,*,#5707,.T.);
#7663=ORIENTED_EDGE('',*,*,#5708,.F.);
#7664=ORIENTED_EDGE('',*,*,#5709,.F.);
#7665=ORIENTED_EDGE('',*,*,#5184,.F.);
#7666=ORIENTED_EDGE('',*,*,#5709,.T.);
#7667=ORIENTED_EDGE('',*,*,#5710,.F.);
#7668=ORIENTED_EDGE('',*,*,#5711,.F.);
#7669=ORIENTED_EDGE('',*,*,#5185,.F.);
#7670=ORIENTED_EDGE('',*,*,#5711,.T.);
#7671=ORIENTED_EDGE('',*,*,#5712,.F.);
#7672=ORIENTED_EDGE('',*,*,#5713,.F.);
#7673=ORIENTED_EDGE('',*,*,#5186,.F.);
#7674=ORIENTED_EDGE('',*,*,#5713,.T.);
#7675=ORIENTED_EDGE('',*,*,#5714,.F.);
#7676=ORIENTED_EDGE('',*,*,#5715,.F.);
#7677=ORIENTED_EDGE('',*,*,#5187,.F.);
#7678=ORIENTED_EDGE('',*,*,#5715,.T.);
#7679=ORIENTED_EDGE('',*,*,#5716,.F.);
#7680=ORIENTED_EDGE('',*,*,#5717,.F.);
#7681=ORIENTED_EDGE('',*,*,#5188,.F.);
#7682=ORIENTED_EDGE('',*,*,#5717,.T.);
#7683=ORIENTED_EDGE('',*,*,#5718,.F.);
#7684=ORIENTED_EDGE('',*,*,#5707,.F.);
#7685=ORIENTED_EDGE('',*,*,#5718,.T.);
#7686=ORIENTED_EDGE('',*,*,#5716,.T.);
#7687=ORIENTED_EDGE('',*,*,#5714,.T.);
#7688=ORIENTED_EDGE('',*,*,#5712,.T.);
#7689=ORIENTED_EDGE('',*,*,#5710,.T.);
#7690=ORIENTED_EDGE('',*,*,#5708,.T.);
#7691=ORIENTED_EDGE('',*,*,#5719,.F.);
#7692=ORIENTED_EDGE('',*,*,#5720,.T.);
#7693=ORIENTED_EDGE('',*,*,#5721,.F.);
#7694=ORIENTED_EDGE('',*,*,#5722,.F.);
#7695=ORIENTED_EDGE('',*,*,#5723,.F.);
#7696=ORIENTED_EDGE('',*,*,#5722,.T.);
#7697=ORIENTED_EDGE('',*,*,#5724,.F.);
#7698=ORIENTED_EDGE('',*,*,#5725,.F.);
#7699=ORIENTED_EDGE('',*,*,#5726,.F.);
#7700=ORIENTED_EDGE('',*,*,#5725,.T.);
#7701=ORIENTED_EDGE('',*,*,#5727,.F.);
#7702=ORIENTED_EDGE('',*,*,#5728,.F.);
#7703=ORIENTED_EDGE('',*,*,#5729,.F.);
#7704=ORIENTED_EDGE('',*,*,#5728,.T.);
#7705=ORIENTED_EDGE('',*,*,#5730,.F.);
#7706=ORIENTED_EDGE('',*,*,#5731,.F.);
#7707=ORIENTED_EDGE('',*,*,#5732,.F.);
#7708=ORIENTED_EDGE('',*,*,#5731,.T.);
#7709=ORIENTED_EDGE('',*,*,#5733,.F.);
#7710=ORIENTED_EDGE('',*,*,#5734,.F.);
#7711=ORIENTED_EDGE('',*,*,#5735,.F.);
#7712=ORIENTED_EDGE('',*,*,#5734,.T.);
#7713=ORIENTED_EDGE('',*,*,#5736,.F.);
#7714=ORIENTED_EDGE('',*,*,#5737,.F.);
#7715=ORIENTED_EDGE('',*,*,#5738,.F.);
#7716=ORIENTED_EDGE('',*,*,#5737,.T.);
#7717=ORIENTED_EDGE('',*,*,#5739,.F.);
#7718=ORIENTED_EDGE('',*,*,#5740,.F.);
#7719=ORIENTED_EDGE('',*,*,#5741,.F.);
#7720=ORIENTED_EDGE('',*,*,#5740,.T.);
#7721=ORIENTED_EDGE('',*,*,#5742,.F.);
#7722=ORIENTED_EDGE('',*,*,#5720,.F.);
#7723=ORIENTED_EDGE('',*,*,#5338,.F.);
#7724=ORIENTED_EDGE('',*,*,#5743,.T.);
#7725=ORIENTED_EDGE('',*,*,#5744,.F.);
#7726=ORIENTED_EDGE('',*,*,#5745,.F.);
#7727=ORIENTED_EDGE('',*,*,#5339,.F.);
#7728=ORIENTED_EDGE('',*,*,#5745,.T.);
#7729=ORIENTED_EDGE('',*,*,#5746,.F.);
#7730=ORIENTED_EDGE('',*,*,#5747,.F.);
#7731=ORIENTED_EDGE('',*,*,#5340,.F.);
#7732=ORIENTED_EDGE('',*,*,#5747,.T.);
#7733=ORIENTED_EDGE('',*,*,#5748,.F.);
#7734=ORIENTED_EDGE('',*,*,#5749,.F.);
#7735=ORIENTED_EDGE('',*,*,#5341,.F.);
#7736=ORIENTED_EDGE('',*,*,#5749,.T.);
#7737=ORIENTED_EDGE('',*,*,#5750,.F.);
#7738=ORIENTED_EDGE('',*,*,#5751,.F.);
#7739=ORIENTED_EDGE('',*,*,#5342,.F.);
#7740=ORIENTED_EDGE('',*,*,#5751,.T.);
#7741=ORIENTED_EDGE('',*,*,#5752,.F.);
#7742=ORIENTED_EDGE('',*,*,#5753,.F.);
#7743=ORIENTED_EDGE('',*,*,#5343,.F.);
#7744=ORIENTED_EDGE('',*,*,#5753,.T.);
#7745=ORIENTED_EDGE('',*,*,#5754,.F.);
#7746=ORIENTED_EDGE('',*,*,#5755,.F.);
#7747=ORIENTED_EDGE('',*,*,#5344,.F.);
#7748=ORIENTED_EDGE('',*,*,#5755,.T.);
#7749=ORIENTED_EDGE('',*,*,#5756,.F.);
#7750=ORIENTED_EDGE('',*,*,#5757,.F.);
#7751=ORIENTED_EDGE('',*,*,#5345,.F.);
#7752=ORIENTED_EDGE('',*,*,#5757,.T.);
#7753=ORIENTED_EDGE('',*,*,#5758,.F.);
#7754=ORIENTED_EDGE('',*,*,#5759,.F.);
#7755=ORIENTED_EDGE('',*,*,#5346,.F.);
#7756=ORIENTED_EDGE('',*,*,#5759,.T.);
#7757=ORIENTED_EDGE('',*,*,#5760,.F.);
#7758=ORIENTED_EDGE('',*,*,#5761,.F.);
#7759=ORIENTED_EDGE('',*,*,#5347,.F.);
#7760=ORIENTED_EDGE('',*,*,#5761,.T.);
#7761=ORIENTED_EDGE('',*,*,#5762,.F.);
#7762=ORIENTED_EDGE('',*,*,#5763,.F.);
#7763=ORIENTED_EDGE('',*,*,#5348,.F.);
#7764=ORIENTED_EDGE('',*,*,#5763,.T.);
#7765=ORIENTED_EDGE('',*,*,#5764,.F.);
#7766=ORIENTED_EDGE('',*,*,#5765,.F.);
#7767=ORIENTED_EDGE('',*,*,#5349,.F.);
#7768=ORIENTED_EDGE('',*,*,#5765,.T.);
#7769=ORIENTED_EDGE('',*,*,#5766,.F.);
#7770=ORIENTED_EDGE('',*,*,#5767,.F.);
#7771=ORIENTED_EDGE('',*,*,#5350,.F.);
#7772=ORIENTED_EDGE('',*,*,#5767,.T.);
#7773=ORIENTED_EDGE('',*,*,#5768,.F.);
#7774=ORIENTED_EDGE('',*,*,#5769,.F.);
#7775=ORIENTED_EDGE('',*,*,#5351,.F.);
#7776=ORIENTED_EDGE('',*,*,#5769,.T.);
#7777=ORIENTED_EDGE('',*,*,#5770,.F.);
#7778=ORIENTED_EDGE('',*,*,#5771,.F.);
#7779=ORIENTED_EDGE('',*,*,#5352,.F.);
#7780=ORIENTED_EDGE('',*,*,#5771,.T.);
#7781=ORIENTED_EDGE('',*,*,#5772,.F.);
#7782=ORIENTED_EDGE('',*,*,#5773,.F.);
#7783=ORIENTED_EDGE('',*,*,#5353,.F.);
#7784=ORIENTED_EDGE('',*,*,#5773,.T.);
#7785=ORIENTED_EDGE('',*,*,#5774,.F.);
#7786=ORIENTED_EDGE('',*,*,#5775,.F.);
#7787=ORIENTED_EDGE('',*,*,#5354,.F.);
#7788=ORIENTED_EDGE('',*,*,#5775,.T.);
#7789=ORIENTED_EDGE('',*,*,#5776,.F.);
#7790=ORIENTED_EDGE('',*,*,#5777,.F.);
#7791=ORIENTED_EDGE('',*,*,#5355,.F.);
#7792=ORIENTED_EDGE('',*,*,#5777,.T.);
#7793=ORIENTED_EDGE('',*,*,#5778,.F.);
#7794=ORIENTED_EDGE('',*,*,#5779,.F.);
#7795=ORIENTED_EDGE('',*,*,#5356,.F.);
#7796=ORIENTED_EDGE('',*,*,#5779,.T.);
#7797=ORIENTED_EDGE('',*,*,#5780,.F.);
#7798=ORIENTED_EDGE('',*,*,#5743,.F.);
#7799=ORIENTED_EDGE('',*,*,#5780,.T.);
#7800=ORIENTED_EDGE('',*,*,#5778,.T.);
#7801=ORIENTED_EDGE('',*,*,#5776,.T.);
#7802=ORIENTED_EDGE('',*,*,#5774,.T.);
#7803=ORIENTED_EDGE('',*,*,#5772,.T.);
#7804=ORIENTED_EDGE('',*,*,#5770,.T.);
#7805=ORIENTED_EDGE('',*,*,#5768,.T.);
#7806=ORIENTED_EDGE('',*,*,#5766,.T.);
#7807=ORIENTED_EDGE('',*,*,#5764,.T.);
#7808=ORIENTED_EDGE('',*,*,#5762,.T.);
#7809=ORIENTED_EDGE('',*,*,#5760,.T.);
#7810=ORIENTED_EDGE('',*,*,#5758,.T.);
#7811=ORIENTED_EDGE('',*,*,#5756,.T.);
#7812=ORIENTED_EDGE('',*,*,#5754,.T.);
#7813=ORIENTED_EDGE('',*,*,#5752,.T.);
#7814=ORIENTED_EDGE('',*,*,#5750,.T.);
#7815=ORIENTED_EDGE('',*,*,#5748,.T.);
#7816=ORIENTED_EDGE('',*,*,#5746,.T.);
#7817=ORIENTED_EDGE('',*,*,#5744,.T.);
#7818=ORIENTED_EDGE('',*,*,#5742,.T.);
#7819=ORIENTED_EDGE('',*,*,#5739,.T.);
#7820=ORIENTED_EDGE('',*,*,#5736,.T.);
#7821=ORIENTED_EDGE('',*,*,#5733,.T.);
#7822=ORIENTED_EDGE('',*,*,#5730,.T.);
#7823=ORIENTED_EDGE('',*,*,#5727,.T.);
#7824=ORIENTED_EDGE('',*,*,#5724,.T.);
#7825=ORIENTED_EDGE('',*,*,#5721,.T.);
#7826=ORIENTED_EDGE('',*,*,#5719,.T.);
#7827=ORIENTED_EDGE('',*,*,#5723,.T.);
#7828=ORIENTED_EDGE('',*,*,#5726,.T.);
#7829=ORIENTED_EDGE('',*,*,#5729,.T.);
#7830=ORIENTED_EDGE('',*,*,#5732,.T.);
#7831=ORIENTED_EDGE('',*,*,#5735,.T.);
#7832=ORIENTED_EDGE('',*,*,#5738,.T.);
#7833=ORIENTED_EDGE('',*,*,#5741,.T.);
#7834=ORIENTED_EDGE('',*,*,#5781,.F.);
#7835=ORIENTED_EDGE('',*,*,#5782,.T.);
#7836=ORIENTED_EDGE('',*,*,#5783,.F.);
#7837=ORIENTED_EDGE('',*,*,#5784,.F.);
#7838=ORIENTED_EDGE('',*,*,#5785,.F.);
#7839=ORIENTED_EDGE('',*,*,#5784,.T.);
#7840=ORIENTED_EDGE('',*,*,#5786,.F.);
#7841=ORIENTED_EDGE('',*,*,#5787,.F.);
#7842=ORIENTED_EDGE('',*,*,#5788,.F.);
#7843=ORIENTED_EDGE('',*,*,#5787,.T.);
#7844=ORIENTED_EDGE('',*,*,#5789,.F.);
#7845=ORIENTED_EDGE('',*,*,#5790,.F.);
#7846=ORIENTED_EDGE('',*,*,#5791,.F.);
#7847=ORIENTED_EDGE('',*,*,#5790,.T.);
#7848=ORIENTED_EDGE('',*,*,#5792,.F.);
#7849=ORIENTED_EDGE('',*,*,#5793,.F.);
#7850=ORIENTED_EDGE('',*,*,#5794,.F.);
#7851=ORIENTED_EDGE('',*,*,#5793,.T.);
#7852=ORIENTED_EDGE('',*,*,#5795,.F.);
#7853=ORIENTED_EDGE('',*,*,#5796,.F.);
#7854=ORIENTED_EDGE('',*,*,#5797,.F.);
#7855=ORIENTED_EDGE('',*,*,#5796,.T.);
#7856=ORIENTED_EDGE('',*,*,#5798,.F.);
#7857=ORIENTED_EDGE('',*,*,#5799,.F.);
#7858=ORIENTED_EDGE('',*,*,#5800,.F.);
#7859=ORIENTED_EDGE('',*,*,#5799,.T.);
#7860=ORIENTED_EDGE('',*,*,#5801,.F.);
#7861=ORIENTED_EDGE('',*,*,#5802,.F.);
#7862=ORIENTED_EDGE('',*,*,#5803,.F.);
#7863=ORIENTED_EDGE('',*,*,#5802,.T.);
#7864=ORIENTED_EDGE('',*,*,#5804,.F.);
#7865=ORIENTED_EDGE('',*,*,#5782,.F.);
#7866=ORIENTED_EDGE('',*,*,#5189,.F.);
#7867=ORIENTED_EDGE('',*,*,#5805,.T.);
#7868=ORIENTED_EDGE('',*,*,#5806,.F.);
#7869=ORIENTED_EDGE('',*,*,#5807,.F.);
#7870=ORIENTED_EDGE('',*,*,#5190,.F.);
#7871=ORIENTED_EDGE('',*,*,#5807,.T.);
#7872=ORIENTED_EDGE('',*,*,#5808,.F.);
#7873=ORIENTED_EDGE('',*,*,#5809,.F.);
#7874=ORIENTED_EDGE('',*,*,#5191,.F.);
#7875=ORIENTED_EDGE('',*,*,#5809,.T.);
#7876=ORIENTED_EDGE('',*,*,#5810,.F.);
#7877=ORIENTED_EDGE('',*,*,#5811,.F.);
#7878=ORIENTED_EDGE('',*,*,#5192,.F.);
#7879=ORIENTED_EDGE('',*,*,#5811,.T.);
#7880=ORIENTED_EDGE('',*,*,#5812,.F.);
#7881=ORIENTED_EDGE('',*,*,#5813,.F.);
#7882=ORIENTED_EDGE('',*,*,#5193,.F.);
#7883=ORIENTED_EDGE('',*,*,#5813,.T.);
#7884=ORIENTED_EDGE('',*,*,#5814,.F.);
#7885=ORIENTED_EDGE('',*,*,#5815,.F.);
#7886=ORIENTED_EDGE('',*,*,#5194,.F.);
#7887=ORIENTED_EDGE('',*,*,#5815,.T.);
#7888=ORIENTED_EDGE('',*,*,#5816,.F.);
#7889=ORIENTED_EDGE('',*,*,#5817,.F.);
#7890=ORIENTED_EDGE('',*,*,#5195,.F.);
#7891=ORIENTED_EDGE('',*,*,#5817,.T.);
#7892=ORIENTED_EDGE('',*,*,#5818,.F.);
#7893=ORIENTED_EDGE('',*,*,#5819,.F.);
#7894=ORIENTED_EDGE('',*,*,#5196,.F.);
#7895=ORIENTED_EDGE('',*,*,#5819,.T.);
#7896=ORIENTED_EDGE('',*,*,#5820,.F.);
#7897=ORIENTED_EDGE('',*,*,#5821,.F.);
#7898=ORIENTED_EDGE('',*,*,#5197,.F.);
#7899=ORIENTED_EDGE('',*,*,#5821,.T.);
#7900=ORIENTED_EDGE('',*,*,#5822,.F.);
#7901=ORIENTED_EDGE('',*,*,#5823,.F.);
#7902=ORIENTED_EDGE('',*,*,#5198,.F.);
#7903=ORIENTED_EDGE('',*,*,#5823,.T.);
#7904=ORIENTED_EDGE('',*,*,#5824,.F.);
#7905=ORIENTED_EDGE('',*,*,#5825,.F.);
#7906=ORIENTED_EDGE('',*,*,#5199,.F.);
#7907=ORIENTED_EDGE('',*,*,#5825,.T.);
#7908=ORIENTED_EDGE('',*,*,#5826,.F.);
#7909=ORIENTED_EDGE('',*,*,#5827,.F.);
#7910=ORIENTED_EDGE('',*,*,#5200,.F.);
#7911=ORIENTED_EDGE('',*,*,#5827,.T.);
#7912=ORIENTED_EDGE('',*,*,#5828,.F.);
#7913=ORIENTED_EDGE('',*,*,#5829,.F.);
#7914=ORIENTED_EDGE('',*,*,#5201,.F.);
#7915=ORIENTED_EDGE('',*,*,#5829,.T.);
#7916=ORIENTED_EDGE('',*,*,#5830,.F.);
#7917=ORIENTED_EDGE('',*,*,#5831,.F.);
#7918=ORIENTED_EDGE('',*,*,#5202,.F.);
#7919=ORIENTED_EDGE('',*,*,#5831,.T.);
#7920=ORIENTED_EDGE('',*,*,#5832,.F.);
#7921=ORIENTED_EDGE('',*,*,#5833,.F.);
#7922=ORIENTED_EDGE('',*,*,#5203,.F.);
#7923=ORIENTED_EDGE('',*,*,#5833,.T.);
#7924=ORIENTED_EDGE('',*,*,#5834,.F.);
#7925=ORIENTED_EDGE('',*,*,#5835,.F.);
#7926=ORIENTED_EDGE('',*,*,#5204,.F.);
#7927=ORIENTED_EDGE('',*,*,#5835,.T.);
#7928=ORIENTED_EDGE('',*,*,#5836,.F.);
#7929=ORIENTED_EDGE('',*,*,#5837,.F.);
#7930=ORIENTED_EDGE('',*,*,#5205,.F.);
#7931=ORIENTED_EDGE('',*,*,#5837,.T.);
#7932=ORIENTED_EDGE('',*,*,#5838,.F.);
#7933=ORIENTED_EDGE('',*,*,#5839,.F.);
#7934=ORIENTED_EDGE('',*,*,#5206,.F.);
#7935=ORIENTED_EDGE('',*,*,#5839,.T.);
#7936=ORIENTED_EDGE('',*,*,#5840,.F.);
#7937=ORIENTED_EDGE('',*,*,#5841,.F.);
#7938=ORIENTED_EDGE('',*,*,#5207,.F.);
#7939=ORIENTED_EDGE('',*,*,#5841,.T.);
#7940=ORIENTED_EDGE('',*,*,#5842,.F.);
#7941=ORIENTED_EDGE('',*,*,#5805,.F.);
#7942=ORIENTED_EDGE('',*,*,#5842,.T.);
#7943=ORIENTED_EDGE('',*,*,#5840,.T.);
#7944=ORIENTED_EDGE('',*,*,#5838,.T.);
#7945=ORIENTED_EDGE('',*,*,#5836,.T.);
#7946=ORIENTED_EDGE('',*,*,#5834,.T.);
#7947=ORIENTED_EDGE('',*,*,#5832,.T.);
#7948=ORIENTED_EDGE('',*,*,#5830,.T.);
#7949=ORIENTED_EDGE('',*,*,#5828,.T.);
#7950=ORIENTED_EDGE('',*,*,#5826,.T.);
#7951=ORIENTED_EDGE('',*,*,#5824,.T.);
#7952=ORIENTED_EDGE('',*,*,#5822,.T.);
#7953=ORIENTED_EDGE('',*,*,#5820,.T.);
#7954=ORIENTED_EDGE('',*,*,#5818,.T.);
#7955=ORIENTED_EDGE('',*,*,#5816,.T.);
#7956=ORIENTED_EDGE('',*,*,#5814,.T.);
#7957=ORIENTED_EDGE('',*,*,#5812,.T.);
#7958=ORIENTED_EDGE('',*,*,#5810,.T.);
#7959=ORIENTED_EDGE('',*,*,#5808,.T.);
#7960=ORIENTED_EDGE('',*,*,#5806,.T.);
#7961=ORIENTED_EDGE('',*,*,#5804,.T.);
#7962=ORIENTED_EDGE('',*,*,#5801,.T.);
#7963=ORIENTED_EDGE('',*,*,#5798,.T.);
#7964=ORIENTED_EDGE('',*,*,#5795,.T.);
#7965=ORIENTED_EDGE('',*,*,#5792,.T.);
#7966=ORIENTED_EDGE('',*,*,#5789,.T.);
#7967=ORIENTED_EDGE('',*,*,#5786,.T.);
#7968=ORIENTED_EDGE('',*,*,#5783,.T.);
#7969=ORIENTED_EDGE('',*,*,#5781,.T.);
#7970=ORIENTED_EDGE('',*,*,#5785,.T.);
#7971=ORIENTED_EDGE('',*,*,#5788,.T.);
#7972=ORIENTED_EDGE('',*,*,#5791,.T.);
#7973=ORIENTED_EDGE('',*,*,#5794,.T.);
#7974=ORIENTED_EDGE('',*,*,#5797,.T.);
#7975=ORIENTED_EDGE('',*,*,#5800,.T.);
#7976=ORIENTED_EDGE('',*,*,#5803,.T.);
#7977=ORIENTED_EDGE('',*,*,#5329,.F.);
#7978=ORIENTED_EDGE('',*,*,#5843,.T.);
#7979=ORIENTED_EDGE('',*,*,#5844,.F.);
#7980=ORIENTED_EDGE('',*,*,#5845,.F.);
#7981=ORIENTED_EDGE('',*,*,#5330,.F.);
#7982=ORIENTED_EDGE('',*,*,#5845,.T.);
#7983=ORIENTED_EDGE('',*,*,#5846,.F.);
#7984=ORIENTED_EDGE('',*,*,#5847,.F.);
#7985=ORIENTED_EDGE('',*,*,#5331,.F.);
#7986=ORIENTED_EDGE('',*,*,#5847,.T.);
#7987=ORIENTED_EDGE('',*,*,#5848,.F.);
#7988=ORIENTED_EDGE('',*,*,#5849,.F.);
#7989=ORIENTED_EDGE('',*,*,#5332,.F.);
#7990=ORIENTED_EDGE('',*,*,#5849,.T.);
#7991=ORIENTED_EDGE('',*,*,#5850,.F.);
#7992=ORIENTED_EDGE('',*,*,#5851,.F.);
#7993=ORIENTED_EDGE('',*,*,#5333,.F.);
#7994=ORIENTED_EDGE('',*,*,#5851,.T.);
#7995=ORIENTED_EDGE('',*,*,#5852,.F.);
#7996=ORIENTED_EDGE('',*,*,#5853,.F.);
#7997=ORIENTED_EDGE('',*,*,#5334,.F.);
#7998=ORIENTED_EDGE('',*,*,#5853,.T.);
#7999=ORIENTED_EDGE('',*,*,#5854,.F.);
#8000=ORIENTED_EDGE('',*,*,#5855,.F.);
#8001=ORIENTED_EDGE('',*,*,#5335,.F.);
#8002=ORIENTED_EDGE('',*,*,#5855,.T.);
#8003=ORIENTED_EDGE('',*,*,#5856,.F.);
#8004=ORIENTED_EDGE('',*,*,#5857,.F.);
#8005=ORIENTED_EDGE('',*,*,#5336,.F.);
#8006=ORIENTED_EDGE('',*,*,#5857,.T.);
#8007=ORIENTED_EDGE('',*,*,#5858,.F.);
#8008=ORIENTED_EDGE('',*,*,#5859,.F.);
#8009=ORIENTED_EDGE('',*,*,#5337,.F.);
#8010=ORIENTED_EDGE('',*,*,#5859,.T.);
#8011=ORIENTED_EDGE('',*,*,#5860,.F.);
#8012=ORIENTED_EDGE('',*,*,#5843,.F.);
#8013=ORIENTED_EDGE('',*,*,#5860,.T.);
#8014=ORIENTED_EDGE('',*,*,#5858,.T.);
#8015=ORIENTED_EDGE('',*,*,#5856,.T.);
#8016=ORIENTED_EDGE('',*,*,#5854,.T.);
#8017=ORIENTED_EDGE('',*,*,#5852,.T.);
#8018=ORIENTED_EDGE('',*,*,#5850,.T.);
#8019=ORIENTED_EDGE('',*,*,#5848,.T.);
#8020=ORIENTED_EDGE('',*,*,#5846,.T.);
#8021=ORIENTED_EDGE('',*,*,#5844,.T.);
#8022=ORIENTED_EDGE('',*,*,#5208,.F.);
#8023=ORIENTED_EDGE('',*,*,#5861,.T.);
#8024=ORIENTED_EDGE('',*,*,#5862,.F.);
#8025=ORIENTED_EDGE('',*,*,#5863,.F.);
#8026=ORIENTED_EDGE('',*,*,#5209,.F.);
#8027=ORIENTED_EDGE('',*,*,#5863,.T.);
#8028=ORIENTED_EDGE('',*,*,#5864,.F.);
#8029=ORIENTED_EDGE('',*,*,#5865,.F.);
#8030=ORIENTED_EDGE('',*,*,#5210,.F.);
#8031=ORIENTED_EDGE('',*,*,#5865,.T.);
#8032=ORIENTED_EDGE('',*,*,#5866,.F.);
#8033=ORIENTED_EDGE('',*,*,#5867,.F.);
#8034=ORIENTED_EDGE('',*,*,#5211,.F.);
#8035=ORIENTED_EDGE('',*,*,#5867,.T.);
#8036=ORIENTED_EDGE('',*,*,#5868,.F.);
#8037=ORIENTED_EDGE('',*,*,#5869,.F.);
#8038=ORIENTED_EDGE('',*,*,#5212,.F.);
#8039=ORIENTED_EDGE('',*,*,#5869,.T.);
#8040=ORIENTED_EDGE('',*,*,#5870,.F.);
#8041=ORIENTED_EDGE('',*,*,#5871,.F.);
#8042=ORIENTED_EDGE('',*,*,#5213,.F.);
#8043=ORIENTED_EDGE('',*,*,#5871,.T.);
#8044=ORIENTED_EDGE('',*,*,#5872,.F.);
#8045=ORIENTED_EDGE('',*,*,#5873,.F.);
#8046=ORIENTED_EDGE('',*,*,#5214,.F.);
#8047=ORIENTED_EDGE('',*,*,#5873,.T.);
#8048=ORIENTED_EDGE('',*,*,#5874,.F.);
#8049=ORIENTED_EDGE('',*,*,#5875,.F.);
#8050=ORIENTED_EDGE('',*,*,#5215,.F.);
#8051=ORIENTED_EDGE('',*,*,#5875,.T.);
#8052=ORIENTED_EDGE('',*,*,#5876,.F.);
#8053=ORIENTED_EDGE('',*,*,#5877,.F.);
#8054=ORIENTED_EDGE('',*,*,#5216,.F.);
#8055=ORIENTED_EDGE('',*,*,#5877,.T.);
#8056=ORIENTED_EDGE('',*,*,#5878,.F.);
#8057=ORIENTED_EDGE('',*,*,#5879,.F.);
#8058=ORIENTED_EDGE('',*,*,#5217,.F.);
#8059=ORIENTED_EDGE('',*,*,#5879,.T.);
#8060=ORIENTED_EDGE('',*,*,#5880,.F.);
#8061=ORIENTED_EDGE('',*,*,#5881,.F.);
#8062=ORIENTED_EDGE('',*,*,#5218,.F.);
#8063=ORIENTED_EDGE('',*,*,#5881,.T.);
#8064=ORIENTED_EDGE('',*,*,#5882,.F.);
#8065=ORIENTED_EDGE('',*,*,#5883,.F.);
#8066=ORIENTED_EDGE('',*,*,#5219,.F.);
#8067=ORIENTED_EDGE('',*,*,#5883,.T.);
#8068=ORIENTED_EDGE('',*,*,#5884,.F.);
#8069=ORIENTED_EDGE('',*,*,#5885,.F.);
#8070=ORIENTED_EDGE('',*,*,#5220,.F.);
#8071=ORIENTED_EDGE('',*,*,#5885,.T.);
#8072=ORIENTED_EDGE('',*,*,#5886,.F.);
#8073=ORIENTED_EDGE('',*,*,#5887,.F.);
#8074=ORIENTED_EDGE('',*,*,#5221,.F.);
#8075=ORIENTED_EDGE('',*,*,#5887,.T.);
#8076=ORIENTED_EDGE('',*,*,#5888,.F.);
#8077=ORIENTED_EDGE('',*,*,#5889,.F.);
#8078=ORIENTED_EDGE('',*,*,#5222,.F.);
#8079=ORIENTED_EDGE('',*,*,#5889,.T.);
#8080=ORIENTED_EDGE('',*,*,#5890,.F.);
#8081=ORIENTED_EDGE('',*,*,#5891,.F.);
#8082=ORIENTED_EDGE('',*,*,#5223,.F.);
#8083=ORIENTED_EDGE('',*,*,#5891,.T.);
#8084=ORIENTED_EDGE('',*,*,#5892,.F.);
#8085=ORIENTED_EDGE('',*,*,#5893,.F.);
#8086=ORIENTED_EDGE('',*,*,#5224,.F.);
#8087=ORIENTED_EDGE('',*,*,#5893,.T.);
#8088=ORIENTED_EDGE('',*,*,#5894,.F.);
#8089=ORIENTED_EDGE('',*,*,#5895,.F.);
#8090=ORIENTED_EDGE('',*,*,#5225,.F.);
#8091=ORIENTED_EDGE('',*,*,#5895,.T.);
#8092=ORIENTED_EDGE('',*,*,#5896,.F.);
#8093=ORIENTED_EDGE('',*,*,#5897,.F.);
#8094=ORIENTED_EDGE('',*,*,#5226,.F.);
#8095=ORIENTED_EDGE('',*,*,#5897,.T.);
#8096=ORIENTED_EDGE('',*,*,#5898,.F.);
#8097=ORIENTED_EDGE('',*,*,#5899,.F.);
#8098=ORIENTED_EDGE('',*,*,#5227,.F.);
#8099=ORIENTED_EDGE('',*,*,#5899,.T.);
#8100=ORIENTED_EDGE('',*,*,#5900,.F.);
#8101=ORIENTED_EDGE('',*,*,#5901,.F.);
#8102=ORIENTED_EDGE('',*,*,#5228,.F.);
#8103=ORIENTED_EDGE('',*,*,#5901,.T.);
#8104=ORIENTED_EDGE('',*,*,#5902,.F.);
#8105=ORIENTED_EDGE('',*,*,#5903,.F.);
#8106=ORIENTED_EDGE('',*,*,#5229,.F.);
#8107=ORIENTED_EDGE('',*,*,#5903,.T.);
#8108=ORIENTED_EDGE('',*,*,#5904,.F.);
#8109=ORIENTED_EDGE('',*,*,#5905,.F.);
#8110=ORIENTED_EDGE('',*,*,#5230,.F.);
#8111=ORIENTED_EDGE('',*,*,#5905,.T.);
#8112=ORIENTED_EDGE('',*,*,#5906,.F.);
#8113=ORIENTED_EDGE('',*,*,#5907,.F.);
#8114=ORIENTED_EDGE('',*,*,#5231,.F.);
#8115=ORIENTED_EDGE('',*,*,#5907,.T.);
#8116=ORIENTED_EDGE('',*,*,#5908,.F.);
#8117=ORIENTED_EDGE('',*,*,#5909,.F.);
#8118=ORIENTED_EDGE('',*,*,#5232,.F.);
#8119=ORIENTED_EDGE('',*,*,#5909,.T.);
#8120=ORIENTED_EDGE('',*,*,#5910,.F.);
#8121=ORIENTED_EDGE('',*,*,#5911,.F.);
#8122=ORIENTED_EDGE('',*,*,#5233,.F.);
#8123=ORIENTED_EDGE('',*,*,#5911,.T.);
#8124=ORIENTED_EDGE('',*,*,#5912,.F.);
#8125=ORIENTED_EDGE('',*,*,#5913,.F.);
#8126=ORIENTED_EDGE('',*,*,#5234,.F.);
#8127=ORIENTED_EDGE('',*,*,#5913,.T.);
#8128=ORIENTED_EDGE('',*,*,#5914,.F.);
#8129=ORIENTED_EDGE('',*,*,#5915,.F.);
#8130=ORIENTED_EDGE('',*,*,#5235,.F.);
#8131=ORIENTED_EDGE('',*,*,#5915,.T.);
#8132=ORIENTED_EDGE('',*,*,#5916,.F.);
#8133=ORIENTED_EDGE('',*,*,#5917,.F.);
#8134=ORIENTED_EDGE('',*,*,#5236,.F.);
#8135=ORIENTED_EDGE('',*,*,#5917,.T.);
#8136=ORIENTED_EDGE('',*,*,#5918,.F.);
#8137=ORIENTED_EDGE('',*,*,#5861,.F.);
#8138=ORIENTED_EDGE('',*,*,#5918,.T.);
#8139=ORIENTED_EDGE('',*,*,#5916,.T.);
#8140=ORIENTED_EDGE('',*,*,#5914,.T.);
#8141=ORIENTED_EDGE('',*,*,#5912,.T.);
#8142=ORIENTED_EDGE('',*,*,#5910,.T.);
#8143=ORIENTED_EDGE('',*,*,#5908,.T.);
#8144=ORIENTED_EDGE('',*,*,#5906,.T.);
#8145=ORIENTED_EDGE('',*,*,#5904,.T.);
#8146=ORIENTED_EDGE('',*,*,#5902,.T.);
#8147=ORIENTED_EDGE('',*,*,#5900,.T.);
#8148=ORIENTED_EDGE('',*,*,#5898,.T.);
#8149=ORIENTED_EDGE('',*,*,#5896,.T.);
#8150=ORIENTED_EDGE('',*,*,#5894,.T.);
#8151=ORIENTED_EDGE('',*,*,#5892,.T.);
#8152=ORIENTED_EDGE('',*,*,#5890,.T.);
#8153=ORIENTED_EDGE('',*,*,#5888,.T.);
#8154=ORIENTED_EDGE('',*,*,#5886,.T.);
#8155=ORIENTED_EDGE('',*,*,#5884,.T.);
#8156=ORIENTED_EDGE('',*,*,#5882,.T.);
#8157=ORIENTED_EDGE('',*,*,#5880,.T.);
#8158=ORIENTED_EDGE('',*,*,#5878,.T.);
#8159=ORIENTED_EDGE('',*,*,#5876,.T.);
#8160=ORIENTED_EDGE('',*,*,#5874,.T.);
#8161=ORIENTED_EDGE('',*,*,#5872,.T.);
#8162=ORIENTED_EDGE('',*,*,#5870,.T.);
#8163=ORIENTED_EDGE('',*,*,#5868,.T.);
#8164=ORIENTED_EDGE('',*,*,#5866,.T.);
#8165=ORIENTED_EDGE('',*,*,#5864,.T.);
#8166=ORIENTED_EDGE('',*,*,#5862,.T.);
#8167=ORIENTED_EDGE('',*,*,#5321,.F.);
#8168=ORIENTED_EDGE('',*,*,#5919,.T.);
#8169=ORIENTED_EDGE('',*,*,#5920,.F.);
#8170=ORIENTED_EDGE('',*,*,#5921,.F.);
#8171=ORIENTED_EDGE('',*,*,#5322,.F.);
#8172=ORIENTED_EDGE('',*,*,#5921,.T.);
#8173=ORIENTED_EDGE('',*,*,#5922,.F.);
#8174=ORIENTED_EDGE('',*,*,#5923,.F.);
#8175=ORIENTED_EDGE('',*,*,#5323,.F.);
#8176=ORIENTED_EDGE('',*,*,#5923,.T.);
#8177=ORIENTED_EDGE('',*,*,#5924,.F.);
#8178=ORIENTED_EDGE('',*,*,#5925,.F.);
#8179=ORIENTED_EDGE('',*,*,#5324,.F.);
#8180=ORIENTED_EDGE('',*,*,#5925,.T.);
#8181=ORIENTED_EDGE('',*,*,#5926,.F.);
#8182=ORIENTED_EDGE('',*,*,#5927,.F.);
#8183=ORIENTED_EDGE('',*,*,#5325,.F.);
#8184=ORIENTED_EDGE('',*,*,#5927,.T.);
#8185=ORIENTED_EDGE('',*,*,#5928,.F.);
#8186=ORIENTED_EDGE('',*,*,#5929,.F.);
#8187=ORIENTED_EDGE('',*,*,#5326,.F.);
#8188=ORIENTED_EDGE('',*,*,#5929,.T.);
#8189=ORIENTED_EDGE('',*,*,#5930,.F.);
#8190=ORIENTED_EDGE('',*,*,#5931,.F.);
#8191=ORIENTED_EDGE('',*,*,#5327,.F.);
#8192=ORIENTED_EDGE('',*,*,#5931,.T.);
#8193=ORIENTED_EDGE('',*,*,#5932,.F.);
#8194=ORIENTED_EDGE('',*,*,#5933,.F.);
#8195=ORIENTED_EDGE('',*,*,#5328,.F.);
#8196=ORIENTED_EDGE('',*,*,#5933,.T.);
#8197=ORIENTED_EDGE('',*,*,#5934,.F.);
#8198=ORIENTED_EDGE('',*,*,#5919,.F.);
#8199=ORIENTED_EDGE('',*,*,#5934,.T.);
#8200=ORIENTED_EDGE('',*,*,#5932,.T.);
#8201=ORIENTED_EDGE('',*,*,#5930,.T.);
#8202=ORIENTED_EDGE('',*,*,#5928,.T.);
#8203=ORIENTED_EDGE('',*,*,#5926,.T.);
#8204=ORIENTED_EDGE('',*,*,#5924,.T.);
#8205=ORIENTED_EDGE('',*,*,#5922,.T.);
#8206=ORIENTED_EDGE('',*,*,#5920,.T.);
#8207=ORIENTED_EDGE('',*,*,#5935,.F.);
#8208=ORIENTED_EDGE('',*,*,#5936,.T.);
#8209=ORIENTED_EDGE('',*,*,#5937,.F.);
#8210=ORIENTED_EDGE('',*,*,#5938,.F.);
#8211=ORIENTED_EDGE('',*,*,#5939,.F.);
#8212=ORIENTED_EDGE('',*,*,#5938,.T.);
#8213=ORIENTED_EDGE('',*,*,#5940,.F.);
#8214=ORIENTED_EDGE('',*,*,#5941,.F.);
#8215=ORIENTED_EDGE('',*,*,#5942,.F.);
#8216=ORIENTED_EDGE('',*,*,#5941,.T.);
#8217=ORIENTED_EDGE('',*,*,#5943,.F.);
#8218=ORIENTED_EDGE('',*,*,#5944,.F.);
#8219=ORIENTED_EDGE('',*,*,#5945,.F.);
#8220=ORIENTED_EDGE('',*,*,#5944,.T.);
#8221=ORIENTED_EDGE('',*,*,#5946,.F.);
#8222=ORIENTED_EDGE('',*,*,#5947,.F.);
#8223=ORIENTED_EDGE('',*,*,#5948,.F.);
#8224=ORIENTED_EDGE('',*,*,#5947,.T.);
#8225=ORIENTED_EDGE('',*,*,#5949,.F.);
#8226=ORIENTED_EDGE('',*,*,#5950,.F.);
#8227=ORIENTED_EDGE('',*,*,#5951,.F.);
#8228=ORIENTED_EDGE('',*,*,#5950,.T.);
#8229=ORIENTED_EDGE('',*,*,#5952,.F.);
#8230=ORIENTED_EDGE('',*,*,#5953,.F.);
#8231=ORIENTED_EDGE('',*,*,#5954,.F.);
#8232=ORIENTED_EDGE('',*,*,#5953,.T.);
#8233=ORIENTED_EDGE('',*,*,#5955,.F.);
#8234=ORIENTED_EDGE('',*,*,#5956,.F.);
#8235=ORIENTED_EDGE('',*,*,#5957,.F.);
#8236=ORIENTED_EDGE('',*,*,#5956,.T.);
#8237=ORIENTED_EDGE('',*,*,#5958,.F.);
#8238=ORIENTED_EDGE('',*,*,#5959,.F.);
#8239=ORIENTED_EDGE('',*,*,#5960,.F.);
#8240=ORIENTED_EDGE('',*,*,#5959,.T.);
#8241=ORIENTED_EDGE('',*,*,#5961,.F.);
#8242=ORIENTED_EDGE('',*,*,#5936,.F.);
#8243=ORIENTED_EDGE('',*,*,#5237,.F.);
#8244=ORIENTED_EDGE('',*,*,#5962,.T.);
#8245=ORIENTED_EDGE('',*,*,#5963,.F.);
#8246=ORIENTED_EDGE('',*,*,#5964,.F.);
#8247=ORIENTED_EDGE('',*,*,#5238,.F.);
#8248=ORIENTED_EDGE('',*,*,#5964,.T.);
#8249=ORIENTED_EDGE('',*,*,#5965,.F.);
#8250=ORIENTED_EDGE('',*,*,#5966,.F.);
#8251=ORIENTED_EDGE('',*,*,#5239,.F.);
#8252=ORIENTED_EDGE('',*,*,#5966,.T.);
#8253=ORIENTED_EDGE('',*,*,#5967,.F.);
#8254=ORIENTED_EDGE('',*,*,#5968,.F.);
#8255=ORIENTED_EDGE('',*,*,#5240,.F.);
#8256=ORIENTED_EDGE('',*,*,#5968,.T.);
#8257=ORIENTED_EDGE('',*,*,#5969,.F.);
#8258=ORIENTED_EDGE('',*,*,#5970,.F.);
#8259=ORIENTED_EDGE('',*,*,#5241,.F.);
#8260=ORIENTED_EDGE('',*,*,#5970,.T.);
#8261=ORIENTED_EDGE('',*,*,#5971,.F.);
#8262=ORIENTED_EDGE('',*,*,#5972,.F.);
#8263=ORIENTED_EDGE('',*,*,#5242,.F.);
#8264=ORIENTED_EDGE('',*,*,#5972,.T.);
#8265=ORIENTED_EDGE('',*,*,#5973,.F.);
#8266=ORIENTED_EDGE('',*,*,#5974,.F.);
#8267=ORIENTED_EDGE('',*,*,#5243,.F.);
#8268=ORIENTED_EDGE('',*,*,#5974,.T.);
#8269=ORIENTED_EDGE('',*,*,#5975,.F.);
#8270=ORIENTED_EDGE('',*,*,#5976,.F.);
#8271=ORIENTED_EDGE('',*,*,#5244,.F.);
#8272=ORIENTED_EDGE('',*,*,#5976,.T.);
#8273=ORIENTED_EDGE('',*,*,#5977,.F.);
#8274=ORIENTED_EDGE('',*,*,#5978,.F.);
#8275=ORIENTED_EDGE('',*,*,#5245,.F.);
#8276=ORIENTED_EDGE('',*,*,#5978,.T.);
#8277=ORIENTED_EDGE('',*,*,#5979,.F.);
#8278=ORIENTED_EDGE('',*,*,#5980,.F.);
#8279=ORIENTED_EDGE('',*,*,#5246,.F.);
#8280=ORIENTED_EDGE('',*,*,#5980,.T.);
#8281=ORIENTED_EDGE('',*,*,#5981,.F.);
#8282=ORIENTED_EDGE('',*,*,#5982,.F.);
#8283=ORIENTED_EDGE('',*,*,#5247,.F.);
#8284=ORIENTED_EDGE('',*,*,#5982,.T.);
#8285=ORIENTED_EDGE('',*,*,#5983,.F.);
#8286=ORIENTED_EDGE('',*,*,#5962,.F.);
#8287=ORIENTED_EDGE('',*,*,#5983,.T.);
#8288=ORIENTED_EDGE('',*,*,#5981,.T.);
#8289=ORIENTED_EDGE('',*,*,#5979,.T.);
#8290=ORIENTED_EDGE('',*,*,#5977,.T.);
#8291=ORIENTED_EDGE('',*,*,#5975,.T.);
#8292=ORIENTED_EDGE('',*,*,#5973,.T.);
#8293=ORIENTED_EDGE('',*,*,#5971,.T.);
#8294=ORIENTED_EDGE('',*,*,#5969,.T.);
#8295=ORIENTED_EDGE('',*,*,#5967,.T.);
#8296=ORIENTED_EDGE('',*,*,#5965,.T.);
#8297=ORIENTED_EDGE('',*,*,#5963,.T.);
#8298=ORIENTED_EDGE('',*,*,#5961,.T.);
#8299=ORIENTED_EDGE('',*,*,#5958,.T.);
#8300=ORIENTED_EDGE('',*,*,#5955,.T.);
#8301=ORIENTED_EDGE('',*,*,#5952,.T.);
#8302=ORIENTED_EDGE('',*,*,#5949,.T.);
#8303=ORIENTED_EDGE('',*,*,#5946,.T.);
#8304=ORIENTED_EDGE('',*,*,#5943,.T.);
#8305=ORIENTED_EDGE('',*,*,#5940,.T.);
#8306=ORIENTED_EDGE('',*,*,#5937,.T.);
#8307=ORIENTED_EDGE('',*,*,#5935,.T.);
#8308=ORIENTED_EDGE('',*,*,#5939,.T.);
#8309=ORIENTED_EDGE('',*,*,#5942,.T.);
#8310=ORIENTED_EDGE('',*,*,#5945,.T.);
#8311=ORIENTED_EDGE('',*,*,#5948,.T.);
#8312=ORIENTED_EDGE('',*,*,#5951,.T.);
#8313=ORIENTED_EDGE('',*,*,#5954,.T.);
#8314=ORIENTED_EDGE('',*,*,#5957,.T.);
#8315=ORIENTED_EDGE('',*,*,#5960,.T.);
#8316=ORIENTED_EDGE('',*,*,#5984,.F.);
#8317=ORIENTED_EDGE('',*,*,#5985,.T.);
#8318=ORIENTED_EDGE('',*,*,#5986,.F.);
#8319=ORIENTED_EDGE('',*,*,#5987,.F.);
#8320=ORIENTED_EDGE('',*,*,#5988,.F.);
#8321=ORIENTED_EDGE('',*,*,#5987,.T.);
#8322=ORIENTED_EDGE('',*,*,#5989,.F.);
#8323=ORIENTED_EDGE('',*,*,#5990,.F.);
#8324=ORIENTED_EDGE('',*,*,#5991,.F.);
#8325=ORIENTED_EDGE('',*,*,#5990,.T.);
#8326=ORIENTED_EDGE('',*,*,#5992,.F.);
#8327=ORIENTED_EDGE('',*,*,#5993,.F.);
#8328=ORIENTED_EDGE('',*,*,#5994,.F.);
#8329=ORIENTED_EDGE('',*,*,#5993,.T.);
#8330=ORIENTED_EDGE('',*,*,#5995,.F.);
#8331=ORIENTED_EDGE('',*,*,#5996,.F.);
#8332=ORIENTED_EDGE('',*,*,#5997,.F.);
#8333=ORIENTED_EDGE('',*,*,#5996,.T.);
#8334=ORIENTED_EDGE('',*,*,#5998,.F.);
#8335=ORIENTED_EDGE('',*,*,#5985,.F.);
#8336=ORIENTED_EDGE('',*,*,#5313,.F.);
#8337=ORIENTED_EDGE('',*,*,#5999,.T.);
#8338=ORIENTED_EDGE('',*,*,#6000,.F.);
#8339=ORIENTED_EDGE('',*,*,#6001,.F.);
#8340=ORIENTED_EDGE('',*,*,#5314,.F.);
#8341=ORIENTED_EDGE('',*,*,#6001,.T.);
#8342=ORIENTED_EDGE('',*,*,#6002,.F.);
#8343=ORIENTED_EDGE('',*,*,#6003,.F.);
#8344=ORIENTED_EDGE('',*,*,#5315,.F.);
#8345=ORIENTED_EDGE('',*,*,#6003,.T.);
#8346=ORIENTED_EDGE('',*,*,#6004,.F.);
#8347=ORIENTED_EDGE('',*,*,#6005,.F.);
#8348=ORIENTED_EDGE('',*,*,#5316,.F.);
#8349=ORIENTED_EDGE('',*,*,#6005,.T.);
#8350=ORIENTED_EDGE('',*,*,#6006,.F.);
#8351=ORIENTED_EDGE('',*,*,#6007,.F.);
#8352=ORIENTED_EDGE('',*,*,#5317,.F.);
#8353=ORIENTED_EDGE('',*,*,#6007,.T.);
#8354=ORIENTED_EDGE('',*,*,#6008,.F.);
#8355=ORIENTED_EDGE('',*,*,#6009,.F.);
#8356=ORIENTED_EDGE('',*,*,#5318,.F.);
#8357=ORIENTED_EDGE('',*,*,#6009,.T.);
#8358=ORIENTED_EDGE('',*,*,#6010,.F.);
#8359=ORIENTED_EDGE('',*,*,#6011,.F.);
#8360=ORIENTED_EDGE('',*,*,#5319,.F.);
#8361=ORIENTED_EDGE('',*,*,#6011,.T.);
#8362=ORIENTED_EDGE('',*,*,#6012,.F.);
#8363=ORIENTED_EDGE('',*,*,#6013,.F.);
#8364=ORIENTED_EDGE('',*,*,#5320,.F.);
#8365=ORIENTED_EDGE('',*,*,#6013,.T.);
#8366=ORIENTED_EDGE('',*,*,#6014,.F.);
#8367=ORIENTED_EDGE('',*,*,#5999,.F.);
#8368=ORIENTED_EDGE('',*,*,#6014,.T.);
#8369=ORIENTED_EDGE('',*,*,#6012,.T.);
#8370=ORIENTED_EDGE('',*,*,#6010,.T.);
#8371=ORIENTED_EDGE('',*,*,#6008,.T.);
#8372=ORIENTED_EDGE('',*,*,#6006,.T.);
#8373=ORIENTED_EDGE('',*,*,#6004,.T.);
#8374=ORIENTED_EDGE('',*,*,#6002,.T.);
#8375=ORIENTED_EDGE('',*,*,#6000,.T.);
#8376=ORIENTED_EDGE('',*,*,#5998,.T.);
#8377=ORIENTED_EDGE('',*,*,#5995,.T.);
#8378=ORIENTED_EDGE('',*,*,#5992,.T.);
#8379=ORIENTED_EDGE('',*,*,#5989,.T.);
#8380=ORIENTED_EDGE('',*,*,#5986,.T.);
#8381=ORIENTED_EDGE('',*,*,#5984,.T.);
#8382=ORIENTED_EDGE('',*,*,#5988,.T.);
#8383=ORIENTED_EDGE('',*,*,#5991,.T.);
#8384=ORIENTED_EDGE('',*,*,#5994,.T.);
#8385=ORIENTED_EDGE('',*,*,#5997,.T.);
#8386=ORIENTED_EDGE('',*,*,#5248,.F.);
#8387=ORIENTED_EDGE('',*,*,#6015,.T.);
#8388=ORIENTED_EDGE('',*,*,#6016,.F.);
#8389=ORIENTED_EDGE('',*,*,#6017,.F.);
#8390=ORIENTED_EDGE('',*,*,#5249,.F.);
#8391=ORIENTED_EDGE('',*,*,#6017,.T.);
#8392=ORIENTED_EDGE('',*,*,#6018,.F.);
#8393=ORIENTED_EDGE('',*,*,#6019,.F.);
#8394=ORIENTED_EDGE('',*,*,#5250,.F.);
#8395=ORIENTED_EDGE('',*,*,#6019,.T.);
#8396=ORIENTED_EDGE('',*,*,#6020,.F.);
#8397=ORIENTED_EDGE('',*,*,#6021,.F.);
#8398=ORIENTED_EDGE('',*,*,#5251,.F.);
#8399=ORIENTED_EDGE('',*,*,#6021,.T.);
#8400=ORIENTED_EDGE('',*,*,#6022,.F.);
#8401=ORIENTED_EDGE('',*,*,#6015,.F.);
#8402=ORIENTED_EDGE('',*,*,#6022,.T.);
#8403=ORIENTED_EDGE('',*,*,#6020,.T.);
#8404=ORIENTED_EDGE('',*,*,#6018,.T.);
#8405=ORIENTED_EDGE('',*,*,#6016,.T.);
#8406=ORIENTED_EDGE('',*,*,#6023,.F.);
#8407=ORIENTED_EDGE('',*,*,#6024,.T.);
#8408=ORIENTED_EDGE('',*,*,#6025,.F.);
#8409=ORIENTED_EDGE('',*,*,#6026,.F.);
#8410=ORIENTED_EDGE('',*,*,#6027,.F.);
#8411=ORIENTED_EDGE('',*,*,#6026,.T.);
#8412=ORIENTED_EDGE('',*,*,#6028,.F.);
#8413=ORIENTED_EDGE('',*,*,#6029,.F.);
#8414=ORIENTED_EDGE('',*,*,#6030,.F.);
#8415=ORIENTED_EDGE('',*,*,#6029,.T.);
#8416=ORIENTED_EDGE('',*,*,#6031,.F.);
#8417=ORIENTED_EDGE('',*,*,#6032,.F.);
#8418=ORIENTED_EDGE('',*,*,#6033,.F.);
#8419=ORIENTED_EDGE('',*,*,#6032,.T.);
#8420=ORIENTED_EDGE('',*,*,#6034,.F.);
#8421=ORIENTED_EDGE('',*,*,#6035,.F.);
#8422=ORIENTED_EDGE('',*,*,#6036,.F.);
#8423=ORIENTED_EDGE('',*,*,#6035,.T.);
#8424=ORIENTED_EDGE('',*,*,#6037,.F.);
#8425=ORIENTED_EDGE('',*,*,#6024,.F.);
#8426=ORIENTED_EDGE('',*,*,#5305,.F.);
#8427=ORIENTED_EDGE('',*,*,#6038,.T.);
#8428=ORIENTED_EDGE('',*,*,#6039,.F.);
#8429=ORIENTED_EDGE('',*,*,#6040,.F.);
#8430=ORIENTED_EDGE('',*,*,#5306,.F.);
#8431=ORIENTED_EDGE('',*,*,#6040,.T.);
#8432=ORIENTED_EDGE('',*,*,#6041,.F.);
#8433=ORIENTED_EDGE('',*,*,#6042,.F.);
#8434=ORIENTED_EDGE('',*,*,#5307,.F.);
#8435=ORIENTED_EDGE('',*,*,#6042,.T.);
#8436=ORIENTED_EDGE('',*,*,#6043,.F.);
#8437=ORIENTED_EDGE('',*,*,#6044,.F.);
#8438=ORIENTED_EDGE('',*,*,#5308,.F.);
#8439=ORIENTED_EDGE('',*,*,#6044,.T.);
#8440=ORIENTED_EDGE('',*,*,#6045,.F.);
#8441=ORIENTED_EDGE('',*,*,#6046,.F.);
#8442=ORIENTED_EDGE('',*,*,#5309,.F.);
#8443=ORIENTED_EDGE('',*,*,#6046,.T.);
#8444=ORIENTED_EDGE('',*,*,#6047,.F.);
#8445=ORIENTED_EDGE('',*,*,#6048,.F.);
#8446=ORIENTED_EDGE('',*,*,#5310,.F.);
#8447=ORIENTED_EDGE('',*,*,#6048,.T.);
#8448=ORIENTED_EDGE('',*,*,#6049,.F.);
#8449=ORIENTED_EDGE('',*,*,#6050,.F.);
#8450=ORIENTED_EDGE('',*,*,#5311,.F.);
#8451=ORIENTED_EDGE('',*,*,#6050,.T.);
#8452=ORIENTED_EDGE('',*,*,#6051,.F.);
#8453=ORIENTED_EDGE('',*,*,#6052,.F.);
#8454=ORIENTED_EDGE('',*,*,#5312,.F.);
#8455=ORIENTED_EDGE('',*,*,#6052,.T.);
#8456=ORIENTED_EDGE('',*,*,#6053,.F.);
#8457=ORIENTED_EDGE('',*,*,#6038,.F.);
#8458=ORIENTED_EDGE('',*,*,#6053,.T.);
#8459=ORIENTED_EDGE('',*,*,#6051,.T.);
#8460=ORIENTED_EDGE('',*,*,#6049,.T.);
#8461=ORIENTED_EDGE('',*,*,#6047,.T.);
#8462=ORIENTED_EDGE('',*,*,#6045,.T.);
#8463=ORIENTED_EDGE('',*,*,#6043,.T.);
#8464=ORIENTED_EDGE('',*,*,#6041,.T.);
#8465=ORIENTED_EDGE('',*,*,#6039,.T.);
#8466=ORIENTED_EDGE('',*,*,#6037,.T.);
#8467=ORIENTED_EDGE('',*,*,#6034,.T.);
#8468=ORIENTED_EDGE('',*,*,#6031,.T.);
#8469=ORIENTED_EDGE('',*,*,#6028,.T.);
#8470=ORIENTED_EDGE('',*,*,#6025,.T.);
#8471=ORIENTED_EDGE('',*,*,#6023,.T.);
#8472=ORIENTED_EDGE('',*,*,#6027,.T.);
#8473=ORIENTED_EDGE('',*,*,#6030,.T.);
#8474=ORIENTED_EDGE('',*,*,#6033,.T.);
#8475=ORIENTED_EDGE('',*,*,#6036,.T.);
#8476=ORIENTED_EDGE('',*,*,#5252,.F.);
#8477=ORIENTED_EDGE('',*,*,#6054,.T.);
#8478=ORIENTED_EDGE('',*,*,#6055,.F.);
#8479=ORIENTED_EDGE('',*,*,#6056,.F.);
#8480=ORIENTED_EDGE('',*,*,#5253,.F.);
#8481=ORIENTED_EDGE('',*,*,#6056,.T.);
#8482=ORIENTED_EDGE('',*,*,#6057,.F.);
#8483=ORIENTED_EDGE('',*,*,#6058,.F.);
#8484=ORIENTED_EDGE('',*,*,#5254,.F.);
#8485=ORIENTED_EDGE('',*,*,#6058,.T.);
#8486=ORIENTED_EDGE('',*,*,#6059,.F.);
#8487=ORIENTED_EDGE('',*,*,#6060,.F.);
#8488=ORIENTED_EDGE('',*,*,#5255,.F.);
#8489=ORIENTED_EDGE('',*,*,#6060,.T.);
#8490=ORIENTED_EDGE('',*,*,#6061,.F.);
#8491=ORIENTED_EDGE('',*,*,#6062,.F.);
#8492=ORIENTED_EDGE('',*,*,#5256,.F.);
#8493=ORIENTED_EDGE('',*,*,#6062,.T.);
#8494=ORIENTED_EDGE('',*,*,#6063,.F.);
#8495=ORIENTED_EDGE('',*,*,#6064,.F.);
#8496=ORIENTED_EDGE('',*,*,#5257,.F.);
#8497=ORIENTED_EDGE('',*,*,#6064,.T.);
#8498=ORIENTED_EDGE('',*,*,#6065,.F.);
#8499=ORIENTED_EDGE('',*,*,#6066,.F.);
#8500=ORIENTED_EDGE('',*,*,#5258,.F.);
#8501=ORIENTED_EDGE('',*,*,#6066,.T.);
#8502=ORIENTED_EDGE('',*,*,#6067,.F.);
#8503=ORIENTED_EDGE('',*,*,#6068,.F.);
#8504=ORIENTED_EDGE('',*,*,#5259,.F.);
#8505=ORIENTED_EDGE('',*,*,#6068,.T.);
#8506=ORIENTED_EDGE('',*,*,#6069,.F.);
#8507=ORIENTED_EDGE('',*,*,#6070,.F.);
#8508=ORIENTED_EDGE('',*,*,#5260,.F.);
#8509=ORIENTED_EDGE('',*,*,#6070,.T.);
#8510=ORIENTED_EDGE('',*,*,#6071,.F.);
#8511=ORIENTED_EDGE('',*,*,#6072,.F.);
#8512=ORIENTED_EDGE('',*,*,#5261,.F.);
#8513=ORIENTED_EDGE('',*,*,#6072,.T.);
#8514=ORIENTED_EDGE('',*,*,#6073,.F.);
#8515=ORIENTED_EDGE('',*,*,#6054,.F.);
#8516=ORIENTED_EDGE('',*,*,#6073,.T.);
#8517=ORIENTED_EDGE('',*,*,#6071,.T.);
#8518=ORIENTED_EDGE('',*,*,#6069,.T.);
#8519=ORIENTED_EDGE('',*,*,#6067,.T.);
#8520=ORIENTED_EDGE('',*,*,#6065,.T.);
#8521=ORIENTED_EDGE('',*,*,#6063,.T.);
#8522=ORIENTED_EDGE('',*,*,#6061,.T.);
#8523=ORIENTED_EDGE('',*,*,#6059,.T.);
#8524=ORIENTED_EDGE('',*,*,#6057,.T.);
#8525=ORIENTED_EDGE('',*,*,#6055,.T.);
#8526=ORIENTED_EDGE('',*,*,#6074,.F.);
#8527=ORIENTED_EDGE('',*,*,#6075,.T.);
#8528=ORIENTED_EDGE('',*,*,#6076,.F.);
#8529=ORIENTED_EDGE('',*,*,#6077,.F.);
#8530=ORIENTED_EDGE('',*,*,#6078,.F.);
#8531=ORIENTED_EDGE('',*,*,#6077,.T.);
#8532=ORIENTED_EDGE('',*,*,#6079,.F.);
#8533=ORIENTED_EDGE('',*,*,#6080,.F.);
#8534=ORIENTED_EDGE('',*,*,#6081,.F.);
#8535=ORIENTED_EDGE('',*,*,#6080,.T.);
#8536=ORIENTED_EDGE('',*,*,#6082,.F.);
#8537=ORIENTED_EDGE('',*,*,#6083,.F.);
#8538=ORIENTED_EDGE('',*,*,#6084,.F.);
#8539=ORIENTED_EDGE('',*,*,#6083,.T.);
#8540=ORIENTED_EDGE('',*,*,#6085,.F.);
#8541=ORIENTED_EDGE('',*,*,#6086,.F.);
#8542=ORIENTED_EDGE('',*,*,#6087,.F.);
#8543=ORIENTED_EDGE('',*,*,#6086,.T.);
#8544=ORIENTED_EDGE('',*,*,#6088,.F.);
#8545=ORIENTED_EDGE('',*,*,#6075,.F.);
#8546=ORIENTED_EDGE('',*,*,#5297,.F.);
#8547=ORIENTED_EDGE('',*,*,#6089,.T.);
#8548=ORIENTED_EDGE('',*,*,#6090,.F.);
#8549=ORIENTED_EDGE('',*,*,#6091,.F.);
#8550=ORIENTED_EDGE('',*,*,#5298,.F.);
#8551=ORIENTED_EDGE('',*,*,#6091,.T.);
#8552=ORIENTED_EDGE('',*,*,#6092,.F.);
#8553=ORIENTED_EDGE('',*,*,#6093,.F.);
#8554=ORIENTED_EDGE('',*,*,#5299,.F.);
#8555=ORIENTED_EDGE('',*,*,#6093,.T.);
#8556=ORIENTED_EDGE('',*,*,#6094,.F.);
#8557=ORIENTED_EDGE('',*,*,#6095,.F.);
#8558=ORIENTED_EDGE('',*,*,#5300,.F.);
#8559=ORIENTED_EDGE('',*,*,#6095,.T.);
#8560=ORIENTED_EDGE('',*,*,#6096,.F.);
#8561=ORIENTED_EDGE('',*,*,#6097,.F.);
#8562=ORIENTED_EDGE('',*,*,#5301,.F.);
#8563=ORIENTED_EDGE('',*,*,#6097,.T.);
#8564=ORIENTED_EDGE('',*,*,#6098,.F.);
#8565=ORIENTED_EDGE('',*,*,#6099,.F.);
#8566=ORIENTED_EDGE('',*,*,#5302,.F.);
#8567=ORIENTED_EDGE('',*,*,#6099,.T.);
#8568=ORIENTED_EDGE('',*,*,#6100,.F.);
#8569=ORIENTED_EDGE('',*,*,#6101,.F.);
#8570=ORIENTED_EDGE('',*,*,#5303,.F.);
#8571=ORIENTED_EDGE('',*,*,#6101,.T.);
#8572=ORIENTED_EDGE('',*,*,#6102,.F.);
#8573=ORIENTED_EDGE('',*,*,#6103,.F.);
#8574=ORIENTED_EDGE('',*,*,#5304,.F.);
#8575=ORIENTED_EDGE('',*,*,#6103,.T.);
#8576=ORIENTED_EDGE('',*,*,#6104,.F.);
#8577=ORIENTED_EDGE('',*,*,#6089,.F.);
#8578=ORIENTED_EDGE('',*,*,#6104,.T.);
#8579=ORIENTED_EDGE('',*,*,#6102,.T.);
#8580=ORIENTED_EDGE('',*,*,#6100,.T.);
#8581=ORIENTED_EDGE('',*,*,#6098,.T.);
#8582=ORIENTED_EDGE('',*,*,#6096,.T.);
#8583=ORIENTED_EDGE('',*,*,#6094,.T.);
#8584=ORIENTED_EDGE('',*,*,#6092,.T.);
#8585=ORIENTED_EDGE('',*,*,#6090,.T.);
#8586=ORIENTED_EDGE('',*,*,#6088,.T.);
#8587=ORIENTED_EDGE('',*,*,#6085,.T.);
#8588=ORIENTED_EDGE('',*,*,#6082,.T.);
#8589=ORIENTED_EDGE('',*,*,#6079,.T.);
#8590=ORIENTED_EDGE('',*,*,#6076,.T.);
#8591=ORIENTED_EDGE('',*,*,#6074,.T.);
#8592=ORIENTED_EDGE('',*,*,#6078,.T.);
#8593=ORIENTED_EDGE('',*,*,#6081,.T.);
#8594=ORIENTED_EDGE('',*,*,#6084,.T.);
#8595=ORIENTED_EDGE('',*,*,#6087,.T.);
#8596=ORIENTED_EDGE('',*,*,#5280,.F.);
#8597=ORIENTED_EDGE('',*,*,#6105,.T.);
#8598=ORIENTED_EDGE('',*,*,#6106,.F.);
#8599=ORIENTED_EDGE('',*,*,#6107,.F.);
#8600=ORIENTED_EDGE('',*,*,#5281,.F.);
#8601=ORIENTED_EDGE('',*,*,#6107,.T.);
#8602=ORIENTED_EDGE('',*,*,#6108,.F.);
#8603=ORIENTED_EDGE('',*,*,#6109,.F.);
#8604=ORIENTED_EDGE('',*,*,#5282,.F.);
#8605=ORIENTED_EDGE('',*,*,#6109,.T.);
#8606=ORIENTED_EDGE('',*,*,#6110,.F.);
#8607=ORIENTED_EDGE('',*,*,#6111,.F.);
#8608=ORIENTED_EDGE('',*,*,#5283,.F.);
#8609=ORIENTED_EDGE('',*,*,#6111,.T.);
#8610=ORIENTED_EDGE('',*,*,#6112,.F.);
#8611=ORIENTED_EDGE('',*,*,#6113,.F.);
#8612=ORIENTED_EDGE('',*,*,#5284,.F.);
#8613=ORIENTED_EDGE('',*,*,#6113,.T.);
#8614=ORIENTED_EDGE('',*,*,#6114,.F.);
#8615=ORIENTED_EDGE('',*,*,#6115,.F.);
#8616=ORIENTED_EDGE('',*,*,#5285,.F.);
#8617=ORIENTED_EDGE('',*,*,#6115,.T.);
#8618=ORIENTED_EDGE('',*,*,#6116,.F.);
#8619=ORIENTED_EDGE('',*,*,#6117,.F.);
#8620=ORIENTED_EDGE('',*,*,#5286,.F.);
#8621=ORIENTED_EDGE('',*,*,#6117,.T.);
#8622=ORIENTED_EDGE('',*,*,#6118,.F.);
#8623=ORIENTED_EDGE('',*,*,#6119,.F.);
#8624=ORIENTED_EDGE('',*,*,#5287,.F.);
#8625=ORIENTED_EDGE('',*,*,#6119,.T.);
#8626=ORIENTED_EDGE('',*,*,#6120,.F.);
#8627=ORIENTED_EDGE('',*,*,#6121,.F.);
#8628=ORIENTED_EDGE('',*,*,#5288,.F.);
#8629=ORIENTED_EDGE('',*,*,#6121,.T.);
#8630=ORIENTED_EDGE('',*,*,#6122,.F.);
#8631=ORIENTED_EDGE('',*,*,#6123,.F.);
#8632=ORIENTED_EDGE('',*,*,#5289,.F.);
#8633=ORIENTED_EDGE('',*,*,#6123,.T.);
#8634=ORIENTED_EDGE('',*,*,#6124,.F.);
#8635=ORIENTED_EDGE('',*,*,#6125,.F.);
#8636=ORIENTED_EDGE('',*,*,#5290,.F.);
#8637=ORIENTED_EDGE('',*,*,#6125,.T.);
#8638=ORIENTED_EDGE('',*,*,#6126,.F.);
#8639=ORIENTED_EDGE('',*,*,#6127,.F.);
#8640=ORIENTED_EDGE('',*,*,#5291,.F.);
#8641=ORIENTED_EDGE('',*,*,#6127,.T.);
#8642=ORIENTED_EDGE('',*,*,#6128,.F.);
#8643=ORIENTED_EDGE('',*,*,#6129,.F.);
#8644=ORIENTED_EDGE('',*,*,#5292,.F.);
#8645=ORIENTED_EDGE('',*,*,#6129,.T.);
#8646=ORIENTED_EDGE('',*,*,#6130,.F.);
#8647=ORIENTED_EDGE('',*,*,#6131,.F.);
#8648=ORIENTED_EDGE('',*,*,#5293,.F.);
#8649=ORIENTED_EDGE('',*,*,#6131,.T.);
#8650=ORIENTED_EDGE('',*,*,#6132,.F.);
#8651=ORIENTED_EDGE('',*,*,#6133,.F.);
#8652=ORIENTED_EDGE('',*,*,#5294,.F.);
#8653=ORIENTED_EDGE('',*,*,#6133,.T.);
#8654=ORIENTED_EDGE('',*,*,#6134,.F.);
#8655=ORIENTED_EDGE('',*,*,#6135,.F.);
#8656=ORIENTED_EDGE('',*,*,#5295,.F.);
#8657=ORIENTED_EDGE('',*,*,#6135,.T.);
#8658=ORIENTED_EDGE('',*,*,#6136,.F.);
#8659=ORIENTED_EDGE('',*,*,#6137,.F.);
#8660=ORIENTED_EDGE('',*,*,#5296,.F.);
#8661=ORIENTED_EDGE('',*,*,#6137,.T.);
#8662=ORIENTED_EDGE('',*,*,#6138,.F.);
#8663=ORIENTED_EDGE('',*,*,#6105,.F.);
#8664=ORIENTED_EDGE('',*,*,#6138,.T.);
#8665=ORIENTED_EDGE('',*,*,#6136,.T.);
#8666=ORIENTED_EDGE('',*,*,#6134,.T.);
#8667=ORIENTED_EDGE('',*,*,#6132,.T.);
#8668=ORIENTED_EDGE('',*,*,#6130,.T.);
#8669=ORIENTED_EDGE('',*,*,#6128,.T.);
#8670=ORIENTED_EDGE('',*,*,#6126,.T.);
#8671=ORIENTED_EDGE('',*,*,#6124,.T.);
#8672=ORIENTED_EDGE('',*,*,#6122,.T.);
#8673=ORIENTED_EDGE('',*,*,#6120,.T.);
#8674=ORIENTED_EDGE('',*,*,#6118,.T.);
#8675=ORIENTED_EDGE('',*,*,#6116,.T.);
#8676=ORIENTED_EDGE('',*,*,#6114,.T.);
#8677=ORIENTED_EDGE('',*,*,#6112,.T.);
#8678=ORIENTED_EDGE('',*,*,#6110,.T.);
#8679=ORIENTED_EDGE('',*,*,#6108,.T.);
#8680=ORIENTED_EDGE('',*,*,#6106,.T.);
#8681=ORIENTED_EDGE('',*,*,#6139,.F.);
#8682=ORIENTED_EDGE('',*,*,#6140,.T.);
#8683=ORIENTED_EDGE('',*,*,#6141,.F.);
#8684=ORIENTED_EDGE('',*,*,#6142,.F.);
#8685=ORIENTED_EDGE('',*,*,#6143,.F.);
#8686=ORIENTED_EDGE('',*,*,#6142,.T.);
#8687=ORIENTED_EDGE('',*,*,#6144,.F.);
#8688=ORIENTED_EDGE('',*,*,#6145,.F.);
#8689=ORIENTED_EDGE('',*,*,#6146,.F.);
#8690=ORIENTED_EDGE('',*,*,#6145,.T.);
#8691=ORIENTED_EDGE('',*,*,#6147,.F.);
#8692=ORIENTED_EDGE('',*,*,#6148,.F.);
#8693=ORIENTED_EDGE('',*,*,#6149,.F.);
#8694=ORIENTED_EDGE('',*,*,#6148,.T.);
#8695=ORIENTED_EDGE('',*,*,#6150,.F.);
#8696=ORIENTED_EDGE('',*,*,#6151,.F.);
#8697=ORIENTED_EDGE('',*,*,#6152,.F.);
#8698=ORIENTED_EDGE('',*,*,#6151,.T.);
#8699=ORIENTED_EDGE('',*,*,#6153,.F.);
#8700=ORIENTED_EDGE('',*,*,#6154,.F.);
#8701=ORIENTED_EDGE('',*,*,#6155,.F.);
#8702=ORIENTED_EDGE('',*,*,#6154,.T.);
#8703=ORIENTED_EDGE('',*,*,#6156,.F.);
#8704=ORIENTED_EDGE('',*,*,#6157,.F.);
#8705=ORIENTED_EDGE('',*,*,#6158,.F.);
#8706=ORIENTED_EDGE('',*,*,#6157,.T.);
#8707=ORIENTED_EDGE('',*,*,#6159,.F.);
#8708=ORIENTED_EDGE('',*,*,#6160,.F.);
#8709=ORIENTED_EDGE('',*,*,#6161,.F.);
#8710=ORIENTED_EDGE('',*,*,#6160,.T.);
#8711=ORIENTED_EDGE('',*,*,#6162,.F.);
#8712=ORIENTED_EDGE('',*,*,#6163,.F.);
#8713=ORIENTED_EDGE('',*,*,#6164,.F.);
#8714=ORIENTED_EDGE('',*,*,#6163,.T.);
#8715=ORIENTED_EDGE('',*,*,#6165,.F.);
#8716=ORIENTED_EDGE('',*,*,#6140,.F.);
#8717=ORIENTED_EDGE('',*,*,#5262,.F.);
#8718=ORIENTED_EDGE('',*,*,#6166,.T.);
#8719=ORIENTED_EDGE('',*,*,#6167,.F.);
#8720=ORIENTED_EDGE('',*,*,#6168,.F.);
#8721=ORIENTED_EDGE('',*,*,#5263,.F.);
#8722=ORIENTED_EDGE('',*,*,#6168,.T.);
#8723=ORIENTED_EDGE('',*,*,#6169,.F.);
#8724=ORIENTED_EDGE('',*,*,#6170,.F.);
#8725=ORIENTED_EDGE('',*,*,#5264,.F.);
#8726=ORIENTED_EDGE('',*,*,#6170,.T.);
#8727=ORIENTED_EDGE('',*,*,#6171,.F.);
#8728=ORIENTED_EDGE('',*,*,#6172,.F.);
#8729=ORIENTED_EDGE('',*,*,#5265,.F.);
#8730=ORIENTED_EDGE('',*,*,#6172,.T.);
#8731=ORIENTED_EDGE('',*,*,#6173,.F.);
#8732=ORIENTED_EDGE('',*,*,#6174,.F.);
#8733=ORIENTED_EDGE('',*,*,#5266,.F.);
#8734=ORIENTED_EDGE('',*,*,#6174,.T.);
#8735=ORIENTED_EDGE('',*,*,#6175,.F.);
#8736=ORIENTED_EDGE('',*,*,#6176,.F.);
#8737=ORIENTED_EDGE('',*,*,#5267,.F.);
#8738=ORIENTED_EDGE('',*,*,#6176,.T.);
#8739=ORIENTED_EDGE('',*,*,#6177,.F.);
#8740=ORIENTED_EDGE('',*,*,#6178,.F.);
#8741=ORIENTED_EDGE('',*,*,#5268,.F.);
#8742=ORIENTED_EDGE('',*,*,#6178,.T.);
#8743=ORIENTED_EDGE('',*,*,#6179,.F.);
#8744=ORIENTED_EDGE('',*,*,#6180,.F.);
#8745=ORIENTED_EDGE('',*,*,#5269,.F.);
#8746=ORIENTED_EDGE('',*,*,#6180,.T.);
#8747=ORIENTED_EDGE('',*,*,#6181,.F.);
#8748=ORIENTED_EDGE('',*,*,#6182,.F.);
#8749=ORIENTED_EDGE('',*,*,#5270,.F.);
#8750=ORIENTED_EDGE('',*,*,#6182,.T.);
#8751=ORIENTED_EDGE('',*,*,#6183,.F.);
#8752=ORIENTED_EDGE('',*,*,#6184,.F.);
#8753=ORIENTED_EDGE('',*,*,#5271,.F.);
#8754=ORIENTED_EDGE('',*,*,#6184,.T.);
#8755=ORIENTED_EDGE('',*,*,#6185,.F.);
#8756=ORIENTED_EDGE('',*,*,#6186,.F.);
#8757=ORIENTED_EDGE('',*,*,#5272,.F.);
#8758=ORIENTED_EDGE('',*,*,#6186,.T.);
#8759=ORIENTED_EDGE('',*,*,#6187,.F.);
#8760=ORIENTED_EDGE('',*,*,#6166,.F.);
#8761=ORIENTED_EDGE('',*,*,#6187,.T.);
#8762=ORIENTED_EDGE('',*,*,#6185,.T.);
#8763=ORIENTED_EDGE('',*,*,#6183,.T.);
#8764=ORIENTED_EDGE('',*,*,#6181,.T.);
#8765=ORIENTED_EDGE('',*,*,#6179,.T.);
#8766=ORIENTED_EDGE('',*,*,#6177,.T.);
#8767=ORIENTED_EDGE('',*,*,#6175,.T.);
#8768=ORIENTED_EDGE('',*,*,#6173,.T.);
#8769=ORIENTED_EDGE('',*,*,#6171,.T.);
#8770=ORIENTED_EDGE('',*,*,#6169,.T.);
#8771=ORIENTED_EDGE('',*,*,#6167,.T.);
#8772=ORIENTED_EDGE('',*,*,#6165,.T.);
#8773=ORIENTED_EDGE('',*,*,#6162,.T.);
#8774=ORIENTED_EDGE('',*,*,#6159,.T.);
#8775=ORIENTED_EDGE('',*,*,#6156,.T.);
#8776=ORIENTED_EDGE('',*,*,#6153,.T.);
#8777=ORIENTED_EDGE('',*,*,#6150,.T.);
#8778=ORIENTED_EDGE('',*,*,#6147,.T.);
#8779=ORIENTED_EDGE('',*,*,#6144,.T.);
#8780=ORIENTED_EDGE('',*,*,#6141,.T.);
#8781=ORIENTED_EDGE('',*,*,#6139,.T.);
#8782=ORIENTED_EDGE('',*,*,#6143,.T.);
#8783=ORIENTED_EDGE('',*,*,#6146,.T.);
#8784=ORIENTED_EDGE('',*,*,#6149,.T.);
#8785=ORIENTED_EDGE('',*,*,#6152,.T.);
#8786=ORIENTED_EDGE('',*,*,#6155,.T.);
#8787=ORIENTED_EDGE('',*,*,#6158,.T.);
#8788=ORIENTED_EDGE('',*,*,#6161,.T.);
#8789=ORIENTED_EDGE('',*,*,#6164,.T.);
#8790=ORIENTED_EDGE('',*,*,#5088,.F.);
#8791=ORIENTED_EDGE('',*,*,#4955,.F.);
#8792=ORIENTED_EDGE('',*,*,#4947,.F.);
#8793=ORIENTED_EDGE('',*,*,#5031,.F.);
#8794=ORIENTED_EDGE('',*,*,#5027,.F.);
#8795=ORIENTED_EDGE('',*,*,#5489,.F.);
#8796=ORIENTED_EDGE('',*,*,#6188,.T.);
#8797=ORIENTED_EDGE('',*,*,#5451,.F.);
#8798=ORIENTED_EDGE('',*,*,#5452,.F.);
#8799=ORIENTED_EDGE('',*,*,#6188,.F.);
#8800=ORIENTED_EDGE('',*,*,#5488,.F.);
#8801=ORIENTED_EDGE('',*,*,#6189,.T.);
#8802=ORIENTED_EDGE('',*,*,#5453,.F.);
#8803=ORIENTED_EDGE('',*,*,#6189,.F.);
#8804=ORIENTED_EDGE('',*,*,#5487,.F.);
#8805=ORIENTED_EDGE('',*,*,#5449,.T.);
#8806=ORIENTED_EDGE('',*,*,#6190,.F.);
#8807=ORIENTED_EDGE('',*,*,#6191,.F.);
#8808=ORIENTED_EDGE('',*,*,#6192,.F.);
#8809=ORIENTED_EDGE('',*,*,#6193,.F.);
#8810=ORIENTED_EDGE('',*,*,#5442,.T.);
#8811=ORIENTED_EDGE('',*,*,#5486,.F.);
#8812=ORIENTED_EDGE('',*,*,#6193,.T.);
#8813=ORIENTED_EDGE('',*,*,#6194,.F.);
#8814=ORIENTED_EDGE('',*,*,#5454,.F.);
#8815=ORIENTED_EDGE('',*,*,#5510,.F.);
#8816=ORIENTED_EDGE('',*,*,#6195,.F.);
#8817=ORIENTED_EDGE('',*,*,#6191,.T.);
#8818=ORIENTED_EDGE('',*,*,#6196,.F.);
#8819=ORIENTED_EDGE('',*,*,#6197,.T.);
#8820=ORIENTED_EDGE('',*,*,#5511,.F.);
#8821=ORIENTED_EDGE('',*,*,#6197,.F.);
#8822=ORIENTED_EDGE('',*,*,#6198,.F.);
#8823=ORIENTED_EDGE('',*,*,#6199,.T.);
#8824=ORIENTED_EDGE('',*,*,#5512,.F.);
#8825=ORIENTED_EDGE('',*,*,#6199,.F.);
#8826=ORIENTED_EDGE('',*,*,#6200,.F.);
#8827=ORIENTED_EDGE('',*,*,#6201,.T.);
#8828=ORIENTED_EDGE('',*,*,#5513,.F.);
#8829=ORIENTED_EDGE('',*,*,#6201,.F.);
#8830=ORIENTED_EDGE('',*,*,#6202,.F.);
#8831=ORIENTED_EDGE('',*,*,#6203,.T.);
#8832=ORIENTED_EDGE('',*,*,#6204,.F.);
#8833=ORIENTED_EDGE('',*,*,#5502,.F.);
#8834=ORIENTED_EDGE('',*,*,#6203,.F.);
#8835=ORIENTED_EDGE('',*,*,#6205,.F.);
#8836=ORIENTED_EDGE('',*,*,#6204,.T.);
#8837=ORIENTED_EDGE('',*,*,#6206,.T.);
#8838=ORIENTED_EDGE('',*,*,#5477,.T.);
#8839=ORIENTED_EDGE('',*,*,#5391,.T.);
#8840=ORIENTED_EDGE('',*,*,#6207,.T.);
#8841=ORIENTED_EDGE('',*,*,#6208,.T.);
#8842=ORIENTED_EDGE('',*,*,#6209,.F.);
#8843=ORIENTED_EDGE('',*,*,#5503,.F.);
#8844=ORIENTED_EDGE('',*,*,#5382,.F.);
#8845=ORIENTED_EDGE('',*,*,#6210,.F.);
#8846=ORIENTED_EDGE('',*,*,#6211,.F.);
#8847=ORIENTED_EDGE('',*,*,#5273,.F.);
#8848=ORIENTED_EDGE('',*,*,#6212,.T.);
#8849=ORIENTED_EDGE('',*,*,#6213,.F.);
#8850=ORIENTED_EDGE('',*,*,#6214,.F.);
#8851=ORIENTED_EDGE('',*,*,#6210,.T.);
#8852=ORIENTED_EDGE('',*,*,#5381,.F.);
#8853=ORIENTED_EDGE('',*,*,#6215,.F.);
#8854=ORIENTED_EDGE('',*,*,#6212,.F.);
#8855=ORIENTED_EDGE('',*,*,#6211,.T.);
#8856=ORIENTED_EDGE('',*,*,#6214,.T.);
#8857=ORIENTED_EDGE('',*,*,#6216,.T.);
#8858=ORIENTED_EDGE('',*,*,#6217,.T.);
#8859=ORIENTED_EDGE('',*,*,#6218,.T.);
#8860=ORIENTED_EDGE('',*,*,#6219,.T.);
#8861=ORIENTED_EDGE('',*,*,#6220,.T.);
#8862=ORIENTED_EDGE('',*,*,#5398,.F.);
#8863=ORIENTED_EDGE('',*,*,#5521,.T.);
#8864=ORIENTED_EDGE('',*,*,#5383,.T.);
#8865=ORIENTED_EDGE('',*,*,#6221,.F.);
#8866=ORIENTED_EDGE('',*,*,#6222,.F.);
#8867=ORIENTED_EDGE('',*,*,#6223,.T.);
#8868=ORIENTED_EDGE('',*,*,#6218,.F.);
#8869=ORIENTED_EDGE('',*,*,#6224,.F.);
#8870=ORIENTED_EDGE('',*,*,#6225,.F.);
#8871=ORIENTED_EDGE('',*,*,#6226,.F.);
#8872=ORIENTED_EDGE('',*,*,#6227,.F.);
#8873=ORIENTED_EDGE('',*,*,#5274,.F.);
#8874=ORIENTED_EDGE('',*,*,#6228,.T.);
#8875=ORIENTED_EDGE('',*,*,#6229,.F.);
#8876=ORIENTED_EDGE('',*,*,#6219,.F.);
#8877=ORIENTED_EDGE('',*,*,#6224,.T.);
#8878=ORIENTED_EDGE('',*,*,#6217,.F.);
#8879=ORIENTED_EDGE('',*,*,#6230,.F.);
#8880=ORIENTED_EDGE('',*,*,#6231,.F.);
#8881=ORIENTED_EDGE('',*,*,#6226,.T.);
#8882=ORIENTED_EDGE('',*,*,#6232,.F.);
#8883=ORIENTED_EDGE('',*,*,#6233,.F.);
#8884=ORIENTED_EDGE('',*,*,#6228,.F.);
#8885=ORIENTED_EDGE('',*,*,#6232,.T.);
#8886=ORIENTED_EDGE('',*,*,#6225,.T.);
#8887=ORIENTED_EDGE('',*,*,#6234,.F.);
#8888=ORIENTED_EDGE('',*,*,#5508,.F.);
#8889=ORIENTED_EDGE('',*,*,#6235,.T.);
#8890=ORIENTED_EDGE('',*,*,#5504,.F.);
#8891=ORIENTED_EDGE('',*,*,#6209,.T.);
#8892=ORIENTED_EDGE('',*,*,#6236,.T.);
#8893=ORIENTED_EDGE('',*,*,#6237,.T.);
#8894=ORIENTED_EDGE('',*,*,#6238,.T.);
#8895=ORIENTED_EDGE('',*,*,#4899,.T.);
#8896=ORIENTED_EDGE('',*,*,#4902,.T.);
#8897=ORIENTED_EDGE('',*,*,#6239,.T.);
#8898=ORIENTED_EDGE('',*,*,#5466,.T.);
#8899=ORIENTED_EDGE('',*,*,#5460,.T.);
#8900=ORIENTED_EDGE('',*,*,#5470,.T.);
#8901=ORIENTED_EDGE('',*,*,#5555,.T.);
#8902=ORIENTED_EDGE('',*,*,#6240,.F.);
#8903=ORIENTED_EDGE('',*,*,#6241,.F.);
#8904=ORIENTED_EDGE('',*,*,#6242,.F.);
#8905=ORIENTED_EDGE('',*,*,#6195,.T.);
#8906=ORIENTED_EDGE('',*,*,#5509,.F.);
#8907=ORIENTED_EDGE('',*,*,#6234,.T.);
#8908=ORIENTED_EDGE('',*,*,#6227,.T.);
#8909=ORIENTED_EDGE('',*,*,#6231,.T.);
#8910=ORIENTED_EDGE('',*,*,#6243,.T.);
#8911=ORIENTED_EDGE('',*,*,#5065,.F.);
#8912=ORIENTED_EDGE('',*,*,#5459,.F.);
#8913=ORIENTED_EDGE('',*,*,#6244,.T.);
#8914=ORIENTED_EDGE('',*,*,#6245,.T.);
#8915=ORIENTED_EDGE('',*,*,#5455,.F.);
#8916=ORIENTED_EDGE('',*,*,#6194,.T.);
#8917=ORIENTED_EDGE('',*,*,#6192,.T.);
#8918=ORIENTED_EDGE('',*,*,#4887,.T.);
#8919=ORIENTED_EDGE('',*,*,#4890,.T.);
#8920=ORIENTED_EDGE('',*,*,#6246,.F.);
#8921=ORIENTED_EDGE('',*,*,#6247,.F.);
#8922=ORIENTED_EDGE('',*,*,#6213,.T.);
#8923=ORIENTED_EDGE('',*,*,#6215,.T.);
#8924=ORIENTED_EDGE('',*,*,#5380,.F.);
#8925=ORIENTED_EDGE('',*,*,#6248,.T.);
#8926=ORIENTED_EDGE('',*,*,#5066,.F.);
#8927=ORIENTED_EDGE('',*,*,#6243,.F.);
#8928=ORIENTED_EDGE('',*,*,#6230,.T.);
#8929=ORIENTED_EDGE('',*,*,#6216,.F.);
#8930=ORIENTED_EDGE('',*,*,#5085,.F.);
#8931=ORIENTED_EDGE('',*,*,#5068,.F.);
#8932=ORIENTED_EDGE('',*,*,#6249,.F.);
#8933=ORIENTED_EDGE('',*,*,#6250,.F.);
#8934=ORIENTED_EDGE('',*,*,#5378,.F.);
#8935=ORIENTED_EDGE('',*,*,#6251,.F.);
#8936=ORIENTED_EDGE('',*,*,#5275,.F.);
#8937=ORIENTED_EDGE('',*,*,#6252,.T.);
#8938=ORIENTED_EDGE('',*,*,#6249,.T.);
#8939=ORIENTED_EDGE('',*,*,#5067,.F.);
#8940=ORIENTED_EDGE('',*,*,#6248,.F.);
#8941=ORIENTED_EDGE('',*,*,#5379,.F.);
#8942=ORIENTED_EDGE('',*,*,#6251,.T.);
#8943=ORIENTED_EDGE('',*,*,#5377,.F.);
#8944=ORIENTED_EDGE('',*,*,#5393,.F.);
#8945=ORIENTED_EDGE('',*,*,#5086,.F.);
#8946=ORIENTED_EDGE('',*,*,#6250,.T.);
#8947=ORIENTED_EDGE('',*,*,#6252,.F.);
#8948=ORIENTED_EDGE('',*,*,#6229,.T.);
#8949=ORIENTED_EDGE('',*,*,#6233,.T.);
#8950=ORIENTED_EDGE('',*,*,#6238,.F.);
#8951=ORIENTED_EDGE('',*,*,#6253,.T.);
#8952=ORIENTED_EDGE('',*,*,#5399,.F.);
#8953=ORIENTED_EDGE('',*,*,#6220,.F.);
#8954=ORIENTED_EDGE('',*,*,#5401,.F.);
#8955=ORIENTED_EDGE('',*,*,#6254,.F.);
#8956=ORIENTED_EDGE('',*,*,#6255,.F.);
#8957=ORIENTED_EDGE('',*,*,#6208,.F.);
#8958=ORIENTED_EDGE('',*,*,#6256,.F.);
#8959=ORIENTED_EDGE('',*,*,#6236,.F.);
#8960=ORIENTED_EDGE('',*,*,#5276,.F.);
#8961=ORIENTED_EDGE('',*,*,#6257,.T.);
#8962=ORIENTED_EDGE('',*,*,#6254,.T.);
#8963=ORIENTED_EDGE('',*,*,#5400,.F.);
#8964=ORIENTED_EDGE('',*,*,#6253,.F.);
#8965=ORIENTED_EDGE('',*,*,#6237,.F.);
#8966=ORIENTED_EDGE('',*,*,#6256,.T.);
#8967=ORIENTED_EDGE('',*,*,#6207,.F.);
#8968=ORIENTED_EDGE('',*,*,#5390,.F.);
#8969=ORIENTED_EDGE('',*,*,#5402,.F.);
#8970=ORIENTED_EDGE('',*,*,#6255,.T.);
#8971=ORIENTED_EDGE('',*,*,#6257,.F.);
#8972=ORIENTED_EDGE('',*,*,#5506,.F.);
#8973=ORIENTED_EDGE('',*,*,#6258,.T.);
#8974=ORIENTED_EDGE('',*,*,#5523,.F.);
#8975=ORIENTED_EDGE('',*,*,#6259,.T.);
#8976=ORIENTED_EDGE('',*,*,#5507,.F.);
#8977=ORIENTED_EDGE('',*,*,#6259,.F.);
#8978=ORIENTED_EDGE('',*,*,#5522,.F.);
#8979=ORIENTED_EDGE('',*,*,#5396,.F.);
#8980=ORIENTED_EDGE('',*,*,#5524,.F.);
#8981=ORIENTED_EDGE('',*,*,#6258,.F.);
#8982=ORIENTED_EDGE('',*,*,#5505,.F.);
#8983=ORIENTED_EDGE('',*,*,#6235,.F.);
#8984=ORIENTED_EDGE('',*,*,#6223,.F.);
#8985=ORIENTED_EDGE('',*,*,#6260,.T.);
#8986=ORIENTED_EDGE('',*,*,#6244,.F.);
#8987=ORIENTED_EDGE('',*,*,#5458,.F.);
#8988=ORIENTED_EDGE('',*,*,#6261,.F.);
#8989=ORIENTED_EDGE('',*,*,#5456,.F.);
#8990=ORIENTED_EDGE('',*,*,#6245,.F.);
#8991=ORIENTED_EDGE('',*,*,#6260,.F.);
#8992=ORIENTED_EDGE('',*,*,#5457,.F.);
#8993=ORIENTED_EDGE('',*,*,#6261,.T.);
#8994=ORIENTED_EDGE('',*,*,#5073,.T.);
#8995=ORIENTED_EDGE('',*,*,#6262,.T.);
#8996=ORIENTED_EDGE('',*,*,#5386,.T.);
#8997=ORIENTED_EDGE('',*,*,#6262,.F.);
#8998=ORIENTED_EDGE('',*,*,#6263,.T.);
#8999=ORIENTED_EDGE('',*,*,#5404,.T.);
#9000=ORIENTED_EDGE('',*,*,#6264,.T.);
#9001=ORIENTED_EDGE('',*,*,#6241,.T.);
#9002=ORIENTED_EDGE('',*,*,#6263,.F.);
#9003=ORIENTED_EDGE('',*,*,#6242,.T.);
#9004=ORIENTED_EDGE('',*,*,#6264,.F.);
#9005=ORIENTED_EDGE('',*,*,#5405,.T.);
#9006=ORIENTED_EDGE('',*,*,#5074,.T.);
#9007=ORIENTED_EDGE('',*,*,#6265,.T.);
#9008=ORIENTED_EDGE('',*,*,#5385,.T.);
#9009=ORIENTED_EDGE('',*,*,#6265,.F.);
#9010=ORIENTED_EDGE('',*,*,#6240,.T.);
#9011=ORIENTED_EDGE('',*,*,#6266,.T.);
#9012=ORIENTED_EDGE('',*,*,#5403,.T.);
#9013=ORIENTED_EDGE('',*,*,#6266,.F.);
#9014=ORIENTED_EDGE('',*,*,#6247,.T.);
#9015=ORIENTED_EDGE('',*,*,#6267,.T.);
#9016=ORIENTED_EDGE('',*,*,#6222,.T.);
#9017=ORIENTED_EDGE('',*,*,#6267,.F.);
#9018=ORIENTED_EDGE('',*,*,#6246,.T.);
#9019=ORIENTED_EDGE('',*,*,#6268,.T.);
#9020=ORIENTED_EDGE('',*,*,#6221,.T.);
#9021=ORIENTED_EDGE('',*,*,#6268,.F.);
#9022=ORIENTED_EDGE('',*,*,#4877,.T.);
#9023=ORIENTED_EDGE('',*,*,#5515,.T.);
#9024=ORIENTED_EDGE('',*,*,#4935,.T.);
#9025=ORIENTED_EDGE('',*,*,#5527,.T.);
#9026=ORIENTED_EDGE('',*,*,#5533,.T.);
#9027=ORIENTED_EDGE('',*,*,#5517,.T.);
#9028=ORIENTED_EDGE('',*,*,#4928,.T.);
#9029=ORIENTED_EDGE('',*,*,#5529,.T.);
#9030=ORIENTED_EDGE('',*,*,#5525,.T.);
#9031=ORIENTED_EDGE('',*,*,#6269,.T.);
#9032=ORIENTED_EDGE('',*,*,#5514,.F.);
#9033=ORIENTED_EDGE('',*,*,#6269,.F.);
#9034=ORIENTED_EDGE('',*,*,#5044,.F.);
#9035=ORIENTED_EDGE('',*,*,#6270,.T.);
#9036=ORIENTED_EDGE('',*,*,#5083,.F.);
#9037=ORIENTED_EDGE('',*,*,#6270,.F.);
#9038=ORIENTED_EDGE('',*,*,#6271,.F.);
#9039=ORIENTED_EDGE('',*,*,#5480,.F.);
#9040=ORIENTED_EDGE('',*,*,#6272,.F.);
#9041=ORIENTED_EDGE('',*,*,#5437,.F.);
#9042=ORIENTED_EDGE('',*,*,#6271,.T.);
#9043=ORIENTED_EDGE('',*,*,#5438,.F.);
#9044=ORIENTED_EDGE('',*,*,#6272,.T.);
#9045=ORIENTED_EDGE('',*,*,#5481,.F.);
#9046=ORIENTED_EDGE('',*,*,#5043,.F.);
#9047=ORIENTED_EDGE('',*,*,#6273,.T.);
#9048=ORIENTED_EDGE('',*,*,#5082,.F.);
#9049=ORIENTED_EDGE('',*,*,#6273,.F.);
#9050=ORIENTED_EDGE('',*,*,#5436,.F.);
#9051=ORIENTED_EDGE('',*,*,#6274,.T.);
#9052=ORIENTED_EDGE('',*,*,#5479,.F.);
#9053=ORIENTED_EDGE('',*,*,#6274,.F.);
#9054=ORIENTED_EDGE('',*,*,#6275,.F.);
#9055=ORIENTED_EDGE('',*,*,#6276,.T.);
#9056=ORIENTED_EDGE('',*,*,#6277,.F.);
#9057=ORIENTED_EDGE('',*,*,#6276,.F.);
#9058=ORIENTED_EDGE('',*,*,#6278,.F.);
#9059=ORIENTED_EDGE('',*,*,#6279,.T.);
#9060=ORIENTED_EDGE('',*,*,#6280,.F.);
#9061=ORIENTED_EDGE('',*,*,#6279,.F.);
#9062=ORIENTED_EDGE('',*,*,#5392,.T.);
#9063=ORIENTED_EDGE('',*,*,#5476,.T.);
#9064=ORIENTED_EDGE('',*,*,#5277,.F.);
#9065=ORIENTED_EDGE('',*,*,#5077,.F.);
#9066=ORIENTED_EDGE('',*,*,#6281,.T.);
#9067=ORIENTED_EDGE('',*,*,#6190,.T.);
#9068=ORIENTED_EDGE('',*,*,#5485,.T.);
#9069=ORIENTED_EDGE('',*,*,#5079,.T.);
#9070=ORIENTED_EDGE('',*,*,#5279,.F.);
#9071=ORIENTED_EDGE('',*,*,#5475,.F.);
#9072=ORIENTED_EDGE('',*,*,#4885,.T.);
#9073=ORIENTED_EDGE('',*,*,#4888,.T.);
#9074=ORIENTED_EDGE('',*,*,#6277,.T.);
#9075=ORIENTED_EDGE('',*,*,#6280,.T.);
#9076=ORIENTED_EDGE('',*,*,#6196,.T.);
#9077=ORIENTED_EDGE('',*,*,#6281,.F.);
#9078=ORIENTED_EDGE('',*,*,#5474,.F.);
#9079=ORIENTED_EDGE('',*,*,#5467,.F.);
#9080=ORIENTED_EDGE('',*,*,#6239,.F.);
#9081=ORIENTED_EDGE('',*,*,#5472,.T.);
#9082=ORIENTED_EDGE('',*,*,#5478,.F.);
#9083=ORIENTED_EDGE('',*,*,#6206,.F.);
#9084=ORIENTED_EDGE('',*,*,#6205,.T.);
#9085=ORIENTED_EDGE('',*,*,#6202,.T.);
#9086=ORIENTED_EDGE('',*,*,#6200,.T.);
#9087=ORIENTED_EDGE('',*,*,#6198,.T.);
#9088=ORIENTED_EDGE('',*,*,#5537,.T.);
#9089=ORIENTED_EDGE('',*,*,#5541,.T.);
#9090=ORIENTED_EDGE('',*,*,#5545,.T.);
#9091=ORIENTED_EDGE('',*,*,#5548,.T.);
#9092=ORIENTED_EDGE('',*,*,#5552,.F.);
#9093=ORIENTED_EDGE('',*,*,#5429,.T.);
#9094=ORIENTED_EDGE('',*,*,#5166,.F.);
#9095=ORIENTED_EDGE('',*,*,#5035,.F.);
#9096=ORIENTED_EDGE('',*,*,#6275,.T.);
#9097=ORIENTED_EDGE('',*,*,#6278,.T.);
#9098=CYLINDRICAL_SURFACE('',#9673,1.5);
#9099=CYLINDRICAL_SURFACE('',#9679,1.);
#9100=CYLINDRICAL_SURFACE('',#9682,1.00000000000001);
#9101=CYLINDRICAL_SURFACE('',#9685,0.999999999999996);
#9102=CYLINDRICAL_SURFACE('',#9688,0.999999999999996);
#9103=CYLINDRICAL_SURFACE('',#9691,0.999999999999996);
#9104=CYLINDRICAL_SURFACE('',#9694,1.00000000000001);
#9105=CYLINDRICAL_SURFACE('',#9697,125.);
#9106=CYLINDRICAL_SURFACE('',#9702,1.5);
#9107=CYLINDRICAL_SURFACE('',#9704,1.5);
#9108=CYLINDRICAL_SURFACE('',#9708,1.5);
#9109=CYLINDRICAL_SURFACE('',#9716,2.5);
#9110=CYLINDRICAL_SURFACE('',#9722,2.5);
#9111=CYLINDRICAL_SURFACE('',#9723,2.5);
#9112=CYLINDRICAL_SURFACE('',#9730,2.5);
#9113=CYLINDRICAL_SURFACE('',#9733,2.5);
#9114=CYLINDRICAL_SURFACE('',#9735,7.5);
#9115=CYLINDRICAL_SURFACE('',#9745,2.5);
#9116=CYLINDRICAL_SURFACE('',#9749,6.);
#9117=CYLINDRICAL_SURFACE('',#9751,2.5);
#9118=CYLINDRICAL_SURFACE('',#9755,2.5);
#9119=CYLINDRICAL_SURFACE('',#9757,2.5);
#9120=CYLINDRICAL_SURFACE('',#9766,2.5);
#9121=CYLINDRICAL_SURFACE('',#9768,2.5);
#9122=CYLINDRICAL_SURFACE('',#9770,2.5);
#9123=CYLINDRICAL_SURFACE('',#9771,1.);
#9124=CYLINDRICAL_SURFACE('',#9837,6.);
#9125=CYLINDRICAL_SURFACE('',#9841,2.5);
#9126=CYLINDRICAL_SURFACE('',#9844,2.5);
#9127=CYLINDRICAL_SURFACE('',#9864,1.5);
#9128=CYLINDRICAL_SURFACE('',#9878,2.);
#9129=CYLINDRICAL_SURFACE('',#9886,1.5);
#9130=CYLINDRICAL_SURFACE('',#9891,2.);
#9131=CYLINDRICAL_SURFACE('',#9896,2.);
#9132=CYLINDRICAL_SURFACE('',#9902,2.);
#9133=CYLINDRICAL_SURFACE('',#9906,1.5);
#9134=CYLINDRICAL_SURFACE('',#9908,2.);
#9135=CYLINDRICAL_SURFACE('',#9912,1.5);
#9136=CYLINDRICAL_SURFACE('',#9913,1.5);
#9137=CYLINDRICAL_SURFACE('',#9914,1.);
#9138=CYLINDRICAL_SURFACE('',#9917,1.);
#9139=CYLINDRICAL_SURFACE('',#9918,1.);
#9140=CYLINDRICAL_SURFACE('',#9919,6.);
#9141=CYLINDRICAL_SURFACE('',#9920,2.);
#9142=CYLINDRICAL_SURFACE('',#9921,2.);
#9143=CYLINDRICAL_SURFACE('',#9923,6.);
#9144=CYLINDRICAL_SURFACE('',#10092,1.);
#9145=CYLINDRICAL_SURFACE('',#10103,1.);
#9146=CYLINDRICAL_SURFACE('',#10124,1.);
#9147=CYLINDRICAL_SURFACE('',#10132,1.);
#9148=CYLINDRICAL_SURFACE('',#10136,2.5);
#9149=CYLINDRICAL_SURFACE('',#10137,2.5);
#9150=CYLINDRICAL_SURFACE('',#10140,9.);
#9151=CYLINDRICAL_SURFACE('',#10141,9.);
#9152=CYLINDRICAL_SURFACE('',#10142,9.);
#9153=CYLINDRICAL_SURFACE('',#10143,9.);
#9154=CYLINDRICAL_SURFACE('',#10144,9.);
#9155=CYLINDRICAL_SURFACE('',#10145,9.);
#9156=CYLINDRICAL_SURFACE('',#10146,9.);
#9157=CYLINDRICAL_SURFACE('',#10147,2.);
#9158=CYLINDRICAL_SURFACE('',#10148,2.);
#9159=CYLINDRICAL_SURFACE('',#10149,2.);
#9160=CYLINDRICAL_SURFACE('',#10150,8.5);
#9161=CYLINDRICAL_SURFACE('',#10151,8.5);
#9162=CYLINDRICAL_SURFACE('',#10152,8.5);
#9163=CYLINDRICAL_SURFACE('',#10153,8.5);
#9164=CYLINDRICAL_SURFACE('',#10154,8.5);
#9165=CYLINDRICAL_SURFACE('',#10155,8.5);
#9166=CYLINDRICAL_SURFACE('',#10158,8.5);
#9167=ADVANCED_FACE('',(#586),#9098,.F.);
#9168=ADVANCED_FACE('',(#587),#9099,.F.);
#9169=ADVANCED_FACE('',(#588),#9100,.F.);
#9170=ADVANCED_FACE('',(#589),#9101,.F.);
#9171=ADVANCED_FACE('',(#590),#9102,.F.);
#9172=ADVANCED_FACE('',(#591),#9103,.F.);
#9173=ADVANCED_FACE('',(#592),#9104,.F.);
#9174=ADVANCED_FACE('',(#593,#478,#479,#480,#481,#482),#9105,.F.);
#9175=ADVANCED_FACE('',(#594),#223,.T.);
#9176=ADVANCED_FACE('',(#595),#224,.T.);
#9177=ADVANCED_FACE('',(#596),#9106,.F.);
#9178=ADVANCED_FACE('',(#597),#9107,.F.);
#9179=ADVANCED_FACE('',(#598),#9108,.F.);
#9180=ADVANCED_FACE('',(#599),#225,.T.);
#9181=ADVANCED_FACE('',(#600),#226,.T.);
#9182=ADVANCED_FACE('',(#601),#74,.F.);
#9183=ADVANCED_FACE('',(#602),#9109,.T.);
#9184=ADVANCED_FACE('',(#603),#60,.T.);
#9185=ADVANCED_FACE('',(#604),#9110,.T.);
#9186=ADVANCED_FACE('',(#605),#9111,.T.);
#9187=ADVANCED_FACE('',(#606),#61,.T.);
#9188=ADVANCED_FACE('',(#607),#9112,.T.);
#9189=ADVANCED_FACE('',(#608),#75,.F.);
#9190=ADVANCED_FACE('',(#609),#9113,.T.);
#9191=ADVANCED_FACE('',(#610),#9114,.F.);
#9192=ADVANCED_FACE('',(#611),#227,.F.);
#9193=ADVANCED_FACE('',(#612),#228,.T.);
#9194=ADVANCED_FACE('',(#613),#229,.F.);
#9195=ADVANCED_FACE('',(#614),#230,.F.);
#9196=ADVANCED_FACE('',(#615),#9115,.T.);
#9197=ADVANCED_FACE('',(#616),#76,.F.);
#9198=ADVANCED_FACE('',(#617),#9116,.F.);
#9199=ADVANCED_FACE('',(#618),#9117,.T.);
#9200=ADVANCED_FACE('',(#619),#231,.T.);
#9201=ADVANCED_FACE('',(#620),#232,.T.);
#9202=ADVANCED_FACE('',(#621),#233,.T.);
#9203=ADVANCED_FACE('',(#622),#9118,.T.);
#9204=ADVANCED_FACE('',(#623),#9119,.T.);
#9205=ADVANCED_FACE('',(#624),#62,.T.);
#9206=ADVANCED_FACE('',(#625),#63,.T.);
#9207=ADVANCED_FACE('',(#626),#9120,.T.);
#9208=ADVANCED_FACE('',(#627),#9121,.T.);
#9209=ADVANCED_FACE('',(#628),#9122,.T.);
#9210=ADVANCED_FACE('',(#629),#9123,.T.);
#9211=ADVANCED_FACE('',(#630,#483,#484,#485,#486,#487),#234,.T.);
#9212=ADVANCED_FACE('',(#631),#235,.F.);
#9213=ADVANCED_FACE('',(#632,#488,#489,#490,#491,#492),#236,.T.);
#9214=ADVANCED_FACE('',(#633,#493,#494,#495,#496,#497),#237,.F.);
#9215=ADVANCED_FACE('',(#634),#238,.T.);
#9216=ADVANCED_FACE('',(#635),#239,.T.);
#9217=ADVANCED_FACE('',(#636),#240,.T.);
#9218=ADVANCED_FACE('',(#637),#77,.T.);
#9219=ADVANCED_FACE('',(#638),#78,.T.);
#9220=ADVANCED_FACE('',(#639),#241,.T.);
#9221=ADVANCED_FACE('',(#640),#79,.T.);
#9222=ADVANCED_FACE('',(#641),#80,.T.);
#9223=ADVANCED_FACE('',(#642),#242,.T.);
#9224=ADVANCED_FACE('',(#643),#81,.T.);
#9225=ADVANCED_FACE('',(#644),#243,.T.);
#9226=ADVANCED_FACE('',(#645),#244,.T.);
#9227=ADVANCED_FACE('',(#646),#245,.T.);
#9228=ADVANCED_FACE('',(#647),#82,.T.);
#9229=ADVANCED_FACE('',(#648),#83,.T.);
#9230=ADVANCED_FACE('',(#649),#246,.T.);
#9231=ADVANCED_FACE('',(#650),#247,.T.);
#9232=ADVANCED_FACE('',(#651),#84,.T.);
#9233=ADVANCED_FACE('',(#652),#85,.T.);
#9234=ADVANCED_FACE('',(#653),#248,.T.);
#9235=ADVANCED_FACE('',(#654),#86,.T.);
#9236=ADVANCED_FACE('',(#655),#87,.T.);
#9237=ADVANCED_FACE('',(#656),#249,.T.);
#9238=ADVANCED_FACE('',(#657),#88,.T.);
#9239=ADVANCED_FACE('',(#658),#250,.T.);
#9240=ADVANCED_FACE('',(#659),#251,.T.);
#9241=ADVANCED_FACE('',(#660),#252,.T.);
#9242=ADVANCED_FACE('',(#661),#89,.T.);
#9243=ADVANCED_FACE('',(#662),#90,.T.);
#9244=ADVANCED_FACE('',(#663),#253,.T.);
#9245=ADVANCED_FACE('',(#664),#254,.T.);
#9246=ADVANCED_FACE('',(#665,#498),#255,.T.);
#9247=ADVANCED_FACE('',(#666,#499,#500,#501,#502,#503,#504,#505,#506,#507,
#508,#509,#510,#511,#512,#513,#514,#515,#516,#517,#518,#519,#520),#256,
 .T.);
#9248=ADVANCED_FACE('',(#667,#521,#522,#523),#257,.F.);
#9249=ADVANCED_FACE('',(#668),#258,.F.);
#9250=ADVANCED_FACE('',(#669,#524,#525,#526,#527),#259,.F.);
#9251=ADVANCED_FACE('',(#670),#260,.F.);
#9252=ADVANCED_FACE('',(#671,#528,#529),#261,.F.);
#9253=ADVANCED_FACE('',(#672),#262,.F.);
#9254=ADVANCED_FACE('',(#673),#263,.F.);
#9255=ADVANCED_FACE('',(#674),#264,.F.);
#9256=ADVANCED_FACE('',(#675),#265,.F.);
#9257=ADVANCED_FACE('',(#676),#266,.F.);
#9258=ADVANCED_FACE('',(#677),#267,.F.);
#9259=ADVANCED_FACE('',(#678),#268,.F.);
#9260=ADVANCED_FACE('',(#679,#530,#531,#532,#533,#534),#269,.T.);
#9261=ADVANCED_FACE('',(#680),#9124,.F.);
#9262=ADVANCED_FACE('',(#681,#535),#270,.F.);
#9263=ADVANCED_FACE('',(#682),#9125,.F.);
#9264=ADVANCED_FACE('',(#683),#9126,.F.);
#9265=ADVANCED_FACE('',(#684),#271,.F.);
#9266=ADVANCED_FACE('',(#685),#272,.F.);
#9267=ADVANCED_FACE('',(#686),#273,.F.);
#9268=ADVANCED_FACE('',(#687),#274,.F.);
#9269=ADVANCED_FACE('',(#688),#275,.F.);
#9270=ADVANCED_FACE('',(#689),#276,.F.);
#9271=ADVANCED_FACE('',(#690),#277,.F.);
#9272=ADVANCED_FACE('',(#691),#278,.F.);
#9273=ADVANCED_FACE('',(#692),#279,.F.);
#9274=ADVANCED_FACE('',(#693,#536,#537,#538,#539,#540),#280,.F.);
#9275=ADVANCED_FACE('',(#694),#281,.F.);
#9276=ADVANCED_FACE('',(#695),#282,.F.);
#9277=ADVANCED_FACE('',(#696),#283,.F.);
#9278=ADVANCED_FACE('',(#697),#284,.F.);
#9279=ADVANCED_FACE('',(#698),#9127,.F.);
#9280=ADVANCED_FACE('',(#699,#541,#542,#543,#544),#285,.F.);
#9281=ADVANCED_FACE('',(#700),#9128,.T.);
#9282=ADVANCED_FACE('',(#701,#545,#546,#547,#548,#549),#286,.T.);
#9283=ADVANCED_FACE('',(#702),#9129,.F.);
#9284=ADVANCED_FACE('',(#703),#287,.F.);
#9285=ADVANCED_FACE('',(#704),#9130,.T.);
#9286=ADVANCED_FACE('',(#705,#550),#288,.T.);
#9287=ADVANCED_FACE('',(#706),#9131,.T.);
#9288=ADVANCED_FACE('',(#707,#551),#289,.T.);
#9289=ADVANCED_FACE('',(#708),#290,.F.);
#9290=ADVANCED_FACE('',(#709),#9132,.T.);
#9291=ADVANCED_FACE('',(#710,#552),#291,.T.);
#9292=ADVANCED_FACE('',(#711),#9133,.F.);
#9293=ADVANCED_FACE('',(#712),#292,.F.);
#9294=ADVANCED_FACE('',(#713),#9134,.T.);
#9295=ADVANCED_FACE('',(#714,#553),#293,.T.);
#9296=ADVANCED_FACE('',(#715),#9135,.F.);
#9297=ADVANCED_FACE('',(#716),#9136,.F.);
#9298=ADVANCED_FACE('',(#717),#9137,.T.);
#9299=ADVANCED_FACE('',(#718),#9138,.T.);
#9300=ADVANCED_FACE('',(#719),#9139,.T.);
#9301=ADVANCED_FACE('',(#720),#9140,.F.);
#9302=ADVANCED_FACE('',(#721),#9141,.F.);
#9303=ADVANCED_FACE('',(#722),#9142,.F.);
#9304=ADVANCED_FACE('',(#723),#9143,.F.);
#9305=ADVANCED_FACE('',(#724),#294,.T.);
#9306=ADVANCED_FACE('',(#725),#15,.T.);
#9307=ADVANCED_FACE('',(#726),#295,.T.);
#9308=ADVANCED_FACE('',(#727),#16,.T.);
#9309=ADVANCED_FACE('',(#728),#296,.T.);
#9310=ADVANCED_FACE('',(#729),#17,.T.);
#9311=ADVANCED_FACE('',(#730),#18,.T.);
#9312=ADVANCED_FACE('',(#731),#19,.T.);
#9313=ADVANCED_FACE('',(#732),#297,.T.);
#9314=ADVANCED_FACE('',(#733),#20,.T.);
#9315=ADVANCED_FACE('',(#734),#21,.T.);
#9316=ADVANCED_FACE('',(#735),#22,.T.);
#9317=ADVANCED_FACE('',(#736),#298,.T.);
#9318=ADVANCED_FACE('',(#737),#23,.T.);
#9319=ADVANCED_FACE('',(#738),#299,.T.);
#9320=ADVANCED_FACE('',(#739),#24,.T.);
#9321=ADVANCED_FACE('',(#740),#300,.T.);
#9322=ADVANCED_FACE('',(#741),#25,.T.);
#9323=ADVANCED_FACE('',(#742),#301,.T.);
#9324=ADVANCED_FACE('',(#743),#302,.T.);
#9325=ADVANCED_FACE('',(#744),#26,.T.);
#9326=ADVANCED_FACE('',(#745),#27,.T.);
#9327=ADVANCED_FACE('',(#746),#28,.T.);
#9328=ADVANCED_FACE('',(#747),#29,.T.);
#9329=ADVANCED_FACE('',(#748,#554),#303,.T.);
#9330=ADVANCED_FACE('',(#749),#304,.T.);
#9331=ADVANCED_FACE('',(#750),#305,.T.);
#9332=ADVANCED_FACE('',(#751),#306,.T.);
#9333=ADVANCED_FACE('',(#752),#91,.T.);
#9334=ADVANCED_FACE('',(#753),#92,.T.);
#9335=ADVANCED_FACE('',(#754),#307,.T.);
#9336=ADVANCED_FACE('',(#755),#308,.T.);
#9337=ADVANCED_FACE('',(#756),#309,.T.);
#9338=ADVANCED_FACE('',(#757),#310,.T.);
#9339=ADVANCED_FACE('',(#758),#311,.T.);
#9340=ADVANCED_FACE('',(#759),#312,.T.);
#9341=ADVANCED_FACE('',(#760),#313,.T.);
#9342=ADVANCED_FACE('',(#761),#314,.T.);
#9343=ADVANCED_FACE('',(#762),#315,.T.);
#9344=ADVANCED_FACE('',(#763),#316,.T.);
#9345=ADVANCED_FACE('',(#764),#317,.T.);
#9346=ADVANCED_FACE('',(#765),#318,.T.);
#9347=ADVANCED_FACE('',(#766),#93,.T.);
#9348=ADVANCED_FACE('',(#767),#94,.T.);
#9349=ADVANCED_FACE('',(#768),#95,.T.);
#9350=ADVANCED_FACE('',(#769),#96,.T.);
#9351=ADVANCED_FACE('',(#770),#97,.T.);
#9352=ADVANCED_FACE('',(#771),#98,.T.);
#9353=ADVANCED_FACE('',(#772),#99,.T.);
#9354=ADVANCED_FACE('',(#773),#319,.T.);
#9355=ADVANCED_FACE('',(#774),#320,.T.);
#9356=ADVANCED_FACE('',(#775),#321,.T.);
#9357=ADVANCED_FACE('',(#776),#322,.T.);
#9358=ADVANCED_FACE('',(#777),#100,.T.);
#9359=ADVANCED_FACE('',(#778),#101,.T.);
#9360=ADVANCED_FACE('',(#779),#102,.T.);
#9361=ADVANCED_FACE('',(#780),#103,.T.);
#9362=ADVANCED_FACE('',(#781),#104,.T.);
#9363=ADVANCED_FACE('',(#782),#105,.T.);
#9364=ADVANCED_FACE('',(#783),#106,.T.);
#9365=ADVANCED_FACE('',(#784),#107,.T.);
#9366=ADVANCED_FACE('',(#785),#108,.T.);
#9367=ADVANCED_FACE('',(#786),#323,.T.);
#9368=ADVANCED_FACE('',(#787,#555),#324,.T.);
#9369=ADVANCED_FACE('',(#788),#325,.T.);
#9370=ADVANCED_FACE('',(#789),#326,.T.);
#9371=ADVANCED_FACE('',(#790),#327,.T.);
#9372=ADVANCED_FACE('',(#791),#328,.T.);
#9373=ADVANCED_FACE('',(#792),#329,.T.);
#9374=ADVANCED_FACE('',(#793),#330,.T.);
#9375=ADVANCED_FACE('',(#794),#331,.T.);
#9376=ADVANCED_FACE('',(#795),#332,.T.);
#9377=ADVANCED_FACE('',(#796),#333,.T.);
#9378=ADVANCED_FACE('',(#797),#109,.T.);
#9379=ADVANCED_FACE('',(#798),#110,.T.);
#9380=ADVANCED_FACE('',(#799),#111,.T.);
#9381=ADVANCED_FACE('',(#800),#112,.T.);
#9382=ADVANCED_FACE('',(#801),#113,.T.);
#9383=ADVANCED_FACE('',(#802),#334,.T.);
#9384=ADVANCED_FACE('',(#803),#335,.T.);
#9385=ADVANCED_FACE('',(#804),#336,.T.);
#9386=ADVANCED_FACE('',(#805),#337,.T.);
#9387=ADVANCED_FACE('',(#806),#114,.T.);
#9388=ADVANCED_FACE('',(#807),#115,.T.);
#9389=ADVANCED_FACE('',(#808),#116,.T.);
#9390=ADVANCED_FACE('',(#809),#117,.T.);
#9391=ADVANCED_FACE('',(#810),#118,.T.);
#9392=ADVANCED_FACE('',(#811),#119,.T.);
#9393=ADVANCED_FACE('',(#812),#120,.T.);
#9394=ADVANCED_FACE('',(#813),#338,.T.);
#9395=ADVANCED_FACE('',(#814),#339,.T.);
#9396=ADVANCED_FACE('',(#815),#340,.T.);
#9397=ADVANCED_FACE('',(#816),#121,.T.);
#9398=ADVANCED_FACE('',(#817),#122,.T.);
#9399=ADVANCED_FACE('',(#818),#123,.T.);
#9400=ADVANCED_FACE('',(#819),#124,.T.);
#9401=ADVANCED_FACE('',(#820),#341,.T.);
#9402=ADVANCED_FACE('',(#821),#342,.T.);
#9403=ADVANCED_FACE('',(#822),#343,.T.);
#9404=ADVANCED_FACE('',(#823,#556),#344,.T.);
#9405=ADVANCED_FACE('',(#824),#345,.T.);
#9406=ADVANCED_FACE('',(#825),#346,.T.);
#9407=ADVANCED_FACE('',(#826),#125,.T.);
#9408=ADVANCED_FACE('',(#827),#126,.T.);
#9409=ADVANCED_FACE('',(#828),#127,.T.);
#9410=ADVANCED_FACE('',(#829),#128,.T.);
#9411=ADVANCED_FACE('',(#830),#129,.T.);
#9412=ADVANCED_FACE('',(#831),#347,.T.);
#9413=ADVANCED_FACE('',(#832),#348,.T.);
#9414=ADVANCED_FACE('',(#833),#349,.T.);
#9415=ADVANCED_FACE('',(#834),#350,.T.);
#9416=ADVANCED_FACE('',(#835),#130,.T.);
#9417=ADVANCED_FACE('',(#836),#131,.T.);
#9418=ADVANCED_FACE('',(#837),#132,.T.);
#9419=ADVANCED_FACE('',(#838),#133,.T.);
#9420=ADVANCED_FACE('',(#839),#134,.T.);
#9421=ADVANCED_FACE('',(#840),#135,.T.);
#9422=ADVANCED_FACE('',(#841),#136,.T.);
#9423=ADVANCED_FACE('',(#842),#351,.T.);
#9424=ADVANCED_FACE('',(#843),#352,.T.);
#9425=ADVANCED_FACE('',(#844),#353,.T.);
#9426=ADVANCED_FACE('',(#845),#137,.T.);
#9427=ADVANCED_FACE('',(#846),#138,.T.);
#9428=ADVANCED_FACE('',(#847),#139,.T.);
#9429=ADVANCED_FACE('',(#848),#140,.T.);
#9430=ADVANCED_FACE('',(#849),#354,.T.);
#9431=ADVANCED_FACE('',(#850),#355,.T.);
#9432=ADVANCED_FACE('',(#851),#356,.T.);
#9433=ADVANCED_FACE('',(#852,#557),#357,.T.);
#9434=ADVANCED_FACE('',(#853),#358,.T.);
#9435=ADVANCED_FACE('',(#854),#359,.T.);
#9436=ADVANCED_FACE('',(#855),#360,.T.);
#9437=ADVANCED_FACE('',(#856),#361,.T.);
#9438=ADVANCED_FACE('',(#857),#141,.T.);
#9439=ADVANCED_FACE('',(#858),#142,.T.);
#9440=ADVANCED_FACE('',(#859),#362,.T.);
#9441=ADVANCED_FACE('',(#860),#363,.T.);
#9442=ADVANCED_FACE('',(#861),#364,.T.);
#9443=ADVANCED_FACE('',(#862),#365,.T.);
#9444=ADVANCED_FACE('',(#863),#366,.T.);
#9445=ADVANCED_FACE('',(#864),#367,.T.);
#9446=ADVANCED_FACE('',(#865),#368,.T.);
#9447=ADVANCED_FACE('',(#866),#369,.T.);
#9448=ADVANCED_FACE('',(#867),#143,.T.);
#9449=ADVANCED_FACE('',(#868),#144,.T.);
#9450=ADVANCED_FACE('',(#869),#145,.T.);
#9451=ADVANCED_FACE('',(#870),#146,.T.);
#9452=ADVANCED_FACE('',(#871),#147,.T.);
#9453=ADVANCED_FACE('',(#872),#148,.T.);
#9454=ADVANCED_FACE('',(#873),#149,.T.);
#9455=ADVANCED_FACE('',(#874),#150,.T.);
#9456=ADVANCED_FACE('',(#875),#151,.T.);
#9457=ADVANCED_FACE('',(#876),#152,.T.);
#9458=ADVANCED_FACE('',(#877),#153,.T.);
#9459=ADVANCED_FACE('',(#878),#370,.T.);
#9460=ADVANCED_FACE('',(#879),#154,.T.);
#9461=ADVANCED_FACE('',(#880),#155,.T.);
#9462=ADVANCED_FACE('',(#881),#156,.T.);
#9463=ADVANCED_FACE('',(#882),#157,.T.);
#9464=ADVANCED_FACE('',(#883),#158,.T.);
#9465=ADVANCED_FACE('',(#884),#159,.T.);
#9466=ADVANCED_FACE('',(#885),#160,.T.);
#9467=ADVANCED_FACE('',(#886),#161,.T.);
#9468=ADVANCED_FACE('',(#887),#162,.T.);
#9469=ADVANCED_FACE('',(#888),#163,.T.);
#9470=ADVANCED_FACE('',(#889),#164,.T.);
#9471=ADVANCED_FACE('',(#890),#165,.T.);
#9472=ADVANCED_FACE('',(#891),#371,.T.);
#9473=ADVANCED_FACE('',(#892),#372,.T.);
#9474=ADVANCED_FACE('',(#893),#373,.T.);
#9475=ADVANCED_FACE('',(#894),#374,.T.);
#9476=ADVANCED_FACE('',(#895),#375,.T.);
#9477=ADVANCED_FACE('',(#896),#376,.T.);
#9478=ADVANCED_FACE('',(#897),#377,.T.);
#9479=ADVANCED_FACE('',(#898),#378,.T.);
#9480=ADVANCED_FACE('',(#899),#379,.T.);
#9481=ADVANCED_FACE('',(#900),#380,.T.);
#9482=ADVANCED_FACE('',(#901),#381,.T.);
#9483=ADVANCED_FACE('',(#902),#382,.T.);
#9484=ADVANCED_FACE('',(#903),#166,.T.);
#9485=ADVANCED_FACE('',(#904),#167,.T.);
#9486=ADVANCED_FACE('',(#905),#168,.T.);
#9487=ADVANCED_FACE('',(#906),#169,.T.);
#9488=ADVANCED_FACE('',(#907),#170,.T.);
#9489=ADVANCED_FACE('',(#908),#171,.T.);
#9490=ADVANCED_FACE('',(#909),#172,.T.);
#9491=ADVANCED_FACE('',(#910),#173,.T.);
#9492=ADVANCED_FACE('',(#911),#174,.T.);
#9493=ADVANCED_FACE('',(#912),#175,.T.);
#9494=ADVANCED_FACE('',(#913),#176,.T.);
#9495=ADVANCED_FACE('',(#914),#177,.T.);
#9496=ADVANCED_FACE('',(#915),#178,.T.);
#9497=ADVANCED_FACE('',(#916),#179,.T.);
#9498=ADVANCED_FACE('',(#917),#180,.T.);
#9499=ADVANCED_FACE('',(#918),#181,.T.);
#9500=ADVANCED_FACE('',(#919),#182,.T.);
#9501=ADVANCED_FACE('',(#920),#183,.T.);
#9502=ADVANCED_FACE('',(#921),#184,.T.);
#9503=ADVANCED_FACE('',(#922),#185,.T.);
#9504=ADVANCED_FACE('',(#923,#558),#383,.T.);
#9505=ADVANCED_FACE('',(#924),#384,.T.);
#9506=ADVANCED_FACE('',(#925),#385,.T.);
#9507=ADVANCED_FACE('',(#926),#386,.T.);
#9508=ADVANCED_FACE('',(#927),#186,.T.);
#9509=ADVANCED_FACE('',(#928),#187,.T.);
#9510=ADVANCED_FACE('',(#929),#387,.T.);
#9511=ADVANCED_FACE('',(#930),#388,.T.);
#9512=ADVANCED_FACE('',(#931),#389,.T.);
#9513=ADVANCED_FACE('',(#932),#390,.T.);
#9514=ADVANCED_FACE('',(#933),#391,.T.);
#9515=ADVANCED_FACE('',(#934),#392,.T.);
#9516=ADVANCED_FACE('',(#935),#393,.T.);
#9517=ADVANCED_FACE('',(#936),#394,.T.);
#9518=ADVANCED_FACE('',(#937),#395,.T.);
#9519=ADVANCED_FACE('',(#938,#559),#396,.T.);
#9520=ADVANCED_FACE('',(#939),#397,.T.);
#9521=ADVANCED_FACE('',(#940),#398,.T.);
#9522=ADVANCED_FACE('',(#941),#399,.T.);
#9523=ADVANCED_FACE('',(#942),#400,.T.);
#9524=ADVANCED_FACE('',(#943),#401,.T.);
#9525=ADVANCED_FACE('',(#944),#402,.T.);
#9526=ADVANCED_FACE('',(#945),#403,.T.);
#9527=ADVANCED_FACE('',(#946),#404,.T.);
#9528=ADVANCED_FACE('',(#947),#188,.T.);
#9529=ADVANCED_FACE('',(#948),#189,.T.);
#9530=ADVANCED_FACE('',(#949),#405,.T.);
#9531=ADVANCED_FACE('',(#950),#406,.T.);
#9532=ADVANCED_FACE('',(#951),#407,.T.);
#9533=ADVANCED_FACE('',(#952),#408,.T.);
#9534=ADVANCED_FACE('',(#953),#409,.T.);
#9535=ADVANCED_FACE('',(#954),#410,.T.);
#9536=ADVANCED_FACE('',(#955),#411,.T.);
#9537=ADVANCED_FACE('',(#956),#412,.T.);
#9538=ADVANCED_FACE('',(#957),#413,.T.);
#9539=ADVANCED_FACE('',(#958,#560),#414,.T.);
#9540=ADVANCED_FACE('',(#959),#415,.T.);
#9541=ADVANCED_FACE('',(#960),#416,.T.);
#9542=ADVANCED_FACE('',(#961),#417,.T.);
#9543=ADVANCED_FACE('',(#962),#418,.T.);
#9544=ADVANCED_FACE('',(#963),#419,.T.);
#9545=ADVANCED_FACE('',(#964),#420,.T.);
#9546=ADVANCED_FACE('',(#965),#421,.T.);
#9547=ADVANCED_FACE('',(#966),#422,.T.);
#9548=ADVANCED_FACE('',(#967),#423,.T.);
#9549=ADVANCED_FACE('',(#968),#424,.T.);
#9550=ADVANCED_FACE('',(#969),#425,.T.);
#9551=ADVANCED_FACE('',(#970),#426,.T.);
#9552=ADVANCED_FACE('',(#971),#427,.T.);
#9553=ADVANCED_FACE('',(#972),#428,.T.);
#9554=ADVANCED_FACE('',(#973),#190,.T.);
#9555=ADVANCED_FACE('',(#974),#191,.T.);
#9556=ADVANCED_FACE('',(#975),#429,.T.);
#9557=ADVANCED_FACE('',(#976),#430,.T.);
#9558=ADVANCED_FACE('',(#977),#431,.T.);
#9559=ADVANCED_FACE('',(#978),#432,.T.);
#9560=ADVANCED_FACE('',(#979),#433,.T.);
#9561=ADVANCED_FACE('',(#980),#434,.T.);
#9562=ADVANCED_FACE('',(#981),#435,.T.);
#9563=ADVANCED_FACE('',(#982),#436,.T.);
#9564=ADVANCED_FACE('',(#983),#437,.T.);
#9565=ADVANCED_FACE('',(#984,#561),#438,.T.);
#9566=ADVANCED_FACE('',(#985),#439,.T.);
#9567=ADVANCED_FACE('',(#986),#440,.T.);
#9568=ADVANCED_FACE('',(#987),#441,.T.);
#9569=ADVANCED_FACE('',(#988),#192,.T.);
#9570=ADVANCED_FACE('',(#989),#193,.T.);
#9571=ADVANCED_FACE('',(#990),#194,.T.);
#9572=ADVANCED_FACE('',(#991),#195,.T.);
#9573=ADVANCED_FACE('',(#992),#196,.T.);
#9574=ADVANCED_FACE('',(#993),#197,.T.);
#9575=ADVANCED_FACE('',(#994),#442,.T.);
#9576=ADVANCED_FACE('',(#995),#443,.T.);
#9577=ADVANCED_FACE('',(#996),#444,.T.);
#9578=ADVANCED_FACE('',(#997),#198,.T.);
#9579=ADVANCED_FACE('',(#998),#199,.T.);
#9580=ADVANCED_FACE('',(#999),#200,.T.);
#9581=ADVANCED_FACE('',(#1000),#201,.T.);
#9582=ADVANCED_FACE('',(#1001),#202,.T.);
#9583=ADVANCED_FACE('',(#1002),#445,.T.);
#9584=ADVANCED_FACE('',(#1003),#446,.T.);
#9585=ADVANCED_FACE('',(#1004),#203,.T.);
#9586=ADVANCED_FACE('',(#1005),#204,.T.);
#9587=ADVANCED_FACE('',(#1006),#205,.T.);
#9588=ADVANCED_FACE('',(#1007),#206,.T.);
#9589=ADVANCED_FACE('',(#1008),#207,.T.);
#9590=ADVANCED_FACE('',(#1009),#208,.T.);
#9591=ADVANCED_FACE('',(#1010),#209,.T.);
#9592=ADVANCED_FACE('',(#1011),#210,.T.);
#9593=ADVANCED_FACE('',(#1012),#211,.T.);
#9594=ADVANCED_FACE('',(#1013),#212,.T.);
#9595=ADVANCED_FACE('',(#1014),#213,.T.);
#9596=ADVANCED_FACE('',(#1015),#214,.T.);
#9597=ADVANCED_FACE('',(#1016),#215,.T.);
#9598=ADVANCED_FACE('',(#1017),#216,.T.);
#9599=ADVANCED_FACE('',(#1018),#217,.T.);
#9600=ADVANCED_FACE('',(#1019),#218,.T.);
#9601=ADVANCED_FACE('',(#1020),#219,.T.);
#9602=ADVANCED_FACE('',(#1021),#220,.T.);
#9603=ADVANCED_FACE('',(#1022),#221,.T.);
#9604=ADVANCED_FACE('',(#1023),#222,.T.);
#9605=ADVANCED_FACE('',(#1024,#562),#447,.T.);
#9606=ADVANCED_FACE('',(#1025),#448,.T.);
#9607=ADVANCED_FACE('',(#1026),#449,.F.);
#9608=ADVANCED_FACE('',(#1027),#450,.F.);
#9609=ADVANCED_FACE('',(#1028),#451,.F.);
#9610=ADVANCED_FACE('',(#1029),#452,.F.);
#9611=ADVANCED_FACE('',(#1030),#453,.F.);
#9612=ADVANCED_FACE('',(#1031),#454,.F.);
#9613=ADVANCED_FACE('',(#1032),#455,.F.);
#9614=ADVANCED_FACE('',(#1033),#456,.F.);
#9615=ADVANCED_FACE('',(#1034),#457,.F.);
#9616=ADVANCED_FACE('',(#1035),#458,.F.);
#9617=ADVANCED_FACE('',(#1036),#459,.T.);
#9618=ADVANCED_FACE('',(#1037),#460,.F.);
#9619=ADVANCED_FACE('',(#1038),#9144,.F.);
#9620=ADVANCED_FACE('',(#1039,#563,#564,#565),#461,.F.);
#9621=ADVANCED_FACE('',(#1040),#462,.F.);
#9622=ADVANCED_FACE('',(#1041),#463,.F.);
#9623=ADVANCED_FACE('',(#1042),#9145,.F.);
#9624=ADVANCED_FACE('',(#1043,#566,#567,#568,#569,#570,#571),#464,.T.);
#9625=ADVANCED_FACE('',(#1044,#572,#573,#574,#575),#465,.T.);
#9626=ADVANCED_FACE('',(#1045),#466,.F.);
#9627=ADVANCED_FACE('',(#1046),#467,.F.);
#9628=ADVANCED_FACE('',(#1047),#468,.F.);
#9629=ADVANCED_FACE('',(#1048),#9146,.F.);
#9630=ADVANCED_FACE('',(#1049),#469,.F.);
#9631=ADVANCED_FACE('',(#1050),#470,.F.);
#9632=ADVANCED_FACE('',(#1051),#471,.F.);
#9633=ADVANCED_FACE('',(#1052),#9147,.F.);
#9634=ADVANCED_FACE('',(#1053),#472,.F.);
#9635=ADVANCED_FACE('',(#1054),#9148,.T.);
#9636=ADVANCED_FACE('',(#1055),#9149,.T.);
#9637=ADVANCED_FACE('',(#1056),#473,.T.);
#9638=ADVANCED_FACE('',(#1057),#9150,.T.);
#9639=ADVANCED_FACE('',(#1058),#9151,.T.);
#9640=ADVANCED_FACE('',(#1059),#9152,.T.);
#9641=ADVANCED_FACE('',(#1060),#9153,.T.);
#9642=ADVANCED_FACE('',(#1061),#9154,.T.);
#9643=ADVANCED_FACE('',(#1062),#9155,.T.);
#9644=ADVANCED_FACE('',(#1063),#9156,.T.);
#9645=ADVANCED_FACE('',(#1064),#9157,.T.);
#9646=ADVANCED_FACE('',(#1065),#9158,.T.);
#9647=ADVANCED_FACE('',(#1066),#9159,.T.);
#9648=ADVANCED_FACE('',(#1067),#9160,.F.);
#9649=ADVANCED_FACE('',(#1068),#9161,.F.);
#9650=ADVANCED_FACE('',(#1069),#9162,.F.);
#9651=ADVANCED_FACE('',(#1070),#9163,.F.);
#9652=ADVANCED_FACE('',(#1071),#9164,.F.);
#9653=ADVANCED_FACE('',(#1072),#9165,.F.);
#9654=ADVANCED_FACE('',(#1073),#9166,.F.);
#9655=ADVANCED_FACE('',(#1074),#474,.F.);
#9656=ADVANCED_FACE('',(#1075,#576,#577,#578,#579),#475,.F.);
#9657=ADVANCED_FACE('',(#1076,#580,#581,#582,#583),#476,.T.);
#9658=ADVANCED_FACE('',(#1077,#584,#585),#477,.T.);
#9659=CLOSED_SHELL('',(#9167,#9168,#9169,#9170,#9171,#9172,#9173,#9174,
#9175,#9176,#9177,#9178,#9179,#9180,#9181,#9182,#9183,#9184,#9185,#9186,
#9187,#9188,#9189,#9190,#9191,#9192,#9193,#9194,#9195,#9196,#9197,#9198,
#9199,#9200,#9201,#9202,#9203,#9204,#9205,#9206,#9207,#9208,#9209,#9210,
#9211,#9212,#9213,#9214,#9215,#9216,#9217,#9218,#9219,#9220,#9221,#9222,
#9223,#9224,#9225,#9226,#9227,#9228,#9229,#9230,#9231,#9232,#9233,#9234,
#9235,#9236,#9237,#9238,#9239,#9240,#9241,#9242,#9243,#9244,#9245,#9246,
#9247,#9248,#9249,#9250,#9251,#9252,#9253,#9254,#9255,#9256,#9257,#9258,
#9259,#9260,#9261,#9262,#9263,#9264,#9265,#9266,#9267,#9268,#9269,#9270,
#9271,#9272,#9273,#9274,#9275,#9276,#9277,#9278,#9279,#9280,#9281,#9282,
#9283,#9284,#9285,#9286,#9287,#9288,#9289,#9290,#9291,#9292,#9293,#9294,
#9295,#9296,#9297,#9298,#9299,#9300,#9301,#9302,#9303,#9304,#9305,#9306,
#9307,#9308,#9309,#9310,#9311,#9312,#9313,#9314,#9315,#9316,#9317,#9318,
#9319,#9320,#9321,#9322,#9323,#9324,#9325,#9326,#9327,#9328,#9329,#9330,
#9331,#9332,#9333,#9334,#9335,#9336,#9337,#9338,#9339,#9340,#9341,#9342,
#9343,#9344,#9345,#9346,#9347,#9348,#9349,#9350,#9351,#9352,#9353,#9354,
#9355,#9356,#9357,#9358,#9359,#9360,#9361,#9362,#9363,#9364,#9365,#9366,
#9367,#9368,#9369,#9370,#9371,#9372,#9373,#9374,#9375,#9376,#9377,#9378,
#9379,#9380,#9381,#9382,#9383,#9384,#9385,#9386,#9387,#9388,#9389,#9390,
#9391,#9392,#9393,#9394,#9395,#9396,#9397,#9398,#9399,#9400,#9401,#9402,
#9403,#9404,#9405,#9406,#9407,#9408,#9409,#9410,#9411,#9412,#9413,#9414,
#9415,#9416,#9417,#9418,#9419,#9420,#9421,#9422,#9423,#9424,#9425,#9426,
#9427,#9428,#9429,#9430,#9431,#9432,#9433,#9434,#9435,#9436,#9437,#9438,
#9439,#9440,#9441,#9442,#9443,#9444,#9445,#9446,#9447,#9448,#9449,#9450,
#9451,#9452,#9453,#9454,#9455,#9456,#9457,#9458,#9459,#9460,#9461,#9462,
#9463,#9464,#9465,#9466,#9467,#9468,#9469,#9470,#9471,#9472,#9473,#9474,
#9475,#9476,#9477,#9478,#9479,#9480,#9481,#9482,#9483,#9484,#9485,#9486,
#9487,#9488,#9489,#9490,#9491,#9492,#9493,#9494,#9495,#9496,#9497,#9498,
#9499,#9500,#9501,#9502,#9503,#9504,#9505,#9506,#9507,#9508,#9509,#9510,
#9511,#9512,#9513,#9514,#9515,#9516,#9517,#9518,#9519,#9520,#9521,#9522,
#9523,#9524,#9525,#9526,#9527,#9528,#9529,#9530,#9531,#9532,#9533,#9534,
#9535,#9536,#9537,#9538,#9539,#9540,#9541,#9542,#9543,#9544,#9545,#9546,
#9547,#9548,#9549,#9550,#9551,#9552,#9553,#9554,#9555,#9556,#9557,#9558,
#9559,#9560,#9561,#9562,#9563,#9564,#9565,#9566,#9567,#9568,#9569,#9570,
#9571,#9572,#9573,#9574,#9575,#9576,#9577,#9578,#9579,#9580,#9581,#9582,
#9583,#9584,#9585,#9586,#9587,#9588,#9589,#9590,#9591,#9592,#9593,#9594,
#9595,#9596,#9597,#9598,#9599,#9600,#9601,#9602,#9603,#9604,#9605,#9606,
#9607,#9608,#9609,#9610,#9611,#9612,#9613,#9614,#9615,#9616,#9617,#9618,
#9619,#9620,#9621,#9622,#9623,#9624,#9625,#9626,#9627,#9628,#9629,#9630,
#9631,#9632,#9633,#9634,#9635,#9636,#9637,#9638,#9639,#9640,#9641,#9642,
#9643,#9644,#9645,#9646,#9647,#9648,#9649,#9650,#9651,#9652,#9653,#9654,
#9655,#9656,#9657,#9658));
#9660=DERIVED_UNIT_ELEMENT(#9662,1.);
#9661=DERIVED_UNIT_ELEMENT(#17927,-3.);
#9662=(
MASS_UNIT()
NAMED_UNIT(*)
SI_UNIT(.KILO.,.GRAM.)
);
#9663=DERIVED_UNIT((#9660,#9661));
#9664=MEASURE_REPRESENTATION_ITEM('density measure',
POSITIVE_RATIO_MEASURE(7850.),#9663);
#9665=PROPERTY_DEFINITION_REPRESENTATION(#9670,#9667);
#9666=PROPERTY_DEFINITION_REPRESENTATION(#9671,#9668);
#9667=REPRESENTATION('material name',(#9669),#17924);
#9668=REPRESENTATION('density',(#9664),#17924);
#9669=DESCRIPTIVE_REPRESENTATION_ITEM('Steel','Steel');
#9670=PROPERTY_DEFINITION('material property','material name',#17934);
#9671=PROPERTY_DEFINITION('material property','density of part',#17934);
#9672=AXIS2_PLACEMENT_3D('',#12047,#10165,#10166);
#9673=AXIS2_PLACEMENT_3D('',#12048,#10167,#10168);
#9674=AXIS2_PLACEMENT_3D('',#12050,#10169,#10170);
#9675=AXIS2_PLACEMENT_3D('',#12054,#10172,#10173);
#9676=AXIS2_PLACEMENT_3D('',#12058,#10175,#10176);
#9677=AXIS2_PLACEMENT_3D('',#12081,#10179,#10180);
#9678=AXIS2_PLACEMENT_3D('',#12084,#10182,#10183);
#9679=AXIS2_PLACEMENT_3D('',#12085,#10184,#10185);
#9680=AXIS2_PLACEMENT_3D('',#12087,#10186,#10187);
#9681=AXIS2_PLACEMENT_3D('',#12090,#10189,#10190);
#9682=AXIS2_PLACEMENT_3D('',#12091,#10191,#10192);
#9683=AXIS2_PLACEMENT_3D('',#12093,#10193,#10194);
#9684=AXIS2_PLACEMENT_3D('',#12096,#10196,#10197);
#9685=AXIS2_PLACEMENT_3D('',#12097,#10198,#10199);
#9686=AXIS2_PLACEMENT_3D('',#12099,#10200,#10201);
#9687=AXIS2_PLACEMENT_3D('',#12102,#10203,#10204);
#9688=AXIS2_PLACEMENT_3D('',#12103,#10205,#10206);
#9689=AXIS2_PLACEMENT_3D('',#12105,#10207,#10208);
#9690=AXIS2_PLACEMENT_3D('',#12108,#10210,#10211);
#9691=AXIS2_PLACEMENT_3D('',#12109,#10212,#10213);
#9692=AXIS2_PLACEMENT_3D('',#12111,#10214,#10215);
#9693=AXIS2_PLACEMENT_3D('',#12114,#10217,#10218);
#9694=AXIS2_PLACEMENT_3D('',#12115,#10219,#10220);
#9695=AXIS2_PLACEMENT_3D('',#12117,#10221,#10222);
#9696=AXIS2_PLACEMENT_3D('',#12120,#10224,#10225);
#9697=AXIS2_PLACEMENT_3D('',#12121,#10226,#10227);
#9698=AXIS2_PLACEMENT_3D('',#12126,#10229,#10230);
#9699=AXIS2_PLACEMENT_3D('',#12129,#10232,#10233);
#9700=AXIS2_PLACEMENT_3D('',#12323,#10234,#10235);
#9701=AXIS2_PLACEMENT_3D('',#12329,#10239,#10240);
#9702=AXIS2_PLACEMENT_3D('',#12333,#10243,#10244);
#9703=AXIS2_PLACEMENT_3D('',#12337,#10246,#10247);
#9704=AXIS2_PLACEMENT_3D('',#12339,#10249,#10250);
#9705=AXIS2_PLACEMENT_3D('',#12343,#10252,#10253);
#9706=AXIS2_PLACEMENT_3D('',#12347,#10255,#10256);
#9707=AXIS2_PLACEMENT_3D('',#12351,#10258,#10259);
#9708=AXIS2_PLACEMENT_3D('',#12353,#10261,#10262);
#9709=AXIS2_PLACEMENT_3D('',#12357,#10264,#10265);
#9710=AXIS2_PLACEMENT_3D('',#12360,#10267,#10268);
#9711=AXIS2_PLACEMENT_3D('',#12361,#10269,#10270);
#9712=AXIS2_PLACEMENT_3D('',#12362,#10271,#10272);
#9713=AXIS2_PLACEMENT_3D('',#12366,#10275,#10276);
#9714=AXIS2_PLACEMENT_3D('',#12413,#10278,#10279);
#9715=AXIS2_PLACEMENT_3D('',#12414,#10280,#10281);
#9716=AXIS2_PLACEMENT_3D('',#12415,#10282,#10283);
#9717=AXIS2_PLACEMENT_3D('',#12419,#10285,#10286);
#9718=AXIS2_PLACEMENT_3D('',#12421,#10288,#10289);
#9719=AXIS2_PLACEMENT_3D('',#12423,#10290,#10291);
#9720=AXIS2_PLACEMENT_3D('',#12425,#10292,#10293);
#9721=AXIS2_PLACEMENT_3D('',#12426,#10294,#10295);
#9722=AXIS2_PLACEMENT_3D('',#12427,#10296,#10297);
#9723=AXIS2_PLACEMENT_3D('',#12440,#10300,#10301);
#9724=AXIS2_PLACEMENT_3D('',#12446,#10304,#10305);
#9725=AXIS2_PLACEMENT_3D('',#12449,#10307,#10308);
#9726=AXIS2_PLACEMENT_3D('',#12450,#10309,#10310);
#9727=AXIS2_PLACEMENT_3D('',#12452,#10311,#10312);
#9728=AXIS2_PLACEMENT_3D('',#12454,#10313,#10314);
#9729=AXIS2_PLACEMENT_3D('',#12455,#10315,#10316);
#9730=AXIS2_PLACEMENT_3D('',#12456,#10317,#10318);
#9731=AXIS2_PLACEMENT_3D('',#12461,#10321,#10322);
#9732=AXIS2_PLACEMENT_3D('',#12517,#10323,#10324);
#9733=AXIS2_PLACEMENT_3D('',#12518,#10325,#10326);
#9734=AXIS2_PLACEMENT_3D('',#12523,#10329,#10330);
#9735=AXIS2_PLACEMENT_3D('',#12524,#10331,#10332);
#9736=AXIS2_PLACEMENT_3D('',#12526,#10333,#10334);
#9737=AXIS2_PLACEMENT_3D('',#12550,#10336,#10337);
#9738=AXIS2_PLACEMENT_3D('',#12554,#10339,#10340);
#9739=AXIS2_PLACEMENT_3D('',#12558,#10342,#10343);
#9740=AXIS2_PLACEMENT_3D('',#12571,#10345,#10346);
#9741=AXIS2_PLACEMENT_3D('',#12580,#10351,#10352);
#9742=AXIS2_PLACEMENT_3D('',#12589,#10358,#10359);
#9743=AXIS2_PLACEMENT_3D('',#12597,#10363,#10364);
#9744=AXIS2_PLACEMENT_3D('',#12598,#10365,#10366);
#9745=AXIS2_PLACEMENT_3D('',#12604,#10370,#10371);
#9746=AXIS2_PLACEMENT_3D('',#12618,#10374,#10375);
#9747=AXIS2_PLACEMENT_3D('',#12655,#10376,#10377);
#9748=AXIS2_PLACEMENT_3D('',#12657,#10378,#10379);
#9749=AXIS2_PLACEMENT_3D('',#12666,#10380,#10381);
#9750=AXIS2_PLACEMENT_3D('',#12686,#10382,#10383);
#9751=AXIS2_PLACEMENT_3D('',#12687,#10384,#10385);
#9752=AXIS2_PLACEMENT_3D('',#12690,#10388,#10389);
#9753=AXIS2_PLACEMENT_3D('',#12696,#10393,#10394);
#9754=AXIS2_PLACEMENT_3D('',#12700,#10397,#10398);
#9755=AXIS2_PLACEMENT_3D('',#12704,#10401,#10402);
#9756=AXIS2_PLACEMENT_3D('',#12705,#10403,#10404);
#9757=AXIS2_PLACEMENT_3D('',#12706,#10405,#10406);
#9758=AXIS2_PLACEMENT_3D('',#12707,#10407,#10408);
#9759=AXIS2_PLACEMENT_3D('',#12708,#10409,#10410);
#9760=AXIS2_PLACEMENT_3D('',#12710,#10411,#10412);
#9761=AXIS2_PLACEMENT_3D('',#12712,#10413,#10414);
#9762=AXIS2_PLACEMENT_3D('',#12713,#10415,#10416);
#9763=AXIS2_PLACEMENT_3D('',#12714,#10417,#10418);
#9764=AXIS2_PLACEMENT_3D('',#12716,#10419,#10420);
#9765=AXIS2_PLACEMENT_3D('',#12717,#10421,#10422);
#9766=AXIS2_PLACEMENT_3D('',#12718,#10423,#10424);
#9767=AXIS2_PLACEMENT_3D('',#12720,#10425,#10426);
#9768=AXIS2_PLACEMENT_3D('',#12722,#10428,#10429);
#9769=AXIS2_PLACEMENT_3D('',#12726,#10432,#10433);
#9770=AXIS2_PLACEMENT_3D('',#12727,#10434,#10435);
#9771=AXIS2_PLACEMENT_3D('',#12729,#10437,#10438);
#9772=AXIS2_PLACEMENT_3D('',#12733,#10440,#10441);
#9773=AXIS2_PLACEMENT_3D('',#12734,#10442,#10443);
#9774=AXIS2_PLACEMENT_3D('',#12735,#10444,#10445);
#9775=AXIS2_PLACEMENT_3D('',#12750,#10453,#10454);
#9776=AXIS2_PLACEMENT_3D('',#12752,#10455,#10456);
#9777=AXIS2_PLACEMENT_3D('',#12754,#10457,#10458);
#9778=AXIS2_PLACEMENT_3D('',#12809,#10465,#10466);
#9779=AXIS2_PLACEMENT_3D('',#12819,#10473,#10474);
#9780=AXIS2_PLACEMENT_3D('',#12835,#10483,#10484);
#9781=AXIS2_PLACEMENT_3D('',#12837,#10485,#10486);
#9782=AXIS2_PLACEMENT_3D('',#12839,#10487,#10488);
#9783=AXIS2_PLACEMENT_3D('',#12840,#10489,#10490);
#9784=AXIS2_PLACEMENT_3D('',#12854,#10498,#10499);
#9785=AXIS2_PLACEMENT_3D('',#12856,#10500,#10501);
#9786=AXIS2_PLACEMENT_3D('',#12858,#10502,#10503);
#9787=AXIS2_PLACEMENT_3D('',#12859,#10504,#10505);
#9788=AXIS2_PLACEMENT_3D('',#12860,#10506,#10507);
#9789=AXIS2_PLACEMENT_3D('',#12866,#10511,#10512);
#9790=AXIS2_PLACEMENT_3D('',#12919,#10518,#10519);
#9791=AXIS2_PLACEMENT_3D('',#12971,#10525,#10526);
#9792=AXIS2_PLACEMENT_3D('',#13000,#10531,#10532);
#9793=AXIS2_PLACEMENT_3D('',#13006,#10536,#10537);
#9794=AXIS2_PLACEMENT_3D('',#13012,#10541,#10542);
#9795=AXIS2_PLACEMENT_3D('',#13064,#10548,#10549);
#9796=AXIS2_PLACEMENT_3D('',#13067,#10552,#10553);
#9797=AXIS2_PLACEMENT_3D('',#13104,#10557,#10558);
#9798=AXIS2_PLACEMENT_3D('',#13142,#10563,#10564);
#9799=AXIS2_PLACEMENT_3D('',#13163,#10568,#10569);
#9800=AXIS2_PLACEMENT_3D('',#13167,#10572,#10573);
#9801=AXIS2_PLACEMENT_3D('',#13171,#10576,#10577);
#9802=AXIS2_PLACEMENT_3D('',#13209,#10582,#10583);
#9803=AXIS2_PLACEMENT_3D('',#13211,#10585,#10586);
#9804=AXIS2_PLACEMENT_3D('',#13212,#10587,#10588);
#9805=AXIS2_PLACEMENT_3D('',#13234,#10600,#10601);
#9806=AXIS2_PLACEMENT_3D('',#13681,#10651,#10652);
#9807=AXIS2_PLACEMENT_3D('',#13683,#10653,#10654);
#9808=AXIS2_PLACEMENT_3D('',#13685,#10655,#10656);
#9809=AXIS2_PLACEMENT_3D('',#13687,#10657,#10658);
#9810=AXIS2_PLACEMENT_3D('',#14023,#10718,#10719);
#9811=AXIS2_PLACEMENT_3D('',#14047,#10732,#10733);
#9812=AXIS2_PLACEMENT_3D('',#14049,#10734,#10735);
#9813=AXIS2_PLACEMENT_3D('',#14051,#10736,#10737);
#9814=AXIS2_PLACEMENT_3D('',#14052,#10738,#10739);
#9815=AXIS2_PLACEMENT_3D('',#14058,#10742,#10743);
#9816=AXIS2_PLACEMENT_3D('',#14062,#10746,#10747);
#9817=AXIS2_PLACEMENT_3D('',#14063,#10748,#10749);
#9818=AXIS2_PLACEMENT_3D('',#14069,#10752,#10753);
#9819=AXIS2_PLACEMENT_3D('',#14082,#10760,#10761);
#9820=AXIS2_PLACEMENT_3D('',#14085,#10762,#10763);
#9821=AXIS2_PLACEMENT_3D('',#14086,#10764,#10765);
#9822=AXIS2_PLACEMENT_3D('',#14088,#10766,#10767);
#9823=AXIS2_PLACEMENT_3D('',#14097,#10772,#10773);
#9824=AXIS2_PLACEMENT_3D('',#14103,#10777,#10778);
#9825=AXIS2_PLACEMENT_3D('',#14118,#10787,#10788);
#9826=AXIS2_PLACEMENT_3D('',#14120,#10790,#10791);
#9827=AXIS2_PLACEMENT_3D('',#14123,#10794,#10795);
#9828=AXIS2_PLACEMENT_3D('',#14124,#10796,#10797);
#9829=AXIS2_PLACEMENT_3D('',#14127,#10800,#10801);
#9830=AXIS2_PLACEMENT_3D('',#14129,#10803,#10804);
#9831=AXIS2_PLACEMENT_3D('',#14131,#10806,#10807);
#9832=AXIS2_PLACEMENT_3D('',#14132,#10808,#10809);
#9833=AXIS2_PLACEMENT_3D('',#14145,#10816,#10817);
#9834=AXIS2_PLACEMENT_3D('',#14147,#10818,#10819);
#9835=AXIS2_PLACEMENT_3D('',#14150,#10820,#10821);
#9836=AXIS2_PLACEMENT_3D('',#14151,#10822,#10823);
#9837=AXIS2_PLACEMENT_3D('',#14152,#10824,#10825);
#9838=AXIS2_PLACEMENT_3D('',#14155,#10827,#10828);
#9839=AXIS2_PLACEMENT_3D('',#14156,#10829,#10830);
#9840=AXIS2_PLACEMENT_3D('',#14158,#10831,#10832);
#9841=AXIS2_PLACEMENT_3D('',#14159,#10833,#10834);
#9842=AXIS2_PLACEMENT_3D('',#14164,#10836,#10837);
#9843=AXIS2_PLACEMENT_3D('',#14167,#10839,#10840);
#9844=AXIS2_PLACEMENT_3D('',#14168,#10841,#10842);
#9845=AXIS2_PLACEMENT_3D('',#14171,#10844,#10845);
#9846=AXIS2_PLACEMENT_3D('',#14172,#10846,#10847);
#9847=AXIS2_PLACEMENT_3D('',#14178,#10851,#10852);
#9848=AXIS2_PLACEMENT_3D('',#14195,#10862,#10863);
#9849=AXIS2_PLACEMENT_3D('',#14204,#10868,#10869);
#9850=AXIS2_PLACEMENT_3D('',#14207,#10872,#10873);
#9851=AXIS2_PLACEMENT_3D('',#14213,#10877,#10878);
#9852=AXIS2_PLACEMENT_3D('',#14215,#10880,#10881);
#9853=AXIS2_PLACEMENT_3D('',#14221,#10885,#10886);
#9854=AXIS2_PLACEMENT_3D('',#14223,#10888,#10889);
#9855=AXIS2_PLACEMENT_3D('',#14224,#10890,#10891);
#9856=AXIS2_PLACEMENT_3D('',#14233,#10897,#10898);
#9857=AXIS2_PLACEMENT_3D('',#14236,#10899,#10900);
#9858=AXIS2_PLACEMENT_3D('',#14237,#10901,#10902);
#9859=AXIS2_PLACEMENT_3D('',#14239,#10903,#10904);
#9860=AXIS2_PLACEMENT_3D('',#14240,#10905,#10906);
#9861=AXIS2_PLACEMENT_3D('',#14242,#10908,#10909);
#9862=AXIS2_PLACEMENT_3D('',#14253,#10917,#10918);
#9863=AXIS2_PLACEMENT_3D('',#14254,#10919,#10920);
#9864=AXIS2_PLACEMENT_3D('',#14255,#10921,#10922);
#9865=AXIS2_PLACEMENT_3D('',#14257,#10923,#10924);
#9866=AXIS2_PLACEMENT_3D('',#14260,#10926,#10927);
#9867=AXIS2_PLACEMENT_3D('',#14264,#10929,#10930);
#9868=AXIS2_PLACEMENT_3D('',#14268,#10932,#10933);
#9869=AXIS2_PLACEMENT_3D('',#14272,#10935,#10936);
#9870=AXIS2_PLACEMENT_3D('',#14275,#10938,#10939);
#9871=AXIS2_PLACEMENT_3D('',#14276,#10940,#10941);
#9872=AXIS2_PLACEMENT_3D('',#14302,#10954,#10955);
#9873=AXIS2_PLACEMENT_3D('',#14303,#10956,#10957);
#9874=AXIS2_PLACEMENT_3D('',#14305,#10958,#10959);
#9875=AXIS2_PLACEMENT_3D('',#14306,#10960,#10961);
#9876=AXIS2_PLACEMENT_3D('',#14307,#10962,#10963);
#9877=AXIS2_PLACEMENT_3D('',#14308,#10964,#10965);
#9878=AXIS2_PLACEMENT_3D('',#14309,#10966,#10967);
#9879=AXIS2_PLACEMENT_3D('',#14310,#10968,#10969);
#9880=AXIS2_PLACEMENT_3D('',#14311,#10970,#10971);
#9881=AXIS2_PLACEMENT_3D('',#14319,#10976,#10977);
#9882=AXIS2_PLACEMENT_3D('',#14320,#10978,#10979);
#9883=AXIS2_PLACEMENT_3D('',#14321,#10980,#10981);
#9884=AXIS2_PLACEMENT_3D('',#14323,#10982,#10983);
#9885=AXIS2_PLACEMENT_3D('',#14324,#10984,#10985);
#9886=AXIS2_PLACEMENT_3D('',#14325,#10986,#10987);
#9887=AXIS2_PLACEMENT_3D('',#14327,#10988,#10989);
#9888=AXIS2_PLACEMENT_3D('',#14330,#10991,#10992);
#9889=AXIS2_PLACEMENT_3D('',#14332,#10994,#10995);
#9890=AXIS2_PLACEMENT_3D('',#14333,#10996,#10997);
#9891=AXIS2_PLACEMENT_3D('',#14334,#10998,#10999);
#9892=AXIS2_PLACEMENT_3D('',#14336,#11000,#11001);
#9893=AXIS2_PLACEMENT_3D('',#14339,#11003,#11004);
#9894=AXIS2_PLACEMENT_3D('',#14340,#11005,#11006);
#9895=AXIS2_PLACEMENT_3D('',#14342,#11007,#11008);
#9896=AXIS2_PLACEMENT_3D('',#14343,#11009,#11010);
#9897=AXIS2_PLACEMENT_3D('',#14345,#11011,#11012);
#9898=AXIS2_PLACEMENT_3D('',#14348,#11014,#11015);
#9899=AXIS2_PLACEMENT_3D('',#14349,#11016,#11017);
#9900=AXIS2_PLACEMENT_3D('',#14350,#11018,#11019);
#9901=AXIS2_PLACEMENT_3D('',#14351,#11020,#11021);
#9902=AXIS2_PLACEMENT_3D('',#14352,#11022,#11023);
#9903=AXIS2_PLACEMENT_3D('',#14354,#11024,#11025);
#9904=AXIS2_PLACEMENT_3D('',#14357,#11027,#11028);
#9905=AXIS2_PLACEMENT_3D('',#14358,#11029,#11030);
#9906=AXIS2_PLACEMENT_3D('',#14359,#11031,#11032);
#9907=AXIS2_PLACEMENT_3D('',#14360,#11033,#11034);
#9908=AXIS2_PLACEMENT_3D('',#14361,#11035,#11036);
#9909=AXIS2_PLACEMENT_3D('',#14363,#11037,#11038);
#9910=AXIS2_PLACEMENT_3D('',#14366,#11040,#11041);
#9911=AXIS2_PLACEMENT_3D('',#14367,#11042,#11043);
#9912=AXIS2_PLACEMENT_3D('',#14368,#11044,#11045);
#9913=AXIS2_PLACEMENT_3D('',#14370,#11047,#11048);
#9914=AXIS2_PLACEMENT_3D('',#14371,#11049,#11050);
#9915=AXIS2_PLACEMENT_3D('',#14372,#11051,#11052);
#9916=AXIS2_PLACEMENT_3D('',#14373,#11053,#11054);
#9917=AXIS2_PLACEMENT_3D('',#14374,#11055,#11056);
#9918=AXIS2_PLACEMENT_3D('',#14376,#11058,#11059);
#9919=AXIS2_PLACEMENT_3D('',#14377,#11060,#11061);
#9920=AXIS2_PLACEMENT_3D('',#14379,#11063,#11064);
#9921=AXIS2_PLACEMENT_3D('',#14381,#11066,#11067);
#9922=AXIS2_PLACEMENT_3D('',#14383,#11068,#11069);
#9923=AXIS2_PLACEMENT_3D('',#14385,#11071,#11072);
#9924=AXIS2_PLACEMENT_3D('',#14387,#11074,#11075);
#9925=AXIS2_PLACEMENT_3D('',#14415,#11081,#11082);
#9926=AXIS2_PLACEMENT_3D('',#14440,#11087,#11088);
#9927=AXIS2_PLACEMENT_3D('',#14503,#11095,#11096);
#9928=AXIS2_PLACEMENT_3D('',#14566,#11103,#11104);
#9929=AXIS2_PLACEMENT_3D('',#14591,#11109,#11110);
#9930=AXIS2_PLACEMENT_3D('',#14616,#11115,#11116);
#9931=AXIS2_PLACEMENT_3D('',#14641,#11121,#11122);
#9932=AXIS2_PLACEMENT_3D('',#14644,#11125,#11126);
#9933=AXIS2_PLACEMENT_3D('',#14701,#11131,#11132);
#9934=AXIS2_PLACEMENT_3D('',#14702,#11133,#11134);
#9935=AXIS2_PLACEMENT_3D('',#14708,#11138,#11139);
#9936=AXIS2_PLACEMENT_3D('',#14712,#11142,#11143);
#9937=AXIS2_PLACEMENT_3D('',#14750,#11148,#11149);
#9938=AXIS2_PLACEMENT_3D('',#14754,#11152,#11153);
#9939=AXIS2_PLACEMENT_3D('',#14758,#11156,#11157);
#9940=AXIS2_PLACEMENT_3D('',#14762,#11160,#11161);
#9941=AXIS2_PLACEMENT_3D('',#14766,#11164,#11165);
#9942=AXIS2_PLACEMENT_3D('',#14770,#11168,#11169);
#9943=AXIS2_PLACEMENT_3D('',#14774,#11172,#11173);
#9944=AXIS2_PLACEMENT_3D('',#14778,#11176,#11177);
#9945=AXIS2_PLACEMENT_3D('',#14782,#11180,#11181);
#9946=AXIS2_PLACEMENT_3D('',#14786,#11184,#11185);
#9947=AXIS2_PLACEMENT_3D('',#14788,#11187,#11188);
#9948=AXIS2_PLACEMENT_3D('',#14789,#11189,#11190);
#9949=AXIS2_PLACEMENT_3D('',#14959,#11202,#11203);
#9950=AXIS2_PLACEMENT_3D('',#14965,#11207,#11208);
#9951=AXIS2_PLACEMENT_3D('',#14968,#11211,#11212);
#9952=AXIS2_PLACEMENT_3D('',#14974,#11216,#11217);
#9953=AXIS2_PLACEMENT_3D('',#15131,#11229,#11230);
#9954=AXIS2_PLACEMENT_3D('',#15133,#11232,#11233);
#9955=AXIS2_PLACEMENT_3D('',#15134,#11234,#11235);
#9956=AXIS2_PLACEMENT_3D('',#15135,#11236,#11237);
#9957=AXIS2_PLACEMENT_3D('',#15141,#11241,#11242);
#9958=AXIS2_PLACEMENT_3D('',#15145,#11245,#11246);
#9959=AXIS2_PLACEMENT_3D('',#15149,#11249,#11250);
#9960=AXIS2_PLACEMENT_3D('',#15153,#11253,#11254);
#9961=AXIS2_PLACEMENT_3D('',#15157,#11257,#11258);
#9962=AXIS2_PLACEMENT_3D('',#15159,#11260,#11261);
#9963=AXIS2_PLACEMENT_3D('',#15160,#11262,#11263);
#9964=AXIS2_PLACEMENT_3D('',#15284,#11273,#11274);
#9965=AXIS2_PLACEMENT_3D('',#15290,#11278,#11279);
#9966=AXIS2_PLACEMENT_3D('',#15293,#11282,#11283);
#9967=AXIS2_PLACEMENT_3D('',#15299,#11287,#11288);
#9968=AXIS2_PLACEMENT_3D('',#15422,#11298,#11299);
#9969=AXIS2_PLACEMENT_3D('',#15426,#11302,#11303);
#9970=AXIS2_PLACEMENT_3D('',#15430,#11306,#11307);
#9971=AXIS2_PLACEMENT_3D('',#15502,#11314,#11315);
#9972=AXIS2_PLACEMENT_3D('',#15506,#11318,#11319);
#9973=AXIS2_PLACEMENT_3D('',#15510,#11322,#11323);
#9974=AXIS2_PLACEMENT_3D('',#15512,#11325,#11326);
#9975=AXIS2_PLACEMENT_3D('',#15513,#11327,#11328);
#9976=AXIS2_PLACEMENT_3D('',#15514,#11329,#11330);
#9977=AXIS2_PLACEMENT_3D('',#15638,#11340,#11341);
#9978=AXIS2_PLACEMENT_3D('',#15644,#11345,#11346);
#9979=AXIS2_PLACEMENT_3D('',#15647,#11349,#11350);
#9980=AXIS2_PLACEMENT_3D('',#15653,#11354,#11355);
#9981=AXIS2_PLACEMENT_3D('',#15776,#11365,#11366);
#9982=AXIS2_PLACEMENT_3D('',#15780,#11369,#11370);
#9983=AXIS2_PLACEMENT_3D('',#15784,#11373,#11374);
#9984=AXIS2_PLACEMENT_3D('',#15856,#11381,#11382);
#9985=AXIS2_PLACEMENT_3D('',#15860,#11385,#11386);
#9986=AXIS2_PLACEMENT_3D('',#15864,#11389,#11390);
#9987=AXIS2_PLACEMENT_3D('',#15866,#11392,#11393);
#9988=AXIS2_PLACEMENT_3D('',#15867,#11394,#11395);
#9989=AXIS2_PLACEMENT_3D('',#15868,#11396,#11397);
#9990=AXIS2_PLACEMENT_3D('',#15874,#11401,#11402);
#9991=AXIS2_PLACEMENT_3D('',#15878,#11405,#11406);
#9992=AXIS2_PLACEMENT_3D('',#15916,#11411,#11412);
#9993=AXIS2_PLACEMENT_3D('',#15920,#11415,#11416);
#9994=AXIS2_PLACEMENT_3D('',#15924,#11419,#11420);
#9995=AXIS2_PLACEMENT_3D('',#15928,#11423,#11424);
#9996=AXIS2_PLACEMENT_3D('',#15930,#11426,#11427);
#9997=AXIS2_PLACEMENT_3D('',#15931,#11428,#11429);
#9998=AXIS2_PLACEMENT_3D('',#15937,#11433,#11434);
#9999=AXIS2_PLACEMENT_3D('',#15941,#11437,#11438);
#10000=AXIS2_PLACEMENT_3D('',#16132,#11452,#11453);
#10001=AXIS2_PLACEMENT_3D('',#16340,#11468,#11469);
#10002=AXIS2_PLACEMENT_3D('',#16344,#11472,#11473);
#10003=AXIS2_PLACEMENT_3D('',#16346,#11475,#11476);
#10004=AXIS2_PLACEMENT_3D('',#16347,#11477,#11478);
#10005=AXIS2_PLACEMENT_3D('',#16353,#11482,#11483);
#10006=AXIS2_PLACEMENT_3D('',#16357,#11486,#11487);
#10007=AXIS2_PLACEMENT_3D('',#16361,#11490,#11491);
#10008=AXIS2_PLACEMENT_3D('',#16365,#11494,#11495);
#10009=AXIS2_PLACEMENT_3D('',#16369,#11498,#11499);
#10010=AXIS2_PLACEMENT_3D('',#16373,#11502,#11503);
#10011=AXIS2_PLACEMENT_3D('',#16377,#11506,#11507);
#10012=AXIS2_PLACEMENT_3D('',#16379,#11509,#11510);
#10013=AXIS2_PLACEMENT_3D('',#16774,#11531,#11532);
#10014=AXIS2_PLACEMENT_3D('',#16775,#11533,#11534);
#10015=AXIS2_PLACEMENT_3D('',#16776,#11535,#11536);
#10016=AXIS2_PLACEMENT_3D('',#16785,#11541,#11542);
#10017=AXIS2_PLACEMENT_3D('',#16837,#11548,#11549);
#10018=AXIS2_PLACEMENT_3D('',#16840,#11552,#11553);
#10019=AXIS2_PLACEMENT_3D('',#16846,#11557,#11558);
#10020=AXIS2_PLACEMENT_3D('',#16850,#11561,#11562);
#10021=AXIS2_PLACEMENT_3D('',#16854,#11565,#11566);
#10022=AXIS2_PLACEMENT_3D('',#16858,#11569,#11570);
#10023=AXIS2_PLACEMENT_3D('',#16862,#11573,#11574);
#10024=AXIS2_PLACEMENT_3D('',#16866,#11577,#11578);
#10025=AXIS2_PLACEMENT_3D('',#16870,#11581,#11582);
#10026=AXIS2_PLACEMENT_3D('',#16872,#11584,#11585);
#10027=AXIS2_PLACEMENT_3D('',#16873,#11586,#11587);
#10028=AXIS2_PLACEMENT_3D('',#16874,#11588,#11589);
#10029=AXIS2_PLACEMENT_3D('',#16880,#11593,#11594);
#10030=AXIS2_PLACEMENT_3D('',#16884,#11597,#11598);
#10031=AXIS2_PLACEMENT_3D('',#16888,#11601,#11602);
#10032=AXIS2_PLACEMENT_3D('',#16890,#11604,#11605);
#10033=AXIS2_PLACEMENT_3D('',#16891,#11606,#11607);
#10034=AXIS2_PLACEMENT_3D('',#16900,#11612,#11613);
#10035=AXIS2_PLACEMENT_3D('',#16952,#11619,#11620);
#10036=AXIS2_PLACEMENT_3D('',#16955,#11623,#11624);
#10037=AXIS2_PLACEMENT_3D('',#16961,#11628,#11629);
#10038=AXIS2_PLACEMENT_3D('',#16965,#11632,#11633);
#10039=AXIS2_PLACEMENT_3D('',#16969,#11636,#11637);
#10040=AXIS2_PLACEMENT_3D('',#16973,#11640,#11641);
#10041=AXIS2_PLACEMENT_3D('',#16977,#11644,#11645);
#10042=AXIS2_PLACEMENT_3D('',#16981,#11648,#11649);
#10043=AXIS2_PLACEMENT_3D('',#16985,#11652,#11653);
#10044=AXIS2_PLACEMENT_3D('',#16987,#11655,#11656);
#10045=AXIS2_PLACEMENT_3D('',#16988,#11657,#11658);
#10046=AXIS2_PLACEMENT_3D('',#16989,#11659,#11660);
#10047=AXIS2_PLACEMENT_3D('',#16995,#11664,#11665);
#10048=AXIS2_PLACEMENT_3D('',#16999,#11668,#11669);
#10049=AXIS2_PLACEMENT_3D('',#17003,#11672,#11673);
#10050=AXIS2_PLACEMENT_3D('',#17007,#11676,#11677);
#10051=AXIS2_PLACEMENT_3D('',#17011,#11680,#11681);
#10052=AXIS2_PLACEMENT_3D('',#17015,#11684,#11685);
#10053=AXIS2_PLACEMENT_3D('',#17019,#11688,#11689);
#10054=AXIS2_PLACEMENT_3D('',#17023,#11692,#11693);
#10055=AXIS2_PLACEMENT_3D('',#17027,#11696,#11697);
#10056=AXIS2_PLACEMENT_3D('',#17029,#11699,#11700);
#10057=AXIS2_PLACEMENT_3D('',#17030,#11701,#11702);
#10058=AXIS2_PLACEMENT_3D('',#17039,#11707,#11708);
#10059=AXIS2_PLACEMENT_3D('',#17091,#11714,#11715);
#10060=AXIS2_PLACEMENT_3D('',#17094,#11718,#11719);
#10061=AXIS2_PLACEMENT_3D('',#17100,#11723,#11724);
#10062=AXIS2_PLACEMENT_3D('',#17104,#11727,#11728);
#10063=AXIS2_PLACEMENT_3D('',#17108,#11731,#11732);
#10064=AXIS2_PLACEMENT_3D('',#17112,#11735,#11736);
#10065=AXIS2_PLACEMENT_3D('',#17116,#11739,#11740);
#10066=AXIS2_PLACEMENT_3D('',#17120,#11743,#11744);
#10067=AXIS2_PLACEMENT_3D('',#17124,#11747,#11748);
#10068=AXIS2_PLACEMENT_3D('',#17126,#11750,#11751);
#10069=AXIS2_PLACEMENT_3D('',#17127,#11752,#11753);
#10070=AXIS2_PLACEMENT_3D('',#17128,#11754,#11755);
#10071=AXIS2_PLACEMENT_3D('',#17134,#11759,#11760);
#10072=AXIS2_PLACEMENT_3D('',#17240,#11769,#11770);
#10073=AXIS2_PLACEMENT_3D('',#17244,#11773,#11774);
#10074=AXIS2_PLACEMENT_3D('',#17248,#11777,#11778);
#10075=AXIS2_PLACEMENT_3D('',#17337,#11786,#11787);
#10076=AXIS2_PLACEMENT_3D('',#17339,#11789,#11790);
#10077=AXIS2_PLACEMENT_3D('',#17734,#11811,#11812);
#10078=AXIS2_PLACEMENT_3D('',#17735,#11813,#11814);
#10079=AXIS2_PLACEMENT_3D('',#17736,#11815,#11816);
#10080=AXIS2_PLACEMENT_3D('',#17738,#11818,#11819);
#10081=AXIS2_PLACEMENT_3D('',#17740,#11821,#11822);
#10082=AXIS2_PLACEMENT_3D('',#17741,#11823,#11824);
#10083=AXIS2_PLACEMENT_3D('',#17749,#11829,#11830);
#10084=AXIS2_PLACEMENT_3D('',#17751,#11832,#11833);
#10085=AXIS2_PLACEMENT_3D('',#17756,#11837,#11838);
#10086=AXIS2_PLACEMENT_3D('',#17760,#11841,#11842);
#10087=AXIS2_PLACEMENT_3D('',#17764,#11845,#11846);
#10088=AXIS2_PLACEMENT_3D('',#17768,#11849,#11850);
#10089=AXIS2_PLACEMENT_3D('',#17772,#11853,#11854);
#10090=AXIS2_PLACEMENT_3D('',#17779,#11859,#11860);
#10091=AXIS2_PLACEMENT_3D('',#17781,#11861,#11862);
#10092=AXIS2_PLACEMENT_3D('',#17783,#11864,#11865);
#10093=AXIS2_PLACEMENT_3D('',#17787,#11867,#11868);
#10094=AXIS2_PLACEMENT_3D('',#17789,#11870,#11871);
#10095=AXIS2_PLACEMENT_3D('',#17790,#11872,#11873);
#10096=AXIS2_PLACEMENT_3D('',#17801,#11879,#11880);
#10097=AXIS2_PLACEMENT_3D('',#17803,#11881,#11882);
#10098=AXIS2_PLACEMENT_3D('',#17805,#11883,#11884);
#10099=AXIS2_PLACEMENT_3D('',#17806,#11885,#11886);
#10100=AXIS2_PLACEMENT_3D('',#17807,#11887,#11888);
#10101=AXIS2_PLACEMENT_3D('',#17808,#11889,#11890);
#10102=AXIS2_PLACEMENT_3D('',#17813,#11892,#11893);
#10103=AXIS2_PLACEMENT_3D('',#17815,#11895,#11896);
#10104=AXIS2_PLACEMENT_3D('',#17818,#11898,#11899);
#10105=AXIS2_PLACEMENT_3D('',#17820,#11900,#11901);
#10106=AXIS2_PLACEMENT_3D('',#17824,#11904,#11905);
#10107=AXIS2_PLACEMENT_3D('',#17825,#11906,#11907);
#10108=AXIS2_PLACEMENT_3D('',#17827,#11909,#11910);
#10109=AXIS2_PLACEMENT_3D('',#17835,#11915,#11916);
#10110=AXIS2_PLACEMENT_3D('',#17838,#11917,#11918);
#10111=AXIS2_PLACEMENT_3D('',#17839,#11919,#11920);
#10112=AXIS2_PLACEMENT_3D('',#17840,#11921,#11922);
#10113=AXIS2_PLACEMENT_3D('',#17843,#11924,#11925);
#10114=AXIS2_PLACEMENT_3D('',#17844,#11926,#11927);
#10115=AXIS2_PLACEMENT_3D('',#17846,#11928,#11929);
#10116=AXIS2_PLACEMENT_3D('',#17848,#11930,#11931);
#10117=AXIS2_PLACEMENT_3D('',#17849,#11932,#11933);
#10118=AXIS2_PLACEMENT_3D('',#17850,#11934,#11935);
#10119=AXIS2_PLACEMENT_3D('',#17851,#11936,#11937);
#10120=AXIS2_PLACEMENT_3D('',#17853,#11938,#11939);
#10121=AXIS2_PLACEMENT_3D('',#17854,#11940,#11941);
#10122=AXIS2_PLACEMENT_3D('',#17855,#11942,#11943);
#10123=AXIS2_PLACEMENT_3D('',#17856,#11944,#11945);
#10124=AXIS2_PLACEMENT_3D('',#17857,#11946,#11947);
#10125=AXIS2_PLACEMENT_3D('',#17859,#11949,#11950);
#10126=AXIS2_PLACEMENT_3D('',#17860,#11951,#11952);
#10127=AXIS2_PLACEMENT_3D('',#17861,#11953,#11954);
#10128=AXIS2_PLACEMENT_3D('',#17863,#11955,#11956);
#10129=AXIS2_PLACEMENT_3D('',#17864,#11957,#11958);
#10130=AXIS2_PLACEMENT_3D('',#17865,#11959,#11960);
#10131=AXIS2_PLACEMENT_3D('',#17866,#11961,#11962);
#10132=AXIS2_PLACEMENT_3D('',#17867,#11963,#11964);
#10133=AXIS2_PLACEMENT_3D('',#17869,#11966,#11967);
#10134=AXIS2_PLACEMENT_3D('',#17870,#11968,#11969);
#10135=AXIS2_PLACEMENT_3D('',#17871,#11970,#11971);
#10136=AXIS2_PLACEMENT_3D('',#17872,#11972,#11973);
#10137=AXIS2_PLACEMENT_3D('',#17873,#11974,#11975);
#10138=AXIS2_PLACEMENT_3D('',#17875,#11977,#11978);
#10139=AXIS2_PLACEMENT_3D('',#17876,#11979,#11980);
#10140=AXIS2_PLACEMENT_3D('',#17877,#11981,#11982);
#10141=AXIS2_PLACEMENT_3D('',#17879,#11984,#11985);
#10142=AXIS2_PLACEMENT_3D('',#17882,#11988,#11989);
#10143=AXIS2_PLACEMENT_3D('',#17883,#11990,#11991);
#10144=AXIS2_PLACEMENT_3D('',#17885,#11993,#11994);
#10145=AXIS2_PLACEMENT_3D('',#17887,#11996,#11997);
#10146=AXIS2_PLACEMENT_3D('',#17889,#11999,#12000);
#10147=AXIS2_PLACEMENT_3D('',#17891,#12002,#12003);
#10148=AXIS2_PLACEMENT_3D('',#17892,#12004,#12005);
#10149=AXIS2_PLACEMENT_3D('',#17893,#12006,#12007);
#10150=AXIS2_PLACEMENT_3D('',#17895,#12009,#12010);
#10151=AXIS2_PLACEMENT_3D('',#17897,#12012,#12013);
#10152=AXIS2_PLACEMENT_3D('',#17900,#12016,#12017);
#10153=AXIS2_PLACEMENT_3D('',#17901,#12018,#12019);
#10154=AXIS2_PLACEMENT_3D('',#17903,#12021,#12022);
#10155=AXIS2_PLACEMENT_3D('',#17905,#12024,#12025);
#10156=AXIS2_PLACEMENT_3D('',#17907,#12026,#12027);
#10157=AXIS2_PLACEMENT_3D('',#17910,#12029,#12030);
#10158=AXIS2_PLACEMENT_3D('',#17911,#12031,#12032);
#10159=AXIS2_PLACEMENT_3D('',#17913,#12033,#12034);
#10160=AXIS2_PLACEMENT_3D('',#17916,#12036,#12037);
#10161=AXIS2_PLACEMENT_3D('',#17917,#12038,#12039);
#10162=AXIS2_PLACEMENT_3D('',#17918,#12040,#12041);
#10163=AXIS2_PLACEMENT_3D('',#17920,#12043,#12044);
#10164=AXIS2_PLACEMENT_3D('',#17921,#12045,#12046);
#10165=DIRECTION('axis',(0.,0.,1.));
#10166=DIRECTION('refdir',(1.,0.,0.));
#10167=DIRECTION('center_axis',(0.,-1.,0.));
#10168=DIRECTION('ref_axis',(0.,0.,1.));
#10169=DIRECTION('center_axis',(0.,-1.,0.));
#10170=DIRECTION('ref_axis',(0.,0.,1.));
#10171=DIRECTION('',(0.,-1.,0.));
#10172=DIRECTION('center_axis',(0.,1.,0.));
#10173=DIRECTION('ref_axis',(0.,0.,1.));
#10174=DIRECTION('',(0.,1.,0.));
#10175=DIRECTION('center_axis',(0.,-1.,0.));
#10176=DIRECTION('ref_axis',(0.,0.,1.));
#10177=DIRECTION('',(0.,-1.,0.));
#10178=DIRECTION('',(0.,-1.,0.));
#10179=DIRECTION('center_axis',(0.,1.,0.));
#10180=DIRECTION('ref_axis',(0.,0.,1.));
#10181=DIRECTION('',(0.,1.,0.));
#10182=DIRECTION('center_axis',(0.,1.,0.));
#10183=DIRECTION('ref_axis',(0.,0.,1.));
#10184=DIRECTION('center_axis',(1.,0.,0.));
#10185=DIRECTION('ref_axis',(0.,0.,1.));
#10186=DIRECTION('center_axis',(1.,0.,0.));
#10187=DIRECTION('ref_axis',(0.,0.,1.));
#10188=DIRECTION('',(1.,0.,0.));
#10189=DIRECTION('center_axis',(-1.,0.,0.));
#10190=DIRECTION('ref_axis',(0.,0.,1.));
#10191=DIRECTION('center_axis',(1.,0.,0.));
#10192=DIRECTION('ref_axis',(0.,0.,1.));
#10193=DIRECTION('center_axis',(1.,0.,0.));
#10194=DIRECTION('ref_axis',(0.,0.,1.));
#10195=DIRECTION('',(1.,0.,0.));
#10196=DIRECTION('center_axis',(-1.,0.,0.));
#10197=DIRECTION('ref_axis',(0.,0.,1.));
#10198=DIRECTION('center_axis',(0.,0.,1.));
#10199=DIRECTION('ref_axis',(-1.,0.,0.));
#10200=DIRECTION('center_axis',(0.,0.,1.));
#10201=DIRECTION('ref_axis',(-1.,0.,0.));
#10202=DIRECTION('',(0.,0.,1.));
#10203=DIRECTION('center_axis',(0.,0.,-1.));
#10204=DIRECTION('ref_axis',(-1.,0.,0.));
#10205=DIRECTION('center_axis',(0.,0.,1.));
#10206=DIRECTION('ref_axis',(-1.,0.,0.));
#10207=DIRECTION('center_axis',(0.,0.,1.));
#10208=DIRECTION('ref_axis',(-1.,0.,0.));
#10209=DIRECTION('',(0.,0.,1.));
#10210=DIRECTION('center_axis',(0.,0.,-1.));
#10211=DIRECTION('ref_axis',(-1.,0.,0.));
#10212=DIRECTION('center_axis',(0.,0.,-1.));
#10213=DIRECTION('ref_axis',(1.,0.,0.));
#10214=DIRECTION('center_axis',(0.,0.,-1.));
#10215=DIRECTION('ref_axis',(1.,0.,0.));
#10216=DIRECTION('',(0.,0.,-1.));
#10217=DIRECTION('center_axis',(0.,0.,1.));
#10218=DIRECTION('ref_axis',(1.,0.,0.));
#10219=DIRECTION('center_axis',(0.,0.,-1.));
#10220=DIRECTION('ref_axis',(1.,0.,0.));
#10221=DIRECTION('center_axis',(0.,0.,-1.));
#10222=DIRECTION('ref_axis',(1.,0.,0.));
#10223=DIRECTION('',(0.,0.,-1.));
#10224=DIRECTION('center_axis',(0.,0.,1.));
#10225=DIRECTION('ref_axis',(1.,0.,0.));
#10226=DIRECTION('center_axis',(-1.,0.,0.));
#10227=DIRECTION('ref_axis',(0.,1.,0.));
#10228=DIRECTION('',(-1.,0.,0.));
#10229=DIRECTION('center_axis',(-1.,0.,0.));
#10230=DIRECTION('ref_axis',(0.,1.,0.));
#10231=DIRECTION('',(1.,0.,0.));
#10232=DIRECTION('center_axis',(1.,0.,0.));
#10233=DIRECTION('ref_axis',(0.,1.,0.));
#10234=DIRECTION('center_axis',(-1.,0.,0.));
#10235=DIRECTION('ref_axis',(0.,0.,-1.));
#10236=DIRECTION('',(0.,-1.,0.));
#10237=DIRECTION('',(0.,0.,1.));
#10238=DIRECTION('',(0.,-1.,0.));
#10239=DIRECTION('center_axis',(0.,0.,1.));
#10240=DIRECTION('ref_axis',(-1.,0.,0.));
#10241=DIRECTION('',(0.,-1.,0.));
#10242=DIRECTION('',(1.,0.,0.));
#10243=DIRECTION('center_axis',(0.,-1.,0.));
#10244=DIRECTION('ref_axis',(0.,0.,1.));
#10245=DIRECTION('',(0.,1.,0.));
#10246=DIRECTION('center_axis',(0.,-1.,0.));
#10247=DIRECTION('ref_axis',(0.,0.,1.));
#10248=DIRECTION('',(0.,-1.,0.));
#10249=DIRECTION('center_axis',(0.,-1.,0.));
#10250=DIRECTION('ref_axis',(0.545043433529682,0.,-0.838407809819407));
#10251=DIRECTION('',(0.,1.,0.));
#10252=DIRECTION('center_axis',(0.,-1.,0.));
#10253=DIRECTION('ref_axis',(0.,0.,1.));
#10254=DIRECTION('',(0.,-1.,0.));
#10255=DIRECTION('center_axis',(0.,1.,0.));
#10256=DIRECTION('ref_axis',(0.,0.,1.));
#10257=DIRECTION('',(0.,1.,0.));
#10258=DIRECTION('center_axis',(0.,-1.,0.));
#10259=DIRECTION('ref_axis',(0.,0.,1.));
#10260=DIRECTION('',(0.,-1.,0.));
#10261=DIRECTION('center_axis',(0.,-1.,0.));
#10262=DIRECTION('ref_axis',(0.,0.,1.));
#10263=DIRECTION('',(0.,1.,0.));
#10264=DIRECTION('center_axis',(0.,-1.,0.));
#10265=DIRECTION('ref_axis',(0.,0.,1.));
#10266=DIRECTION('',(0.,-1.,0.));
#10267=DIRECTION('center_axis',(0.,1.,0.));
#10268=DIRECTION('ref_axis',(0.,0.,1.));
#10269=DIRECTION('center_axis',(0.,-1.,0.));
#10270=DIRECTION('ref_axis',(0.,0.,1.));
#10271=DIRECTION('center_axis',(1.,0.,0.));
#10272=DIRECTION('ref_axis',(0.,0.,1.));
#10273=DIRECTION('',(0.,-1.,0.));
#10274=DIRECTION('',(0.,0.,-1.));
#10275=DIRECTION('center_axis',(0.,0.,-1.));
#10276=DIRECTION('ref_axis',(1.,0.,0.));
#10277=DIRECTION('',(-1.,0.,0.));
#10278=DIRECTION('center_axis',(0.514495755427526,-0.857492925712545,0.));
#10279=DIRECTION('ref_axis',(-0.857492925712545,-0.514495755427525,0.));
#10280=DIRECTION('center_axis',(-0.857492925712544,0.514495755427527,0.));
#10281=DIRECTION('ref_axis',(-0.514495755427527,-0.857492925712544,0.));
#10282=DIRECTION('center_axis',(0.,1.,0.));
#10283=DIRECTION('ref_axis',(-0.707106781186547,0.,-0.707106781186547));
#10284=DIRECTION('',(0.,-1.,0.));
#10285=DIRECTION('center_axis',(0.,1.,0.));
#10286=DIRECTION('ref_axis',(-1.,0.,0.));
#10287=DIRECTION('',(0.,-1.,0.));
#10288=DIRECTION('center_axis',(-0.408248290463863,-0.816496580927727,-0.408248290463863));
#10289=DIRECTION('ref_axis',(-0.577350269189626,0.577350269189626,-0.577350269189626));
#10290=DIRECTION('center_axis',(-1.,0.,0.));
#10291=DIRECTION('ref_axis',(0.,0.,1.));
#10292=DIRECTION('center_axis',(0.,0.,-1.));
#10293=DIRECTION('ref_axis',(0.,1.,0.));
#10294=DIRECTION('center_axis',(-1.,0.,0.));
#10295=DIRECTION('ref_axis',(0.,0.,-1.));
#10296=DIRECTION('center_axis',(0.,0.,1.));
#10297=DIRECTION('ref_axis',(-0.707106781186547,0.707106781186547,0.));
#10298=DIRECTION('',(0.,0.,-1.));
#10299=DIRECTION('',(0.,0.,-1.));
#10300=DIRECTION('center_axis',(-1.,0.,0.));
#10301=DIRECTION('ref_axis',(0.,-0.707106781186547,-0.707106781186547));
#10302=DIRECTION('',(1.,0.,0.));
#10303=DIRECTION('',(1.,0.,0.));
#10304=DIRECTION('center_axis',(1.,0.,0.));
#10305=DIRECTION('ref_axis',(0.,-0.707106781186547,-0.707106781186547));
#10306=DIRECTION('',(-1.,0.,0.));
#10307=DIRECTION('center_axis',(1.,0.,0.));
#10308=DIRECTION('ref_axis',(0.,0.,-1.));
#10309=DIRECTION('center_axis',(-0.408248290463863,-0.816496580927726,0.408248290463863));
#10310=DIRECTION('ref_axis',(0.577350269189626,-0.577350269189626,-0.577350269189626));
#10311=DIRECTION('center_axis',(0.,-1.,0.));
#10312=DIRECTION('ref_axis',(0.,0.,-1.));
#10313=DIRECTION('center_axis',(0.,1.,0.));
#10314=DIRECTION('ref_axis',(0.,0.,1.));
#10315=DIRECTION('center_axis',(0.,0.,-1.));
#10316=DIRECTION('ref_axis',(0.,-1.,0.));
#10317=DIRECTION('center_axis',(0.,0.,-1.));
#10318=DIRECTION('ref_axis',(0.707106781186547,-0.707106781186547,0.));
#10319=DIRECTION('',(0.,0.,1.));
#10320=DIRECTION('',(0.,0.,-1.));
#10321=DIRECTION('center_axis',(0.,0.514495755427527,0.857492925712544));
#10322=DIRECTION('ref_axis',(0.,-0.857492925712544,0.514495755427527));
#10323=DIRECTION('center_axis',(0.,-0.857492925712544,-0.514495755427527));
#10324=DIRECTION('ref_axis',(0.,-0.514495755427526,0.857492925712544));
#10325=DIRECTION('center_axis',(0.,1.,0.));
#10326=DIRECTION('ref_axis',(0.707106781186547,0.,0.707106781186547));
#10327=DIRECTION('',(0.,1.,0.));
#10328=DIRECTION('',(0.,-1.,0.));
#10329=DIRECTION('center_axis',(0.,-1.,0.));
#10330=DIRECTION('ref_axis',(0.707106781186547,0.,0.707106781186547));
#10331=DIRECTION('center_axis',(-1.,0.,0.));
#10332=DIRECTION('ref_axis',(0.,-1.,-1.22464679914735E-16));
#10333=DIRECTION('center_axis',(1.,0.,0.));
#10334=DIRECTION('ref_axis',(0.,1.,0.));
#10335=DIRECTION('',(-1.,0.,0.));
#10336=DIRECTION('center_axis',(-1.,0.,0.));
#10337=DIRECTION('ref_axis',(0.,1.,0.));
#10338=DIRECTION('',(1.,0.,0.));
#10339=DIRECTION('center_axis',(-1.,0.,0.));
#10340=DIRECTION('ref_axis',(0.,1.,0.));
#10341=DIRECTION('',(-1.,0.,0.));
#10342=DIRECTION('center_axis',(-1.,0.,0.));
#10343=DIRECTION('ref_axis',(0.,1.,0.));
#10344=DIRECTION('',(1.,0.,0.));
#10345=DIRECTION('center_axis',(0.,0.,-1.));
#10346=DIRECTION('ref_axis',(-1.,0.,0.));
#10347=DIRECTION('',(0.,-1.,0.));
#10348=DIRECTION('',(1.,0.,0.));
#10349=DIRECTION('',(0.,1.,0.));
#10350=DIRECTION('',(-1.,0.,0.));
#10351=DIRECTION('center_axis',(1.,0.,0.));
#10352=DIRECTION('ref_axis',(0.,0.,-1.));
#10353=DIRECTION('',(0.,0.,-1.));
#10354=DIRECTION('',(0.,0.,1.));
#10355=DIRECTION('',(0.,-1.,0.));
#10356=DIRECTION('',(0.,0.,-1.));
#10357=DIRECTION('',(0.,1.,0.));
#10358=DIRECTION('center_axis',(0.,1.,0.));
#10359=DIRECTION('ref_axis',(1.,0.,0.));
#10360=DIRECTION('',(1.,0.,0.));
#10361=DIRECTION('',(0.,0.,-1.));
#10362=DIRECTION('',(-1.,0.,0.));
#10363=DIRECTION('center_axis',(0.,1.,0.));
#10364=DIRECTION('ref_axis',(0.707106781186547,0.,0.707106781186547));
#10365=DIRECTION('center_axis',(-1.,0.,0.));
#10366=DIRECTION('ref_axis',(0.,1.,0.));
#10367=DIRECTION('',(0.,1.,0.));
#10368=DIRECTION('',(0.,0.,-1.));
#10369=DIRECTION('',(0.,-1.,0.));
#10370=DIRECTION('center_axis',(0.,1.,0.));
#10371=DIRECTION('ref_axis',(0.707106781186547,0.,0.707106781186547));
#10372=DIRECTION('',(0.,1.,0.));
#10373=DIRECTION('',(0.,-1.,0.));
#10374=DIRECTION('center_axis',(0.,1.,0.));
#10375=DIRECTION('ref_axis',(1.,0.,0.));
#10376=DIRECTION('center_axis',(-0.857492925712545,0.,-0.514495755427525));
#10377=DIRECTION('ref_axis',(-0.514495755427525,0.,0.857492925712545));
#10378=DIRECTION('center_axis',(0.514495755427527,0.,0.857492925712544));
#10379=DIRECTION('ref_axis',(-0.857492925712544,0.,0.514495755427527));
#10380=DIRECTION('center_axis',(0.,0.,-1.));
#10381=DIRECTION('ref_axis',(1.,0.,0.));
#10382=DIRECTION('center_axis',(0.,0.,1.));
#10383=DIRECTION('ref_axis',(1.,0.,0.));
#10384=DIRECTION('center_axis',(0.,0.,1.));
#10385=DIRECTION('ref_axis',(-0.707106781186547,0.707106781186547,0.));
#10386=DIRECTION('',(0.,0.,-1.));
#10387=DIRECTION('',(0.,0.,-1.));
#10388=DIRECTION('center_axis',(0.,1.,0.));
#10389=DIRECTION('ref_axis',(0.,0.,1.));
#10390=DIRECTION('',(-1.,0.,0.));
#10391=DIRECTION('',(-1.,0.,0.));
#10392=DIRECTION('',(0.,0.,1.));
#10393=DIRECTION('center_axis',(0.,1.,0.));
#10394=DIRECTION('ref_axis',(0.,0.,1.));
#10395=DIRECTION('',(0.,0.,1.));
#10396=DIRECTION('',(1.,0.,0.));
#10397=DIRECTION('center_axis',(1.,0.,0.));
#10398=DIRECTION('ref_axis',(0.,0.,-1.));
#10399=DIRECTION('',(0.,0.,-1.));
#10400=DIRECTION('',(0.,1.,0.));
#10401=DIRECTION('center_axis',(0.,0.,-1.));
#10402=DIRECTION('ref_axis',(0.707106781186547,0.707106781186547,0.));
#10403=DIRECTION('center_axis',(0.,0.,1.));
#10404=DIRECTION('ref_axis',(0.707106781186547,0.707106781186547,0.));
#10405=DIRECTION('center_axis',(0.,0.,-1.));
#10406=DIRECTION('ref_axis',(0.707106781186547,0.707106781186547,0.));
#10407=DIRECTION('center_axis',(0.,0.,-1.));
#10408=DIRECTION('ref_axis',(1.,0.,0.));
#10409=DIRECTION('center_axis',(0.408248290463863,-0.816496580927727,0.408248290463863));
#10410=DIRECTION('ref_axis',(0.577350269189626,0.577350269189626,0.577350269189626));
#10411=DIRECTION('center_axis',(0.,0.,1.));
#10412=DIRECTION('ref_axis',(0.,-1.,0.));
#10413=DIRECTION('center_axis',(0.,0.,-1.));
#10414=DIRECTION('ref_axis',(0.,1.,0.));
#10415=DIRECTION('center_axis',(1.,0.,0.));
#10416=DIRECTION('ref_axis',(0.,0.,1.));
#10417=DIRECTION('center_axis',(0.408248290463863,-0.816496580927727,-0.408248290463863));
#10418=DIRECTION('ref_axis',(0.577350269189626,0.577350269189626,-0.577350269189626));
#10419=DIRECTION('center_axis',(0.,1.,0.));
#10420=DIRECTION('ref_axis',(0.,0.,-1.));
#10421=DIRECTION('center_axis',(1.,0.,0.));
#10422=DIRECTION('ref_axis',(0.,1.,0.));
#10423=DIRECTION('center_axis',(0.,1.,0.));
#10424=DIRECTION('ref_axis',(0.707106781186547,0.,-0.707106781186547));
#10425=DIRECTION('center_axis',(0.,-1.,0.));
#10426=DIRECTION('ref_axis',(0.,0.,-1.));
#10427=DIRECTION('',(0.,1.,0.));
#10428=DIRECTION('center_axis',(1.,0.,0.));
#10429=DIRECTION('ref_axis',(0.,0.707106781186547,0.707106781186547));
#10430=DIRECTION('',(-1.,0.,0.));
#10431=DIRECTION('',(1.,0.,0.));
#10432=DIRECTION('center_axis',(1.,0.,0.));
#10433=DIRECTION('ref_axis',(0.,0.707106781186547,0.707106781186547));
#10434=DIRECTION('center_axis',(-1.,0.,0.));
#10435=DIRECTION('ref_axis',(0.,0.707106781186547,-0.707106781186547));
#10436=DIRECTION('',(-1.,0.,0.));
#10437=DIRECTION('center_axis',(-1.,0.,0.));
#10438=DIRECTION('ref_axis',(0.,-0.707106781186549,0.707106781186546));
#10439=DIRECTION('',(-1.,0.,0.));
#10440=DIRECTION('center_axis',(0.707106781186548,0.,0.707106781186548));
#10441=DIRECTION('ref_axis',(0.707106781186547,0.,-0.707106781186547));
#10442=DIRECTION('center_axis',(-0.707106781186548,0.,0.707106781186548));
#10443=DIRECTION('ref_axis',(0.707106781186547,0.,0.707106781186547));
#10444=DIRECTION('center_axis',(0.,0.,1.));
#10445=DIRECTION('ref_axis',(1.,0.,0.));
#10446=DIRECTION('',(0.,1.,0.));
#10447=DIRECTION('',(1.,0.,0.));
#10448=DIRECTION('',(0.,1.,0.));
#10449=DIRECTION('',(-1.,0.,0.));
#10450=DIRECTION('',(0.,1.,0.));
#10451=DIRECTION('',(1.,0.,0.));
#10452=DIRECTION('',(0.,-1.,0.));
#10453=DIRECTION('center_axis',(0.,0.,-1.));
#10454=DIRECTION('ref_axis',(1.,0.,0.));
#10455=DIRECTION('center_axis',(0.,0.,-1.));
#10456=DIRECTION('ref_axis',(1.,0.,0.));
#10457=DIRECTION('center_axis',(0.,0.,-1.));
#10458=DIRECTION('ref_axis',(1.,0.,0.));
#10459=DIRECTION('',(0.00950893863703451,-0.999954789020982,0.));
#10460=DIRECTION('',(-0.999954789020982,-0.00950893863706228,0.));
#10461=DIRECTION('',(-0.999954789020982,-0.00950893863706035,0.));
#10462=DIRECTION('',(-0.00950893863706112,0.999954789020982,0.));
#10463=DIRECTION('',(0.999954789020982,0.00950893863706035,0.));
#10464=DIRECTION('',(0.999954789020982,0.00950893863706304,0.));
#10465=DIRECTION('center_axis',(0.,1.,0.));
#10466=DIRECTION('ref_axis',(1.,0.,0.));
#10467=DIRECTION('',(-1.,0.,0.));
#10468=DIRECTION('',(0.,0.,-1.));
#10469=DIRECTION('',(0.,0.,-1.));
#10470=DIRECTION('',(-1.,0.,0.));
#10471=DIRECTION('',(0.,0.,-1.));
#10472=DIRECTION('',(1.,0.,0.));
#10473=DIRECTION('center_axis',(0.,0.,1.));
#10474=DIRECTION('ref_axis',(1.,0.,0.));
#10475=DIRECTION('',(-1.,0.,0.));
#10476=DIRECTION('',(0.,-1.,0.));
#10477=DIRECTION('',(-1.,0.,0.));
#10478=DIRECTION('',(0.,-1.,0.));
#10479=DIRECTION('',(-1.,0.,0.));
#10480=DIRECTION('',(0.,-1.,0.));
#10481=DIRECTION('',(0.,-1.,0.));
#10482=DIRECTION('',(-1.,0.,0.));
#10483=DIRECTION('center_axis',(0.,0.,-1.));
#10484=DIRECTION('ref_axis',(-1.,0.,0.));
#10485=DIRECTION('center_axis',(0.,0.,-1.));
#10486=DIRECTION('ref_axis',(1.,0.,0.));
#10487=DIRECTION('center_axis',(0.,0.,-1.));
#10488=DIRECTION('ref_axis',(1.,0.,0.));
#10489=DIRECTION('center_axis',(0.,0.,1.));
#10490=DIRECTION('ref_axis',(1.,0.,0.));
#10491=DIRECTION('',(0.,1.,0.));
#10492=DIRECTION('',(0.,1.,0.));
#10493=DIRECTION('',(0.,1.,0.));
#10494=DIRECTION('',(-1.,0.,0.));
#10495=DIRECTION('',(0.,-1.,0.));
#10496=DIRECTION('',(-1.,0.,0.));
#10497=DIRECTION('',(0.,1.,0.));
#10498=DIRECTION('center_axis',(0.,0.,1.));
#10499=DIRECTION('ref_axis',(1.,0.,0.));
#10500=DIRECTION('center_axis',(0.,0.,1.));
#10501=DIRECTION('ref_axis',(1.,0.,0.));
#10502=DIRECTION('center_axis',(0.,0.,1.));
#10503=DIRECTION('ref_axis',(-1.,0.,0.));
#10504=DIRECTION('center_axis',(-1.,0.,0.));
#10505=DIRECTION('ref_axis',(0.,0.,1.));
#10506=DIRECTION('center_axis',(-1.,0.,0.));
#10507=DIRECTION('ref_axis',(0.,0.,1.));
#10508=DIRECTION('',(0.,0.,-1.));
#10509=DIRECTION('',(0.,1.,0.));
#10510=DIRECTION('',(0.,0.,1.));
#10511=DIRECTION('center_axis',(-1.,0.,0.));
#10512=DIRECTION('ref_axis',(0.,0.,1.));
#10513=DIRECTION('',(0.,-1.,0.));
#10514=DIRECTION('',(0.,0.,1.));
#10515=DIRECTION('',(0.,0.,-1.));
#10516=DIRECTION('',(0.,0.,-1.));
#10517=DIRECTION('',(0.,0.,-1.));
#10518=DIRECTION('center_axis',(0.998652260763261,0.0519005016587329,0.));
#10519=DIRECTION('ref_axis',(0.0519005016587329,-0.998652260763261,0.));
#10520=DIRECTION('',(-0.0519005016587329,0.998652260763261,0.));
#10521=DIRECTION('',(0.0519005016587329,-0.998652260763261,0.));
#10522=DIRECTION('',(0.,0.,-1.));
#10523=DIRECTION('',(0.,0.,-1.));
#10524=DIRECTION('',(0.,0.,-1.));
#10525=DIRECTION('center_axis',(-0.0519005016587393,0.998652260763261,0.));
#10526=DIRECTION('ref_axis',(0.99865226076326,0.0519005016587393,0.));
#10527=DIRECTION('',(-0.99865226076326,-0.0519005016587393,0.));
#10528=DIRECTION('',(0.99865226076326,0.0519005016587393,0.));
#10529=DIRECTION('',(0.,0.,-1.));
#10530=DIRECTION('',(0.,0.,-1.));
#10531=DIRECTION('center_axis',(-0.0519005016587428,0.99865226076326,0.));
#10532=DIRECTION('ref_axis',(0.99865226076326,0.0519005016587428,0.));
#10533=DIRECTION('',(-0.99865226076326,-0.0519005016587428,0.));
#10534=DIRECTION('',(0.99865226076326,0.0519005016587428,0.));
#10535=DIRECTION('',(0.,0.,-1.));
#10536=DIRECTION('center_axis',(-0.99865226076326,-0.0519005016587421,0.));
#10537=DIRECTION('ref_axis',(-0.0519005016587421,0.99865226076326,0.));
#10538=DIRECTION('',(0.0519005016587421,-0.99865226076326,0.));
#10539=DIRECTION('',(-0.0519005016587421,0.99865226076326,0.));
#10540=DIRECTION('',(0.,0.,-1.));
#10541=DIRECTION('center_axis',(0.0519005016587428,-0.99865226076326,0.));
#10542=DIRECTION('ref_axis',(-0.99865226076326,-0.0519005016587428,0.));
#10543=DIRECTION('',(0.99865226076326,0.0519005016587428,0.));
#10544=DIRECTION('',(-0.99865226076326,-0.0519005016587428,0.));
#10545=DIRECTION('',(0.,0.,-1.));
#10546=DIRECTION('',(0.,0.,-1.));
#10547=DIRECTION('',(0.,0.,-1.));
#10548=DIRECTION('center_axis',(0.0519005016587462,-0.99865226076326,0.));
#10549=DIRECTION('ref_axis',(-0.99865226076326,-0.0519005016587462,0.));
#10550=DIRECTION('',(0.99865226076326,0.0519005016587462,0.));
#10551=DIRECTION('',(-0.99865226076326,-0.0519005016587462,0.));
#10552=DIRECTION('center_axis',(0.,0.,-1.));
#10553=DIRECTION('ref_axis',(-1.,0.,0.));
#10554=DIRECTION('',(0.,0.,1.));
#10555=DIRECTION('',(0.,0.,1.));
#10556=DIRECTION('',(0.,0.,1.));
#10557=DIRECTION('center_axis',(0.999954789020982,0.00950893863703451,0.));
#10558=DIRECTION('ref_axis',(-0.00950893863703451,0.999954789020982,0.));
#10559=DIRECTION('',(-0.00950893863703451,0.999954789020982,0.));
#10560=DIRECTION('',(0.,0.,1.));
#10561=DIRECTION('',(0.,0.,1.));
#10562=DIRECTION('',(0.,0.,1.));
#10563=DIRECTION('center_axis',(0.00950893863706228,-0.999954789020982,
0.));
#10564=DIRECTION('ref_axis',(0.999954789020982,0.00950893863706228,0.));
#10565=DIRECTION('',(0.999954789020982,0.00950893863706228,0.));
#10566=DIRECTION('',(0.,0.,1.));
#10567=DIRECTION('',(0.,0.,1.));
#10568=DIRECTION('center_axis',(0.00950893863706035,-0.999954789020982,
0.));
#10569=DIRECTION('ref_axis',(0.999954789020982,0.00950893863706035,0.));
#10570=DIRECTION('',(0.999954789020982,0.00950893863706035,0.));
#10571=DIRECTION('',(0.,0.,1.));
#10572=DIRECTION('center_axis',(-0.999954789020982,-0.00950893863706112,
0.));
#10573=DIRECTION('ref_axis',(0.00950893863706112,-0.999954789020982,0.));
#10574=DIRECTION('',(0.00950893863706112,-0.999954789020982,0.));
#10575=DIRECTION('',(0.,0.,1.));
#10576=DIRECTION('center_axis',(-0.00950893863706035,0.999954789020982,
0.));
#10577=DIRECTION('ref_axis',(-0.999954789020982,-0.00950893863706035,0.));
#10578=DIRECTION('',(-0.999954789020982,-0.00950893863706035,0.));
#10579=DIRECTION('',(0.,0.,1.));
#10580=DIRECTION('',(0.,0.,1.));
#10581=DIRECTION('',(0.,0.,1.));
#10582=DIRECTION('center_axis',(-0.00950893863706304,0.999954789020982,
0.));
#10583=DIRECTION('ref_axis',(-0.999954789020982,-0.00950893863706304,0.));
#10584=DIRECTION('',(-0.999954789020982,-0.00950893863706304,0.));
#10585=DIRECTION('center_axis',(0.,0.,1.));
#10586=DIRECTION('ref_axis',(1.,0.,0.));
#10587=DIRECTION('center_axis',(-1.,0.,0.));
#10588=DIRECTION('ref_axis',(0.,0.,1.));
#10589=DIRECTION('',(0.,0.,-1.));
#10590=DIRECTION('',(0.,0.,1.));
#10591=DIRECTION('',(0.,-1.,0.));
#10592=DIRECTION('',(0.,0.,-1.));
#10593=DIRECTION('',(0.,1.,0.));
#10594=DIRECTION('',(0.,0.,1.));
#10595=DIRECTION('',(0.,-1.,0.));
#10596=DIRECTION('',(0.,0.,-1.));
#10597=DIRECTION('',(0.,1.,0.));
#10598=DIRECTION('',(0.,0.,1.));
#10599=DIRECTION('',(0.,-1.,0.));
#10600=DIRECTION('center_axis',(0.,1.,0.));
#10601=DIRECTION('ref_axis',(0.,0.,1.));
#10602=DIRECTION('',(0.,0.,-1.));
#10603=DIRECTION('',(-1.,0.,0.));
#10604=DIRECTION('',(-1.,0.,0.));
#10605=DIRECTION('',(0.,0.,-1.));
#10606=DIRECTION('',(0.948408836213235,0.,-0.317049963558833));
#10607=DIRECTION('',(-0.945579656533105,0.,-0.325390708457902));
#10608=DIRECTION('',(0.,0.,-1.));
#10609=DIRECTION('',(1.,0.,0.));
#10610=DIRECTION('',(0.,0.,1.));
#10611=DIRECTION('',(-1.,0.,0.));
#10612=DIRECTION('',(0.944683577331361,0.,0.327983137859894));
#10613=DIRECTION('',(0.,0.,1.));
#10614=DIRECTION('',(-0.946846702869153,0.,0.321685127517289));
#10615=DIRECTION('',(1.,0.,0.));
#10616=DIRECTION('',(0.,0.,1.));
#10617=DIRECTION('',(-1.,0.,0.));
#10618=DIRECTION('',(0.,0.,-1.));
#10619=DIRECTION('',(1.,0.,0.));
#10620=DIRECTION('',(0.,0.,-1.));
#10621=DIRECTION('',(1.,0.,0.));
#10622=DIRECTION('',(-4.44210368607675E-16,0.,1.));
#10623=DIRECTION('',(-1.,0.,0.));
#10624=DIRECTION('',(6.25994842282079E-16,0.,-1.));
#10625=DIRECTION('',(0.842615877528298,0.,-0.538515072154175));
#10626=DIRECTION('',(0.,0.,1.));
#10627=DIRECTION('',(-0.843777629316552,0.,0.536692940390443));
#10628=DIRECTION('',(0.,0.,1.));
#10629=DIRECTION('',(1.,0.,0.));
#10630=DIRECTION('',(0.,0.,1.));
#10631=DIRECTION('',(-1.,0.,0.));
#10632=DIRECTION('',(-0.00160971022061931,0.,-0.999998704415664));
#10633=DIRECTION('',(1.,0.,0.));
#10634=DIRECTION('',(0.264515295410964,0.,0.964381490123929));
#10635=DIRECTION('',(-1.,0.,0.));
#10636=DIRECTION('',(-4.72037570814299E-16,0.,1.));
#10637=DIRECTION('',(-1.,0.,0.));
#10638=DIRECTION('',(0.,0.,-1.));
#10639=DIRECTION('',(1.,0.,0.));
#10640=DIRECTION('',(0.,0.,1.));
#10641=DIRECTION('',(-1.,0.,0.));
#10642=DIRECTION('',(0.,0.,-1.));
#10643=DIRECTION('',(0.831160450342425,0.,-0.556032648130106));
#10644=DIRECTION('',(-1.,0.,0.));
#10645=DIRECTION('',(0.,0.,-1.));
#10646=DIRECTION('',(1.,0.,0.));
#10647=DIRECTION('',(0.,0.,1.));
#10648=DIRECTION('',(-0.831383427023784,0.,0.555699196751434));
#10649=DIRECTION('',(1.,0.,0.));
#10650=DIRECTION('',(0.,0.,1.));
#10651=DIRECTION('center_axis',(0.,-1.,0.));
#10652=DIRECTION('ref_axis',(0.,0.,1.));
#10653=DIRECTION('center_axis',(0.,-1.,0.));
#10654=DIRECTION('ref_axis',(0.,0.,1.));
#10655=DIRECTION('center_axis',(0.,-1.,0.));
#10656=DIRECTION('ref_axis',(0.,0.,1.));
#10657=DIRECTION('center_axis',(0.,-1.,0.));
#10658=DIRECTION('ref_axis',(0.,0.,1.));
#10659=DIRECTION('',(0.,0.,-1.));
#10660=DIRECTION('',(1.,0.,0.));
#10661=DIRECTION('',(0.,0.,1.));
#10662=DIRECTION('',(0.,0.,-1.));
#10663=DIRECTION('',(1.,0.,0.));
#10664=DIRECTION('',(-1.,0.,0.));
#10665=DIRECTION('',(0.,0.,-1.));
#10666=DIRECTION('',(1.,0.,0.));
#10667=DIRECTION('',(-1.,0.,0.));
#10668=DIRECTION('',(-0.93352604659265,0.,-0.358509581926478));
#10669=DIRECTION('',(0.,0.,-1.));
#10670=DIRECTION('',(0.925486555264586,0.,-0.378780458873594));
#10671=DIRECTION('',(0.,0.,1.));
#10672=DIRECTION('',(-0.933183015563907,0.,0.359401529578064));
#10673=DIRECTION('',(0.,0.,1.));
#10674=DIRECTION('',(0.940102027333818,0.,0.340893206448656));
#10675=DIRECTION('',(0.,0.,1.));
#10676=DIRECTION('',(-0.933526035795256,0.,-0.358509610041899));
#10677=DIRECTION('',(0.,0.,-1.));
#10678=DIRECTION('',(0.925486643181812,0.,-0.37878024406252));
#10679=DIRECTION('',(0.,0.,1.));
#10680=DIRECTION('',(-0.933183015563907,0.,0.359401529578064));
#10681=DIRECTION('',(-3.31889670693273E-16,0.,1.));
#10682=DIRECTION('',(0.940102175564903,0.,0.340892797662457));
#10683=DIRECTION('',(0.,0.,1.));
#10684=DIRECTION('',(-0.933526082351038,0.,-0.358509488814902));
#10685=DIRECTION('',(0.,0.,-1.));
#10686=DIRECTION('',(0.925486594837243,0.,-0.378780362184425));
#10687=DIRECTION('',(0.,0.,1.));
#10688=DIRECTION('',(-0.933183015563907,0.,0.359401529578064));
#10689=DIRECTION('',(-3.31889552419844E-16,0.,1.));
#10690=DIRECTION('',(0.940102323795857,0.,0.340892388876064));
#10691=DIRECTION('',(0.,0.,1.));
#10692=DIRECTION('',(-1.,0.,0.));
#10693=DIRECTION('',(0.,0.,1.));
#10694=DIRECTION('',(-1.,0.,0.));
#10695=DIRECTION('',(3.5016918654112E-16,0.,-1.));
#10696=DIRECTION('',(1.,0.,0.));
#10697=DIRECTION('',(0.,0.,1.));
#10698=DIRECTION('',(1.,0.,0.));
#10699=DIRECTION('',(0.,0.,1.));
#10700=DIRECTION('',(-0.932457572516773,0.,0.361279497696903));
#10701=DIRECTION('',(0.,0.,-1.));
#10702=DIRECTION('',(0.941561788648341,0.,-0.336840315516622));
#10703=DIRECTION('',(-0.937302088974759,0.,-0.34851799667098));
#10704=DIRECTION('',(0.,0.,-1.));
#10705=DIRECTION('',(0.931167877493285,0.,0.364590707403041));
#10706=DIRECTION('',(0.,0.,1.));
#10707=DIRECTION('',(-1.,0.,0.));
#10708=DIRECTION('',(0.,0.,-1.));
#10709=DIRECTION('',(0.842616714861493,0.,-0.53851376197459));
#10710=DIRECTION('',(0.,0.,1.));
#10711=DIRECTION('',(-0.843776534615258,0.,0.53669466145348));
#10712=DIRECTION('',(0.,0.,1.));
#10713=DIRECTION('',(1.,0.,0.));
#10714=DIRECTION('',(0.,0.,1.));
#10715=DIRECTION('',(-1.,0.,0.));
#10716=DIRECTION('',(0.,0.,-1.));
#10717=DIRECTION('',(-7.6918111791235E-16,0.,1.));
#10718=DIRECTION('center_axis',(0.,0.,1.));
#10719=DIRECTION('ref_axis',(1.,0.,0.));
#10720=DIRECTION('',(1.,0.,0.));
#10721=DIRECTION('',(0.,1.,0.));
#10722=DIRECTION('',(0.,1.,0.));
#10723=DIRECTION('',(-1.,0.,0.));
#10724=DIRECTION('',(0.,-1.,0.));
#10725=DIRECTION('',(1.,0.,0.));
#10726=DIRECTION('',(0.,1.,0.));
#10727=DIRECTION('',(-1.,0.,0.));
#10728=DIRECTION('',(0.,-1.,0.));
#10729=DIRECTION('',(1.,0.,0.));
#10730=DIRECTION('',(0.,-1.,0.));
#10731=DIRECTION('',(-1.,0.,0.));
#10732=DIRECTION('center_axis',(0.,0.,-1.));
#10733=DIRECTION('ref_axis',(1.,0.,0.));
#10734=DIRECTION('center_axis',(0.,0.,-1.));
#10735=DIRECTION('ref_axis',(1.,0.,0.));
#10736=DIRECTION('center_axis',(0.,0.,1.));
#10737=DIRECTION('ref_axis',(1.,0.,0.));
#10738=DIRECTION('center_axis',(0.,1.,0.));
#10739=DIRECTION('ref_axis',(0.,0.,1.));
#10740=DIRECTION('',(0.,0.,1.));
#10741=DIRECTION('',(1.,0.,0.));
#10742=DIRECTION('center_axis',(0.,1.,0.));
#10743=DIRECTION('ref_axis',(0.,0.,1.));
#10744=DIRECTION('',(0.,0.,1.));
#10745=DIRECTION('',(0.,0.,-1.));
#10746=DIRECTION('center_axis',(0.,1.,0.));
#10747=DIRECTION('ref_axis',(0.,0.,1.));
#10748=DIRECTION('center_axis',(0.,0.,-1.));
#10749=DIRECTION('ref_axis',(-1.,0.,0.));
#10750=DIRECTION('',(0.,1.,0.));
#10751=DIRECTION('',(1.,0.,0.));
#10752=DIRECTION('center_axis',(0.,0.,-1.));
#10753=DIRECTION('ref_axis',(-1.,0.,0.));
#10754=DIRECTION('',(1.,0.,0.));
#10755=DIRECTION('',(0.,-1.,0.));
#10756=DIRECTION('',(1.,0.,0.));
#10757=DIRECTION('',(0.,-1.,0.));
#10758=DIRECTION('',(-1.,0.,0.));
#10759=DIRECTION('',(0.,1.,0.));
#10760=DIRECTION('center_axis',(0.,0.,-1.));
#10761=DIRECTION('ref_axis',(-1.,0.,0.));
#10762=DIRECTION('center_axis',(0.,0.,1.));
#10763=DIRECTION('ref_axis',(-1.,0.,0.));
#10764=DIRECTION('center_axis',(0.,0.,-1.));
#10765=DIRECTION('ref_axis',(-1.,0.,0.));
#10766=DIRECTION('center_axis',(0.,0.,-1.));
#10767=DIRECTION('ref_axis',(-1.,0.,0.));
#10768=DIRECTION('',(-1.,0.,0.));
#10769=DIRECTION('',(0.,1.,0.));
#10770=DIRECTION('',(1.,0.,0.));
#10771=DIRECTION('',(0.,-1.,0.));
#10772=DIRECTION('center_axis',(0.,1.,0.));
#10773=DIRECTION('ref_axis',(0.,0.,1.));
#10774=DIRECTION('',(0.,0.,-1.));
#10775=DIRECTION('',(1.,0.,0.));
#10776=DIRECTION('',(1.,0.,0.));
#10777=DIRECTION('center_axis',(-1.,0.,0.));
#10778=DIRECTION('ref_axis',(0.,0.,1.));
#10779=DIRECTION('',(0.,0.,-1.));
#10780=DIRECTION('',(0.,0.,1.));
#10781=DIRECTION('',(0.,1.,0.));
#10782=DIRECTION('',(0.,0.,-1.));
#10783=DIRECTION('',(0.,-1.,0.));
#10784=DIRECTION('',(0.,1.,0.));
#10785=DIRECTION('',(0.,-1.,0.));
#10786=DIRECTION('',(0.,0.,1.));
#10787=DIRECTION('center_axis',(0.,0.,-1.));
#10788=DIRECTION('ref_axis',(0.,1.,0.));
#10789=DIRECTION('',(1.,0.,0.));
#10790=DIRECTION('center_axis',(0.,-1.,0.));
#10791=DIRECTION('ref_axis',(0.,0.,-1.));
#10792=DIRECTION('',(0.,0.,-1.));
#10793=DIRECTION('',(1.,0.,0.));
#10794=DIRECTION('center_axis',(0.,0.,1.));
#10795=DIRECTION('ref_axis',(0.,-1.,0.));
#10796=DIRECTION('center_axis',(0.,1.,0.));
#10797=DIRECTION('ref_axis',(0.,0.,1.));
#10798=DIRECTION('',(1.,0.,0.));
#10799=DIRECTION('',(1.,0.,0.));
#10800=DIRECTION('center_axis',(0.,0.,-1.));
#10801=DIRECTION('ref_axis',(0.,1.,0.));
#10802=DIRECTION('',(1.,0.,0.));
#10803=DIRECTION('center_axis',(0.,-1.,0.));
#10804=DIRECTION('ref_axis',(0.,0.,-1.));
#10805=DIRECTION('',(1.,0.,0.));
#10806=DIRECTION('center_axis',(0.,0.,1.));
#10807=DIRECTION('ref_axis',(0.,-1.,0.));
#10808=DIRECTION('center_axis',(0.,0.,-1.));
#10809=DIRECTION('ref_axis',(-1.,0.,0.));
#10810=DIRECTION('',(0.,1.,0.));
#10811=DIRECTION('',(1.,0.,0.));
#10812=DIRECTION('',(1.,0.,0.));
#10813=DIRECTION('',(0.,1.,0.));
#10814=DIRECTION('',(-1.,0.,0.));
#10815=DIRECTION('',(0.,-1.,0.));
#10816=DIRECTION('center_axis',(0.,0.,1.));
#10817=DIRECTION('ref_axis',(-1.,0.,0.));
#10818=DIRECTION('center_axis',(0.,0.,1.));
#10819=DIRECTION('ref_axis',(-1.,0.,0.));
#10820=DIRECTION('center_axis',(0.,0.,1.));
#10821=DIRECTION('ref_axis',(-1.,0.,0.));
#10822=DIRECTION('center_axis',(0.,0.,1.));
#10823=DIRECTION('ref_axis',(-1.,0.,0.));
#10824=DIRECTION('center_axis',(0.,1.,0.));
#10825=DIRECTION('ref_axis',(0.,0.,-1.));
#10826=DIRECTION('',(0.,1.,0.));
#10827=DIRECTION('center_axis',(0.,1.,0.));
#10828=DIRECTION('ref_axis',(0.,0.,-1.));
#10829=DIRECTION('center_axis',(0.,1.,0.));
#10830=DIRECTION('ref_axis',(0.,0.,-1.));
#10831=DIRECTION('center_axis',(0.,-1.,0.));
#10832=DIRECTION('ref_axis',(0.,0.,-1.));
#10833=DIRECTION('center_axis',(0.,1.,0.));
#10834=DIRECTION('ref_axis',(0.,0.,-1.));
#10835=DIRECTION('',(0.,1.,0.));
#10836=DIRECTION('center_axis',(0.,1.,0.));
#10837=DIRECTION('ref_axis',(0.,0.,-1.));
#10838=DIRECTION('',(0.,-1.,0.));
#10839=DIRECTION('center_axis',(0.,-1.,0.));
#10840=DIRECTION('ref_axis',(0.,0.,-1.));
#10841=DIRECTION('center_axis',(0.,1.,0.));
#10842=DIRECTION('ref_axis',(0.,0.,-1.));
#10843=DIRECTION('',(0.,1.,0.));
#10844=DIRECTION('center_axis',(0.,-1.,0.));
#10845=DIRECTION('ref_axis',(0.,0.,-1.));
#10846=DIRECTION('center_axis',(1.,0.,0.));
#10847=DIRECTION('ref_axis',(0.,0.,1.));
#10848=DIRECTION('',(0.,0.,-1.));
#10849=DIRECTION('',(0.,-1.,0.));
#10850=DIRECTION('',(0.,0.,1.));
#10851=DIRECTION('center_axis',(0.,1.,0.));
#10852=DIRECTION('ref_axis',(1.,0.,0.));
#10853=DIRECTION('',(1.,0.,0.));
#10854=DIRECTION('',(0.,0.,1.));
#10855=DIRECTION('',(1.,0.,0.));
#10856=DIRECTION('',(1.,0.,0.));
#10857=DIRECTION('',(0.,0.,1.));
#10858=DIRECTION('',(-1.,0.,0.));
#10859=DIRECTION('',(0.,0.,1.));
#10860=DIRECTION('',(1.,0.,0.));
#10861=DIRECTION('',(0.,0.,1.));
#10862=DIRECTION('center_axis',(0.,1.,0.));
#10863=DIRECTION('ref_axis',(-1.,0.,0.));
#10864=DIRECTION('',(-1.,0.,0.));
#10865=DIRECTION('',(0.,0.,1.));
#10866=DIRECTION('',(1.,0.,0.));
#10867=DIRECTION('',(0.,0.,1.));
#10868=DIRECTION('center_axis',(0.,1.,0.));
#10869=DIRECTION('ref_axis',(-1.,0.,0.));
#10870=DIRECTION('',(0.,0.,1.));
#10871=DIRECTION('',(0.,0.,1.));
#10872=DIRECTION('center_axis',(1.,0.,0.));
#10873=DIRECTION('ref_axis',(0.,1.,0.));
#10874=DIRECTION('',(0.,1.,0.));
#10875=DIRECTION('',(0.,0.,1.));
#10876=DIRECTION('',(0.,-1.,0.));
#10877=DIRECTION('center_axis',(1.,0.,0.));
#10878=DIRECTION('ref_axis',(0.,1.,0.));
#10879=DIRECTION('',(0.,0.,1.));
#10880=DIRECTION('center_axis',(-1.,0.,0.));
#10881=DIRECTION('ref_axis',(0.,-1.,0.));
#10882=DIRECTION('',(0.,-1.,0.));
#10883=DIRECTION('',(0.,1.,0.));
#10884=DIRECTION('',(0.,0.,1.));
#10885=DIRECTION('center_axis',(0.,-1.,0.));
#10886=DIRECTION('ref_axis',(1.,0.,0.));
#10887=DIRECTION('',(0.,0.,1.));
#10888=DIRECTION('center_axis',(-1.,0.,0.));
#10889=DIRECTION('ref_axis',(0.,-1.,0.));
#10890=DIRECTION('center_axis',(0.,0.,-1.));
#10891=DIRECTION('ref_axis',(-1.,0.,0.));
#10892=DIRECTION('',(1.,0.,0.));
#10893=DIRECTION('',(0.,-1.,0.));
#10894=DIRECTION('',(0.,-1.,0.));
#10895=DIRECTION('',(0.,-1.,0.));
#10896=DIRECTION('',(1.,0.,0.));
#10897=DIRECTION('center_axis',(0.,0.,-1.));
#10898=DIRECTION('ref_axis',(-1.,0.,0.));
#10899=DIRECTION('center_axis',(0.,0.,-1.));
#10900=DIRECTION('ref_axis',(-1.,0.,0.));
#10901=DIRECTION('center_axis',(0.,0.,-1.));
#10902=DIRECTION('ref_axis',(-1.,0.,0.));
#10903=DIRECTION('center_axis',(0.,0.,-1.));
#10904=DIRECTION('ref_axis',(-1.,0.,0.));
#10905=DIRECTION('center_axis',(1.,0.,0.));
#10906=DIRECTION('ref_axis',(0.,-1.,0.));
#10907=DIRECTION('',(0.,0.,-1.));
#10908=DIRECTION('center_axis',(0.,-1.,0.));
#10909=DIRECTION('ref_axis',(-1.,0.,0.));
#10910=DIRECTION('',(0.,0.,-1.));
#10911=DIRECTION('',(0.,0.,1.));
#10912=DIRECTION('',(-1.,0.,0.));
#10913=DIRECTION('',(-1.,0.,0.));
#10914=DIRECTION('',(0.,0.,-1.));
#10915=DIRECTION('',(-1.,0.,0.));
#10916=DIRECTION('',(0.,0.,1.));
#10917=DIRECTION('center_axis',(-1.,0.,0.));
#10918=DIRECTION('ref_axis',(0.,1.,0.));
#10919=DIRECTION('center_axis',(1.,0.,0.));
#10920=DIRECTION('ref_axis',(0.,-1.,0.));
#10921=DIRECTION('center_axis',(0.,-1.,0.));
#10922=DIRECTION('ref_axis',(0.,0.,1.));
#10923=DIRECTION('center_axis',(0.,-1.,0.));
#10924=DIRECTION('ref_axis',(0.,0.,1.));
#10925=DIRECTION('',(0.,-1.,0.));
#10926=DIRECTION('center_axis',(0.,-1.,0.));
#10927=DIRECTION('ref_axis',(0.,0.,1.));
#10928=DIRECTION('',(0.,-1.,0.));
#10929=DIRECTION('center_axis',(0.,1.,0.));
#10930=DIRECTION('ref_axis',(0.,0.,1.));
#10931=DIRECTION('',(0.,-1.,0.));
#10932=DIRECTION('center_axis',(0.,1.,0.));
#10933=DIRECTION('ref_axis',(0.,0.,1.));
#10934=DIRECTION('',(0.,1.,0.));
#10935=DIRECTION('center_axis',(0.,1.,0.));
#10936=DIRECTION('ref_axis',(0.,0.,1.));
#10937=DIRECTION('',(0.,1.,0.));
#10938=DIRECTION('center_axis',(0.,-1.,0.));
#10939=DIRECTION('ref_axis',(0.,0.,1.));
#10940=DIRECTION('center_axis',(0.,1.,0.));
#10941=DIRECTION('ref_axis',(1.,0.,0.));
#10942=DIRECTION('',(-1.,0.,0.));
#10943=DIRECTION('',(0.,0.,1.));
#10944=DIRECTION('',(1.,0.,0.));
#10945=DIRECTION('',(0.,0.,1.));
#10946=DIRECTION('',(1.,0.,0.));
#10947=DIRECTION('',(0.,0.,-1.));
#10948=DIRECTION('',(1.,0.,0.));
#10949=DIRECTION('',(0.,0.,1.));
#10950=DIRECTION('',(-1.,0.,0.));
#10951=DIRECTION('',(0.,0.,-1.));
#10952=DIRECTION('',(-1.,0.,0.));
#10953=DIRECTION('',(0.,0.,1.));
#10954=DIRECTION('center_axis',(0.,1.,0.));
#10955=DIRECTION('ref_axis',(0.,0.,1.));
#10956=DIRECTION('center_axis',(0.,-1.,0.));
#10957=DIRECTION('ref_axis',(0.,0.,1.));
#10958=DIRECTION('center_axis',(0.,1.,0.));
#10959=DIRECTION('ref_axis',(0.,0.,1.));
#10960=DIRECTION('center_axis',(0.,-1.,0.));
#10961=DIRECTION('ref_axis',(0.,0.,1.));
#10962=DIRECTION('center_axis',(0.,-1.,0.));
#10963=DIRECTION('ref_axis',(0.,0.,1.));
#10964=DIRECTION('center_axis',(0.,1.,0.));
#10965=DIRECTION('ref_axis',(0.,0.,1.));
#10966=DIRECTION('center_axis',(0.,-1.,0.));
#10967=DIRECTION('ref_axis',(0.584802098879304,0.,-0.811176001337787));
#10968=DIRECTION('center_axis',(0.,-1.,0.));
#10969=DIRECTION('ref_axis',(0.,0.,1.));
#10970=DIRECTION('center_axis',(0.,1.,0.));
#10971=DIRECTION('ref_axis',(1.,0.,0.));
#10972=DIRECTION('',(0.,0.,1.));
#10973=DIRECTION('',(0.,0.,1.));
#10974=DIRECTION('',(-1.,0.,0.));
#10975=DIRECTION('',(0.,0.,-1.));
#10976=DIRECTION('center_axis',(0.,-1.,0.));
#10977=DIRECTION('ref_axis',(0.,0.,1.));
#10978=DIRECTION('center_axis',(0.,-1.,0.));
#10979=DIRECTION('ref_axis',(0.,0.,1.));
#10980=DIRECTION('center_axis',(0.,-1.,0.));
#10981=DIRECTION('ref_axis',(0.,0.,1.));
#10982=DIRECTION('center_axis',(0.,-1.,0.));
#10983=DIRECTION('ref_axis',(0.,0.,1.));
#10984=DIRECTION('center_axis',(0.,-1.,0.));
#10985=DIRECTION('ref_axis',(0.,0.,1.));
#10986=DIRECTION('center_axis',(0.,-1.,0.));
#10987=DIRECTION('ref_axis',(0.,0.,1.));
#10988=DIRECTION('center_axis',(0.,-1.,0.));
#10989=DIRECTION('ref_axis',(0.,0.,1.));
#10990=DIRECTION('',(0.,-1.,0.));
#10991=DIRECTION('center_axis',(0.,1.,0.));
#10992=DIRECTION('ref_axis',(0.,0.,1.));
#10993=DIRECTION('',(0.,1.,0.));
#10994=DIRECTION('center_axis',(0.,1.,0.));
#10995=DIRECTION('ref_axis',(0.,0.,1.));
#10996=DIRECTION('center_axis',(0.,1.,0.));
#10997=DIRECTION('ref_axis',(-1.,0.,0.));
#10998=DIRECTION('center_axis',(0.,1.,0.));
#10999=DIRECTION('ref_axis',(-1.,0.,0.));
#11000=DIRECTION('center_axis',(0.,1.,0.));
#11001=DIRECTION('ref_axis',(-1.,0.,0.));
#11002=DIRECTION('',(0.,-1.,0.));
#11003=DIRECTION('center_axis',(0.,-1.,0.));
#11004=DIRECTION('ref_axis',(-1.,0.,0.));
#11005=DIRECTION('center_axis',(0.,1.,0.));
#11006=DIRECTION('ref_axis',(-1.,0.,0.));
#11007=DIRECTION('center_axis',(0.,-1.,0.));
#11008=DIRECTION('ref_axis',(0.,0.,1.));
#11009=DIRECTION('center_axis',(0.,1.,0.));
#11010=DIRECTION('ref_axis',(-1.,0.,0.));
#11011=DIRECTION('center_axis',(0.,1.,0.));
#11012=DIRECTION('ref_axis',(-1.,0.,0.));
#11013=DIRECTION('',(0.,-1.,0.));
#11014=DIRECTION('center_axis',(0.,-1.,0.));
#11015=DIRECTION('ref_axis',(-1.,0.,0.));
#11016=DIRECTION('center_axis',(0.,1.,0.));
#11017=DIRECTION('ref_axis',(-1.,0.,0.));
#11018=DIRECTION('center_axis',(0.,1.,0.));
#11019=DIRECTION('ref_axis',(-1.,0.,0.));
#11020=DIRECTION('center_axis',(0.,-1.,0.));
#11021=DIRECTION('ref_axis',(0.,0.,1.));
#11022=DIRECTION('center_axis',(0.,1.,0.));
#11023=DIRECTION('ref_axis',(-1.,0.,0.));
#11024=DIRECTION('center_axis',(0.,1.,0.));
#11025=DIRECTION('ref_axis',(-1.,0.,0.));
#11026=DIRECTION('',(0.,-1.,0.));
#11027=DIRECTION('center_axis',(0.,-1.,0.));
#11028=DIRECTION('ref_axis',(-1.,0.,0.));
#11029=DIRECTION('center_axis',(0.,1.,0.));
#11030=DIRECTION('ref_axis',(-1.,0.,0.));
#11031=DIRECTION('center_axis',(0.,-1.,0.));
#11032=DIRECTION('ref_axis',(0.,0.,1.));
#11033=DIRECTION('center_axis',(0.,1.,0.));
#11034=DIRECTION('ref_axis',(-1.,0.,0.));
#11035=DIRECTION('center_axis',(0.,1.,0.));
#11036=DIRECTION('ref_axis',(-1.,0.,0.));
#11037=DIRECTION('center_axis',(0.,1.,0.));
#11038=DIRECTION('ref_axis',(-1.,0.,0.));
#11039=DIRECTION('',(0.,-1.,0.));
#11040=DIRECTION('center_axis',(0.,-1.,0.));
#11041=DIRECTION('ref_axis',(-1.,0.,0.));
#11042=DIRECTION('center_axis',(0.,1.,0.));
#11043=DIRECTION('ref_axis',(-1.,0.,0.));
#11044=DIRECTION('center_axis',(0.,-1.,0.));
#11045=DIRECTION('ref_axis',(0.,0.,1.));
#11046=DIRECTION('',(0.,-1.,0.));
#11047=DIRECTION('center_axis',(0.,-1.,0.));
#11048=DIRECTION('ref_axis',(0.,0.,1.));
#11049=DIRECTION('center_axis',(1.,0.,0.));
#11050=DIRECTION('ref_axis',(0.,-0.707106781186547,-0.707106781186548));
#11051=DIRECTION('center_axis',(0.707106781186549,0.,-0.707106781186546));
#11052=DIRECTION('ref_axis',(-0.707106781186546,0.,-0.707106781186549));
#11053=DIRECTION('center_axis',(0.707106781186548,3.14018491736755E-15,
0.707106781186548));
#11054=DIRECTION('ref_axis',(0.707106781186547,3.14018491736755E-15,-0.707106781186547));
#11055=DIRECTION('center_axis',(0.,0.,1.));
#11056=DIRECTION('ref_axis',(0.70710678118654,-0.707106781186555,0.));
#11057=DIRECTION('',(0.,0.,1.));
#11058=DIRECTION('center_axis',(0.,0.,-1.));
#11059=DIRECTION('ref_axis',(-0.707106781186546,-0.707106781186549,0.));
#11060=DIRECTION('center_axis',(0.,0.,-1.));
#11061=DIRECTION('ref_axis',(1.,0.,0.));
#11062=DIRECTION('',(0.,0.,-1.));
#11063=DIRECTION('center_axis',(0.,0.,1.));
#11064=DIRECTION('ref_axis',(-1.,0.,0.));
#11065=DIRECTION('',(0.,0.,1.));
#11066=DIRECTION('center_axis',(0.,0.,1.));
#11067=DIRECTION('ref_axis',(-1.,0.,0.));
#11068=DIRECTION('center_axis',(0.,0.,1.));
#11069=DIRECTION('ref_axis',(-1.,0.,0.));
#11070=DIRECTION('',(0.,0.,1.));
#11071=DIRECTION('center_axis',(0.,0.,1.));
#11072=DIRECTION('ref_axis',(-1.,0.,0.));
#11073=DIRECTION('',(0.,0.,1.));
#11074=DIRECTION('center_axis',(0.,0.,1.));
#11075=DIRECTION('ref_axis',(1.,0.,0.));
#11076=DIRECTION('',(-1.,0.,0.));
#11077=DIRECTION('',(0.,1.,0.));
#11078=DIRECTION('',(1.,0.,0.));
#11079=DIRECTION('',(0.,1.,0.));
#11080=DIRECTION('',(0.,1.,0.));
#11081=DIRECTION('center_axis',(1.,0.,0.));
#11082=DIRECTION('ref_axis',(0.,0.,-1.));
#11083=DIRECTION('',(0.,0.,1.));
#11084=DIRECTION('',(0.,1.,0.));
#11085=DIRECTION('',(0.,0.,-1.));
#11086=DIRECTION('',(0.,1.,0.));
#11087=DIRECTION('center_axis',(-2.31736926853275E-15,0.,-1.));
#11088=DIRECTION('ref_axis',(-1.,0.,2.31736926853275E-15));
#11089=DIRECTION('',(1.,0.,-2.31736926853275E-15));
#11090=DIRECTION('',(0.,1.,0.));
#11091=DIRECTION('',(-1.,0.,2.31736926853275E-15));
#11092=DIRECTION('',(0.,1.,0.));
#11093=DIRECTION('',(0.,1.,0.));
#11094=DIRECTION('',(0.,1.,0.));
#11095=DIRECTION('center_axis',(0.,0.,-1.));
#11096=DIRECTION('ref_axis',(-1.,0.,0.));
#11097=DIRECTION('',(1.,0.,0.));
#11098=DIRECTION('',(0.,1.,0.));
#11099=DIRECTION('',(-1.,0.,0.));
#11100=DIRECTION('',(0.,1.,0.));
#11101=DIRECTION('',(0.,1.,0.));
#11102=DIRECTION('',(0.,1.,0.));
#11103=DIRECTION('center_axis',(0.,0.,-1.));
#11104=DIRECTION('ref_axis',(-1.,0.,0.));
#11105=DIRECTION('',(1.,0.,0.));
#11106=DIRECTION('',(-1.,0.,0.));
#11107=DIRECTION('',(0.,1.,0.));
#11108=DIRECTION('',(0.,1.,0.));
#11109=DIRECTION('center_axis',(1.,0.,0.));
#11110=DIRECTION('ref_axis',(0.,0.,-1.));
#11111=DIRECTION('',(0.,0.,1.));
#11112=DIRECTION('',(0.,0.,-1.));
#11113=DIRECTION('',(0.,1.,0.));
#11114=DIRECTION('',(0.,1.,0.));
#11115=DIRECTION('center_axis',(0.,0.,1.));
#11116=DIRECTION('ref_axis',(1.,0.,0.));
#11117=DIRECTION('',(-1.,0.,0.));
#11118=DIRECTION('',(1.,0.,0.));
#11119=DIRECTION('',(0.,1.,0.));
#11120=DIRECTION('',(0.,1.,0.));
#11121=DIRECTION('center_axis',(-0.985889581001545,0.,0.167396935672663));
#11122=DIRECTION('ref_axis',(0.167396935672663,0.,0.985889581001545));
#11123=DIRECTION('',(-0.167396935672663,0.,-0.985889581001545));
#11124=DIRECTION('',(0.167396935672663,0.,0.985889581001545));
#11125=DIRECTION('center_axis',(0.,1.,0.));
#11126=DIRECTION('ref_axis',(0.,0.,1.));
#11127=DIRECTION('',(0.,1.,0.));
#11128=DIRECTION('',(0.,1.,0.));
#11129=DIRECTION('',(0.,1.,0.));
#11130=DIRECTION('',(0.,1.,0.));
#11131=DIRECTION('center_axis',(0.,1.,0.));
#11132=DIRECTION('ref_axis',(-1.,0.,0.));
#11133=DIRECTION('center_axis',(0.,0.,1.));
#11134=DIRECTION('ref_axis',(1.,0.,0.));
#11135=DIRECTION('',(0.,1.,0.));
#11136=DIRECTION('',(1.,0.,0.));
#11137=DIRECTION('',(0.,1.,0.));
#11138=DIRECTION('center_axis',(-1.,0.,0.));
#11139=DIRECTION('ref_axis',(0.,0.,1.));
#11140=DIRECTION('',(0.,0.,1.));
#11141=DIRECTION('',(0.,1.,0.));
#11142=DIRECTION('center_axis',(-0.317049963558833,0.,-0.948408836213235));
#11143=DIRECTION('ref_axis',(-0.948408836213235,0.,0.317049963558833));
#11144=DIRECTION('',(-0.948408836213235,0.,0.317049963558833));
#11145=DIRECTION('',(0.,1.,0.));
#11146=DIRECTION('',(0.,1.,0.));
#11147=DIRECTION('',(0.,1.,0.));
#11148=DIRECTION('center_axis',(-0.325390708457902,0.,0.945579656533105));
#11149=DIRECTION('ref_axis',(0.945579656533105,0.,0.325390708457902));
#11150=DIRECTION('',(0.945579656533105,0.,0.325390708457902));
#11151=DIRECTION('',(0.,1.,0.));
#11152=DIRECTION('center_axis',(-1.,0.,0.));
#11153=DIRECTION('ref_axis',(0.,0.,1.));
#11154=DIRECTION('',(0.,0.,1.));
#11155=DIRECTION('',(0.,1.,0.));
#11156=DIRECTION('center_axis',(0.,0.,-1.));
#11157=DIRECTION('ref_axis',(-1.,0.,0.));
#11158=DIRECTION('',(-1.,0.,0.));
#11159=DIRECTION('',(0.,1.,0.));
#11160=DIRECTION('center_axis',(1.,0.,0.));
#11161=DIRECTION('ref_axis',(0.,0.,-1.));
#11162=DIRECTION('',(0.,0.,-1.));
#11163=DIRECTION('',(0.,1.,0.));
#11164=DIRECTION('center_axis',(0.,0.,1.));
#11165=DIRECTION('ref_axis',(1.,0.,0.));
#11166=DIRECTION('',(1.,0.,0.));
#11167=DIRECTION('',(0.,1.,0.));
#11168=DIRECTION('center_axis',(0.327983137859894,0.,-0.944683577331361));
#11169=DIRECTION('ref_axis',(-0.944683577331361,0.,-0.327983137859894));
#11170=DIRECTION('',(-0.944683577331361,0.,-0.327983137859894));
#11171=DIRECTION('',(0.,1.,0.));
#11172=DIRECTION('center_axis',(1.,0.,0.));
#11173=DIRECTION('ref_axis',(0.,0.,-1.));
#11174=DIRECTION('',(0.,0.,-1.));
#11175=DIRECTION('',(0.,1.,0.));
#11176=DIRECTION('center_axis',(0.321685127517289,0.,0.946846702869153));
#11177=DIRECTION('ref_axis',(0.946846702869153,0.,-0.321685127517289));
#11178=DIRECTION('',(0.946846702869153,0.,-0.321685127517289));
#11179=DIRECTION('',(0.,1.,0.));
#11180=DIRECTION('center_axis',(0.,0.,-1.));
#11181=DIRECTION('ref_axis',(-1.,0.,0.));
#11182=DIRECTION('',(-1.,0.,0.));
#11183=DIRECTION('',(0.,1.,0.));
#11184=DIRECTION('center_axis',(1.,0.,0.));
#11185=DIRECTION('ref_axis',(0.,0.,-1.));
#11186=DIRECTION('',(0.,0.,-1.));
#11187=DIRECTION('center_axis',(0.,1.,0.));
#11188=DIRECTION('ref_axis',(-1.,0.,0.));
#11189=DIRECTION('center_axis',(-1.,0.,0.));
#11190=DIRECTION('ref_axis',(0.,0.,1.));
#11191=DIRECTION('',(0.,0.,-1.));
#11192=DIRECTION('',(0.,1.,0.));
#11193=DIRECTION('',(0.,0.,1.));
#11194=DIRECTION('',(0.,1.,0.));
#11195=DIRECTION('',(0.,1.,0.));
#11196=DIRECTION('',(0.,1.,0.));
#11197=DIRECTION('',(0.,1.,0.));
#11198=DIRECTION('',(0.,1.,0.));
#11199=DIRECTION('',(0.,1.,0.));
#11200=DIRECTION('',(0.,1.,0.));
#11201=DIRECTION('',(0.,1.,0.));
#11202=DIRECTION('center_axis',(1.,0.,0.));
#11203=DIRECTION('ref_axis',(0.,0.,-1.));
#11204=DIRECTION('',(0.,0.,1.));
#11205=DIRECTION('',(0.,0.,-1.));
#11206=DIRECTION('',(0.,1.,0.));
#11207=DIRECTION('center_axis',(0.,0.,-1.));
#11208=DIRECTION('ref_axis',(-1.,0.,0.));
#11209=DIRECTION('',(1.,0.,0.));
#11210=DIRECTION('',(-1.,0.,0.));
#11211=DIRECTION('center_axis',(0.,0.,1.));
#11212=DIRECTION('ref_axis',(1.,0.,0.));
#11213=DIRECTION('',(0.,1.,0.));
#11214=DIRECTION('',(1.,0.,0.));
#11215=DIRECTION('',(0.,1.,0.));
#11216=DIRECTION('center_axis',(-1.,0.,0.));
#11217=DIRECTION('ref_axis',(0.,0.,1.));
#11218=DIRECTION('',(0.,0.,1.));
#11219=DIRECTION('',(0.,1.,0.));
#11220=DIRECTION('',(0.,1.,0.));
#11221=DIRECTION('',(0.,1.,0.));
#11222=DIRECTION('',(0.,1.,0.));
#11223=DIRECTION('',(0.,1.,0.));
#11224=DIRECTION('',(0.,1.,0.));
#11225=DIRECTION('',(0.,1.,0.));
#11226=DIRECTION('',(0.,1.,0.));
#11227=DIRECTION('',(0.,1.,0.));
#11228=DIRECTION('',(0.,1.,0.));
#11229=DIRECTION('center_axis',(1.,0.,7.6918111791235E-16));
#11230=DIRECTION('ref_axis',(7.6918111791235E-16,0.,-1.));
#11231=DIRECTION('',(7.6918111791235E-16,0.,-1.));
#11232=DIRECTION('center_axis',(0.,1.,0.));
#11233=DIRECTION('ref_axis',(-1.,0.,0.));
#11234=DIRECTION('center_axis',(0.,1.,0.));
#11235=DIRECTION('ref_axis',(0.,0.,1.));
#11236=DIRECTION('center_axis',(0.,0.,1.));
#11237=DIRECTION('ref_axis',(1.,0.,0.));
#11238=DIRECTION('',(0.,1.,0.));
#11239=DIRECTION('',(1.,0.,0.));
#11240=DIRECTION('',(0.,1.,0.));
#11241=DIRECTION('center_axis',(-1.,0.,0.));
#11242=DIRECTION('ref_axis',(0.,0.,1.));
#11243=DIRECTION('',(0.,0.,1.));
#11244=DIRECTION('',(0.,1.,0.));
#11245=DIRECTION('center_axis',(0.,0.,-1.));
#11246=DIRECTION('ref_axis',(-1.,0.,0.));
#11247=DIRECTION('',(-1.,0.,0.));
#11248=DIRECTION('',(0.,1.,0.));
#11249=DIRECTION('center_axis',(-1.,0.,0.));
#11250=DIRECTION('ref_axis',(0.,0.,1.));
#11251=DIRECTION('',(0.,0.,1.));
#11252=DIRECTION('',(0.,1.,0.));
#11253=DIRECTION('center_axis',(0.,0.,-1.));
#11254=DIRECTION('ref_axis',(-1.,0.,0.));
#11255=DIRECTION('',(-1.,0.,0.));
#11256=DIRECTION('',(0.,1.,0.));
#11257=DIRECTION('center_axis',(1.,0.,4.44210368607675E-16));
#11258=DIRECTION('ref_axis',(4.44210368607675E-16,0.,-1.));
#11259=DIRECTION('',(4.44210368607675E-16,0.,-1.));
#11260=DIRECTION('center_axis',(0.,1.,0.));
#11261=DIRECTION('ref_axis',(0.,0.,1.));
#11262=DIRECTION('center_axis',(-1.,0.,0.));
#11263=DIRECTION('ref_axis',(0.,0.,1.));
#11264=DIRECTION('',(0.,0.,-1.));
#11265=DIRECTION('',(0.,1.,0.));
#11266=DIRECTION('',(0.,0.,1.));
#11267=DIRECTION('',(0.,1.,0.));
#11268=DIRECTION('',(0.,1.,0.));
#11269=DIRECTION('',(0.,1.,0.));
#11270=DIRECTION('',(0.,1.,0.));
#11271=DIRECTION('',(0.,1.,0.));
#11272=DIRECTION('',(0.,1.,0.));
#11273=DIRECTION('center_axis',(1.,0.,0.));
#11274=DIRECTION('ref_axis',(0.,0.,-1.));
#11275=DIRECTION('',(0.,0.,1.));
#11276=DIRECTION('',(0.,0.,-1.));
#11277=DIRECTION('',(0.,1.,0.));
#11278=DIRECTION('center_axis',(0.,0.,-1.));
#11279=DIRECTION('ref_axis',(-1.,0.,0.));
#11280=DIRECTION('',(1.,0.,0.));
#11281=DIRECTION('',(-1.,0.,0.));
#11282=DIRECTION('center_axis',(0.,0.,1.));
#11283=DIRECTION('ref_axis',(1.,0.,0.));
#11284=DIRECTION('',(0.,1.,0.));
#11285=DIRECTION('',(1.,0.,0.));
#11286=DIRECTION('',(0.,1.,0.));
#11287=DIRECTION('center_axis',(-1.,0.,0.));
#11288=DIRECTION('ref_axis',(0.,0.,1.));
#11289=DIRECTION('',(0.,0.,1.));
#11290=DIRECTION('',(0.,1.,0.));
#11291=DIRECTION('',(0.,1.,0.));
#11292=DIRECTION('',(0.,1.,0.));
#11293=DIRECTION('',(0.,1.,0.));
#11294=DIRECTION('',(0.,1.,0.));
#11295=DIRECTION('',(0.,1.,0.));
#11296=DIRECTION('',(0.,1.,0.));
#11297=DIRECTION('',(0.,1.,0.));
#11298=DIRECTION('center_axis',(-0.53851376197459,0.,-0.842616714861493));
#11299=DIRECTION('ref_axis',(-0.842616714861493,0.,0.53851376197459));
#11300=DIRECTION('',(-0.842616714861493,0.,0.53851376197459));
#11301=DIRECTION('',(0.,1.,0.));
#11302=DIRECTION('center_axis',(1.,0.,0.));
#11303=DIRECTION('ref_axis',(0.,0.,-1.));
#11304=DIRECTION('',(0.,0.,-1.));
#11305=DIRECTION('',(0.,1.,0.));
#11306=DIRECTION('center_axis',(0.53669466145348,0.,0.843776534615258));
#11307=DIRECTION('ref_axis',(0.843776534615258,0.,-0.53669466145348));
#11308=DIRECTION('',(0.843776534615258,0.,-0.53669466145348));
#11309=DIRECTION('',(0.,1.,0.));
#11310=DIRECTION('',(0.,1.,0.));
#11311=DIRECTION('',(0.,1.,0.));
#11312=DIRECTION('',(0.,1.,0.));
#11313=DIRECTION('',(0.,1.,0.));
#11314=DIRECTION('center_axis',(1.,0.,0.));
#11315=DIRECTION('ref_axis',(0.,0.,-1.));
#11316=DIRECTION('',(0.,0.,-1.));
#11317=DIRECTION('',(0.,1.,0.));
#11318=DIRECTION('center_axis',(0.,0.,-1.));
#11319=DIRECTION('ref_axis',(-1.,0.,0.));
#11320=DIRECTION('',(-1.,0.,0.));
#11321=DIRECTION('',(0.,1.,0.));
#11322=DIRECTION('center_axis',(1.,0.,0.));
#11323=DIRECTION('ref_axis',(0.,0.,-1.));
#11324=DIRECTION('',(0.,0.,-1.));
#11325=DIRECTION('center_axis',(0.,1.,0.));
#11326=DIRECTION('ref_axis',(-1.,0.,0.));
#11327=DIRECTION('center_axis',(0.,1.,0.));
#11328=DIRECTION('ref_axis',(0.,0.,1.));
#11329=DIRECTION('center_axis',(-1.,0.,0.));
#11330=DIRECTION('ref_axis',(0.,0.,1.));
#11331=DIRECTION('',(0.,0.,-1.));
#11332=DIRECTION('',(0.,1.,0.));
#11333=DIRECTION('',(0.,0.,1.));
#11334=DIRECTION('',(0.,1.,0.));
#11335=DIRECTION('',(0.,1.,0.));
#11336=DIRECTION('',(0.,1.,0.));
#11337=DIRECTION('',(0.,1.,0.));
#11338=DIRECTION('',(0.,1.,0.));
#11339=DIRECTION('',(0.,1.,0.));
#11340=DIRECTION('center_axis',(1.,0.,0.));
#11341=DIRECTION('ref_axis',(0.,0.,-1.));
#11342=DIRECTION('',(0.,0.,1.));
#11343=DIRECTION('',(0.,0.,-1.));
#11344=DIRECTION('',(0.,1.,0.));
#11345=DIRECTION('center_axis',(0.,0.,-1.));
#11346=DIRECTION('ref_axis',(-1.,0.,0.));
#11347=DIRECTION('',(1.,0.,0.));
#11348=DIRECTION('',(-1.,0.,0.));
#11349=DIRECTION('center_axis',(0.,0.,1.));
#11350=DIRECTION('ref_axis',(1.,0.,0.));
#11351=DIRECTION('',(0.,1.,0.));
#11352=DIRECTION('',(1.,0.,0.));
#11353=DIRECTION('',(0.,1.,0.));
#11354=DIRECTION('center_axis',(-1.,0.,-6.25994842282079E-16));
#11355=DIRECTION('ref_axis',(-6.25994842282079E-16,0.,1.));
#11356=DIRECTION('',(-6.25994842282079E-16,0.,1.));
#11357=DIRECTION('',(0.,1.,0.));
#11358=DIRECTION('',(0.,1.,0.));
#11359=DIRECTION('',(0.,1.,0.));
#11360=DIRECTION('',(0.,1.,0.));
#11361=DIRECTION('',(0.,1.,0.));
#11362=DIRECTION('',(0.,1.,0.));
#11363=DIRECTION('',(0.,1.,0.));
#11364=DIRECTION('',(0.,1.,0.));
#11365=DIRECTION('center_axis',(-0.538515072154175,0.,-0.842615877528298));
#11366=DIRECTION('ref_axis',(-0.842615877528298,0.,0.538515072154175));
#11367=DIRECTION('',(-0.842615877528298,0.,0.538515072154175));
#11368=DIRECTION('',(0.,1.,0.));
#11369=DIRECTION('center_axis',(1.,0.,0.));
#11370=DIRECTION('ref_axis',(0.,0.,-1.));
#11371=DIRECTION('',(0.,0.,-1.));
#11372=DIRECTION('',(0.,1.,0.));
#11373=DIRECTION('center_axis',(0.536692940390443,0.,0.843777629316552));
#11374=DIRECTION('ref_axis',(0.843777629316552,0.,-0.536692940390443));
#11375=DIRECTION('',(0.843777629316552,0.,-0.536692940390443));
#11376=DIRECTION('',(0.,1.,0.));
#11377=DIRECTION('',(0.,1.,0.));
#11378=DIRECTION('',(0.,1.,0.));
#11379=DIRECTION('',(0.,1.,0.));
#11380=DIRECTION('',(0.,1.,0.));
#11381=DIRECTION('center_axis',(1.,0.,0.));
#11382=DIRECTION('ref_axis',(0.,0.,-1.));
#11383=DIRECTION('',(0.,0.,-1.));
#11384=DIRECTION('',(0.,1.,0.));
#11385=DIRECTION('center_axis',(0.,0.,-1.));
#11386=DIRECTION('ref_axis',(-1.,0.,0.));
#11387=DIRECTION('',(-1.,0.,0.));
#11388=DIRECTION('',(0.,1.,0.));
#11389=DIRECTION('center_axis',(1.,0.,0.));
#11390=DIRECTION('ref_axis',(0.,0.,-1.));
#11391=DIRECTION('',(0.,0.,-1.));
#11392=DIRECTION('center_axis',(0.,1.,0.));
#11393=DIRECTION('ref_axis',(-1.,0.,0.));
#11394=DIRECTION('center_axis',(0.,1.,0.));
#11395=DIRECTION('ref_axis',(0.,0.,1.));
#11396=DIRECTION('center_axis',(0.361279497696903,0.,0.932457572516773));
#11397=DIRECTION('ref_axis',(0.932457572516773,0.,-0.361279497696903));
#11398=DIRECTION('',(0.,1.,0.));
#11399=DIRECTION('',(0.932457572516773,0.,-0.361279497696903));
#11400=DIRECTION('',(0.,1.,0.));
#11401=DIRECTION('center_axis',(-1.,0.,0.));
#11402=DIRECTION('ref_axis',(0.,0.,1.));
#11403=DIRECTION('',(0.,0.,1.));
#11404=DIRECTION('',(0.,1.,0.));
#11405=DIRECTION('center_axis',(-0.336840315516622,0.,-0.941561788648341));
#11406=DIRECTION('ref_axis',(-0.941561788648341,0.,0.336840315516622));
#11407=DIRECTION('',(-0.941561788648341,0.,0.336840315516622));
#11408=DIRECTION('',(0.,1.,0.));
#11409=DIRECTION('',(0.,1.,0.));
#11410=DIRECTION('',(0.,1.,0.));
#11411=DIRECTION('center_axis',(-0.34851799667098,0.,0.937302088974759));
#11412=DIRECTION('ref_axis',(0.937302088974759,0.,0.34851799667098));
#11413=DIRECTION('',(0.937302088974759,0.,0.34851799667098));
#11414=DIRECTION('',(0.,1.,0.));
#11415=DIRECTION('center_axis',(-1.,0.,0.));
#11416=DIRECTION('ref_axis',(0.,0.,1.));
#11417=DIRECTION('',(0.,0.,1.));
#11418=DIRECTION('',(0.,1.,0.));
#11419=DIRECTION('center_axis',(0.364590707403041,0.,-0.931167877493285));
#11420=DIRECTION('ref_axis',(-0.931167877493285,0.,-0.364590707403041));
#11421=DIRECTION('',(-0.931167877493285,0.,-0.364590707403041));
#11422=DIRECTION('',(0.,1.,0.));
#11423=DIRECTION('center_axis',(1.,0.,0.));
#11424=DIRECTION('ref_axis',(0.,0.,-1.));
#11425=DIRECTION('',(0.,0.,-1.));
#11426=DIRECTION('center_axis',(0.,1.,0.));
#11427=DIRECTION('ref_axis',(-1.,0.,0.));
#11428=DIRECTION('center_axis',(0.,0.,1.));
#11429=DIRECTION('ref_axis',(1.,0.,0.));
#11430=DIRECTION('',(0.,1.,0.));
#11431=DIRECTION('',(1.,0.,0.));
#11432=DIRECTION('',(0.,1.,0.));
#11433=DIRECTION('center_axis',(-0.999998704415664,0.,0.00160971022061931));
#11434=DIRECTION('ref_axis',(0.00160971022061931,0.,0.999998704415664));
#11435=DIRECTION('',(0.00160971022061931,0.,0.999998704415664));
#11436=DIRECTION('',(0.,1.,0.));
#11437=DIRECTION('center_axis',(0.,0.,-1.));
#11438=DIRECTION('ref_axis',(-1.,0.,0.));
#11439=DIRECTION('',(-1.,0.,0.));
#11440=DIRECTION('',(0.,1.,0.));
#11441=DIRECTION('',(0.,1.,0.));
#11442=DIRECTION('',(0.,1.,0.));
#11443=DIRECTION('',(0.,1.,0.));
#11444=DIRECTION('',(0.,1.,0.));
#11445=DIRECTION('',(0.,1.,0.));
#11446=DIRECTION('',(0.,1.,0.));
#11447=DIRECTION('',(0.,1.,0.));
#11448=DIRECTION('',(0.,1.,0.));
#11449=DIRECTION('',(0.,1.,0.));
#11450=DIRECTION('',(0.,1.,0.));
#11451=DIRECTION('',(0.,1.,0.));
#11452=DIRECTION('center_axis',(0.964381490123929,0.,-0.264515295410964));
#11453=DIRECTION('ref_axis',(-0.264515295410964,0.,-0.964381490123929));
#11454=DIRECTION('',(-0.264515295410964,0.,-0.964381490123929));
#11455=DIRECTION('',(0.,1.,0.));
#11456=DIRECTION('',(0.,1.,0.));
#11457=DIRECTION('',(0.,1.,0.));
#11458=DIRECTION('',(0.,1.,0.));
#11459=DIRECTION('',(0.,1.,0.));
#11460=DIRECTION('',(0.,1.,0.));
#11461=DIRECTION('',(0.,1.,0.));
#11462=DIRECTION('',(0.,1.,0.));
#11463=DIRECTION('',(0.,1.,0.));
#11464=DIRECTION('',(0.,1.,0.));
#11465=DIRECTION('',(0.,1.,0.));
#11466=DIRECTION('',(0.,1.,0.));
#11467=DIRECTION('',(0.,1.,0.));
#11468=DIRECTION('center_axis',(0.,0.,1.));
#11469=DIRECTION('ref_axis',(1.,0.,0.));
#11470=DIRECTION('',(1.,0.,0.));
#11471=DIRECTION('',(0.,1.,0.));
#11472=DIRECTION('center_axis',(1.,0.,4.72037570814299E-16));
#11473=DIRECTION('ref_axis',(4.72037570814299E-16,0.,-1.));
#11474=DIRECTION('',(4.72037570814299E-16,0.,-1.));
#11475=DIRECTION('center_axis',(0.,1.,0.));
#11476=DIRECTION('ref_axis',(-1.,0.,0.));
#11477=DIRECTION('center_axis',(0.,0.,1.));
#11478=DIRECTION('ref_axis',(1.,0.,0.));
#11479=DIRECTION('',(0.,1.,0.));
#11480=DIRECTION('',(1.,0.,0.));
#11481=DIRECTION('',(0.,1.,0.));
#11482=DIRECTION('center_axis',(1.,0.,0.));
#11483=DIRECTION('ref_axis',(0.,0.,-1.));
#11484=DIRECTION('',(0.,0.,-1.));
#11485=DIRECTION('',(0.,1.,0.));
#11486=DIRECTION('center_axis',(0.,0.,1.));
#11487=DIRECTION('ref_axis',(1.,0.,0.));
#11488=DIRECTION('',(1.,0.,0.));
#11489=DIRECTION('',(0.,1.,0.));
#11490=DIRECTION('center_axis',(-1.,0.,-3.5016918654112E-16));
#11491=DIRECTION('ref_axis',(-3.5016918654112E-16,0.,1.));
#11492=DIRECTION('',(-3.5016918654112E-16,0.,1.));
#11493=DIRECTION('',(0.,1.,0.));
#11494=DIRECTION('center_axis',(0.,0.,-1.));
#11495=DIRECTION('ref_axis',(-1.,0.,0.));
#11496=DIRECTION('',(-1.,0.,0.));
#11497=DIRECTION('',(0.,1.,0.));
#11498=DIRECTION('center_axis',(1.,0.,0.));
#11499=DIRECTION('ref_axis',(0.,0.,-1.));
#11500=DIRECTION('',(0.,0.,-1.));
#11501=DIRECTION('',(0.,1.,0.));
#11502=DIRECTION('center_axis',(0.,0.,-1.));
#11503=DIRECTION('ref_axis',(-1.,0.,0.));
#11504=DIRECTION('',(-1.,0.,0.));
#11505=DIRECTION('',(0.,1.,0.));
#11506=DIRECTION('center_axis',(1.,0.,0.));
#11507=DIRECTION('ref_axis',(0.,0.,-1.));
#11508=DIRECTION('',(0.,0.,-1.));
#11509=DIRECTION('center_axis',(0.,1.,0.));
#11510=DIRECTION('ref_axis',(0.,0.,1.));
#11511=DIRECTION('',(0.,1.,0.));
#11512=DIRECTION('',(0.,1.,0.));
#11513=DIRECTION('',(0.,1.,0.));
#11514=DIRECTION('',(0.,1.,0.));
#11515=DIRECTION('',(0.,1.,0.));
#11516=DIRECTION('',(0.,1.,0.));
#11517=DIRECTION('',(0.,1.,0.));
#11518=DIRECTION('',(0.,1.,0.));
#11519=DIRECTION('',(0.,1.,0.));
#11520=DIRECTION('',(0.,1.,0.));
#11521=DIRECTION('',(0.,1.,0.));
#11522=DIRECTION('',(0.,1.,0.));
#11523=DIRECTION('',(0.,1.,0.));
#11524=DIRECTION('',(0.,1.,0.));
#11525=DIRECTION('',(0.,1.,0.));
#11526=DIRECTION('',(0.,1.,0.));
#11527=DIRECTION('',(0.,1.,0.));
#11528=DIRECTION('',(0.,1.,0.));
#11529=DIRECTION('',(0.,1.,0.));
#11530=DIRECTION('',(0.,1.,0.));
#11531=DIRECTION('center_axis',(0.,1.,0.));
#11532=DIRECTION('ref_axis',(-1.,0.,0.));
#11533=DIRECTION('center_axis',(0.,1.,0.));
#11534=DIRECTION('ref_axis',(0.,0.,1.));
#11535=DIRECTION('center_axis',(-1.,0.,0.));
#11536=DIRECTION('ref_axis',(0.,0.,1.));
#11537=DIRECTION('',(0.,0.,-1.));
#11538=DIRECTION('',(0.,1.,0.));
#11539=DIRECTION('',(0.,0.,1.));
#11540=DIRECTION('',(0.,1.,0.));
#11541=DIRECTION('center_axis',(0.352638588395354,0.,0.935759598387605));
#11542=DIRECTION('ref_axis',(0.935759598387605,0.,-0.352638588395354));
#11543=DIRECTION('',(-0.935759598387605,0.,0.352638588395354));
#11544=DIRECTION('',(0.935759598387605,0.,-0.352638588395354));
#11545=DIRECTION('',(0.,1.,0.));
#11546=DIRECTION('',(0.,1.,0.));
#11547=DIRECTION('',(0.,1.,0.));
#11548=DIRECTION('center_axis',(0.350646426652936,0.,-0.936507919601071));
#11549=DIRECTION('ref_axis',(-0.936507919601071,0.,-0.350646426652936));
#11550=DIRECTION('',(0.936507919601071,0.,0.350646426652936));
#11551=DIRECTION('',(-0.936507919601071,0.,-0.350646426652936));
#11552=DIRECTION('center_axis',(-0.358509488814902,0.,0.933526082351038));
#11553=DIRECTION('ref_axis',(0.933526082351038,0.,0.358509488814902));
#11554=DIRECTION('',(0.,1.,0.));
#11555=DIRECTION('',(0.933526082351038,0.,0.358509488814902));
#11556=DIRECTION('',(0.,1.,0.));
#11557=DIRECTION('center_axis',(-1.,0.,0.));
#11558=DIRECTION('ref_axis',(0.,0.,1.));
#11559=DIRECTION('',(0.,0.,1.));
#11560=DIRECTION('',(0.,1.,0.));
#11561=DIRECTION('center_axis',(-0.378780362184425,0.,-0.925486594837243));
#11562=DIRECTION('ref_axis',(-0.925486594837243,0.,0.378780362184425));
#11563=DIRECTION('',(-0.925486594837243,0.,0.378780362184425));
#11564=DIRECTION('',(0.,1.,0.));
#11565=DIRECTION('center_axis',(1.,0.,0.));
#11566=DIRECTION('ref_axis',(0.,0.,-1.));
#11567=DIRECTION('',(0.,0.,-1.));
#11568=DIRECTION('',(0.,1.,0.));
#11569=DIRECTION('center_axis',(0.359401529578064,0.,0.933183015563908));
#11570=DIRECTION('ref_axis',(0.933183015563907,0.,-0.359401529578064));
#11571=DIRECTION('',(0.933183015563907,0.,-0.359401529578064));
#11572=DIRECTION('',(0.,1.,0.));
#11573=DIRECTION('center_axis',(1.,0.,3.31889552419844E-16));
#11574=DIRECTION('ref_axis',(3.31889552419844E-16,0.,-1.));
#11575=DIRECTION('',(3.31889552419844E-16,0.,-1.));
#11576=DIRECTION('',(0.,1.,0.));
#11577=DIRECTION('center_axis',(0.340892388876064,0.,-0.940102323795857));
#11578=DIRECTION('ref_axis',(-0.940102323795857,0.,-0.340892388876064));
#11579=DIRECTION('',(-0.940102323795857,0.,-0.340892388876064));
#11580=DIRECTION('',(0.,1.,0.));
#11581=DIRECTION('center_axis',(1.,0.,0.));
#11582=DIRECTION('ref_axis',(0.,0.,-1.));
#11583=DIRECTION('',(0.,0.,-1.));
#11584=DIRECTION('center_axis',(0.,1.,0.));
#11585=DIRECTION('ref_axis',(-1.,0.,0.));
#11586=DIRECTION('center_axis',(0.,1.,0.));
#11587=DIRECTION('ref_axis',(0.,0.,1.));
#11588=DIRECTION('center_axis',(0.,0.,1.));
#11589=DIRECTION('ref_axis',(1.,0.,0.));
#11590=DIRECTION('',(0.,1.,0.));
#11591=DIRECTION('',(1.,0.,0.));
#11592=DIRECTION('',(0.,1.,0.));
#11593=DIRECTION('center_axis',(-1.,0.,0.));
#11594=DIRECTION('ref_axis',(0.,0.,1.));
#11595=DIRECTION('',(0.,0.,1.));
#11596=DIRECTION('',(0.,1.,0.));
#11597=DIRECTION('center_axis',(0.,0.,-1.));
#11598=DIRECTION('ref_axis',(-1.,0.,0.));
#11599=DIRECTION('',(-1.,0.,0.));
#11600=DIRECTION('',(0.,1.,0.));
#11601=DIRECTION('center_axis',(1.,0.,0.));
#11602=DIRECTION('ref_axis',(0.,0.,-1.));
#11603=DIRECTION('',(0.,0.,-1.));
#11604=DIRECTION('center_axis',(0.,1.,0.));
#11605=DIRECTION('ref_axis',(0.,0.,1.));
#11606=DIRECTION('center_axis',(-1.,0.,0.));
#11607=DIRECTION('ref_axis',(0.,0.,1.));
#11608=DIRECTION('',(0.,0.,-1.));
#11609=DIRECTION('',(0.,1.,0.));
#11610=DIRECTION('',(0.,0.,1.));
#11611=DIRECTION('',(0.,1.,0.));
#11612=DIRECTION('center_axis',(0.352638588395354,0.,0.935759598387605));
#11613=DIRECTION('ref_axis',(0.935759598387605,0.,-0.352638588395354));
#11614=DIRECTION('',(-0.935759598387605,0.,0.352638588395354));
#11615=DIRECTION('',(0.935759598387605,0.,-0.352638588395354));
#11616=DIRECTION('',(0.,1.,0.));
#11617=DIRECTION('',(0.,1.,0.));
#11618=DIRECTION('',(0.,1.,0.));
#11619=DIRECTION('center_axis',(0.350646009379986,0.,-0.936508075835917));
#11620=DIRECTION('ref_axis',(-0.936508075835917,0.,-0.350646009379986));
#11621=DIRECTION('',(0.936508075835917,0.,0.350646009379986));
#11622=DIRECTION('',(-0.936508075835917,0.,-0.350646009379986));
#11623=DIRECTION('center_axis',(-0.358509610041899,0.,0.933526035795256));
#11624=DIRECTION('ref_axis',(0.933526035795256,0.,0.358509610041899));
#11625=DIRECTION('',(0.,1.,0.));
#11626=DIRECTION('',(0.933526035795256,0.,0.358509610041899));
#11627=DIRECTION('',(0.,1.,0.));
#11628=DIRECTION('center_axis',(-1.,0.,0.));
#11629=DIRECTION('ref_axis',(0.,0.,1.));
#11630=DIRECTION('',(0.,0.,1.));
#11631=DIRECTION('',(0.,1.,0.));
#11632=DIRECTION('center_axis',(-0.37878024406252,0.,-0.925486643181812));
#11633=DIRECTION('ref_axis',(-0.925486643181812,0.,0.37878024406252));
#11634=DIRECTION('',(-0.925486643181812,0.,0.37878024406252));
#11635=DIRECTION('',(0.,1.,0.));
#11636=DIRECTION('center_axis',(1.,0.,0.));
#11637=DIRECTION('ref_axis',(0.,0.,-1.));
#11638=DIRECTION('',(0.,0.,-1.));
#11639=DIRECTION('',(0.,1.,0.));
#11640=DIRECTION('center_axis',(0.359401529578064,0.,0.933183015563908));
#11641=DIRECTION('ref_axis',(0.933183015563907,0.,-0.359401529578064));
#11642=DIRECTION('',(0.933183015563907,0.,-0.359401529578064));
#11643=DIRECTION('',(0.,1.,0.));
#11644=DIRECTION('center_axis',(1.,0.,3.31889670693273E-16));
#11645=DIRECTION('ref_axis',(3.31889670693273E-16,0.,-1.));
#11646=DIRECTION('',(3.31889670693273E-16,0.,-1.));
#11647=DIRECTION('',(0.,1.,0.));
#11648=DIRECTION('center_axis',(0.340892797662457,0.,-0.940102175564903));
#11649=DIRECTION('ref_axis',(-0.940102175564903,0.,-0.340892797662457));
#11650=DIRECTION('',(-0.940102175564903,0.,-0.340892797662457));
#11651=DIRECTION('',(0.,1.,0.));
#11652=DIRECTION('center_axis',(1.,0.,0.));
#11653=DIRECTION('ref_axis',(0.,0.,-1.));
#11654=DIRECTION('',(0.,0.,-1.));
#11655=DIRECTION('center_axis',(0.,1.,0.));
#11656=DIRECTION('ref_axis',(-1.,0.,0.));
#11657=DIRECTION('center_axis',(0.,1.,0.));
#11658=DIRECTION('ref_axis',(0.,0.,1.));
#11659=DIRECTION('center_axis',(0.,0.,1.));
#11660=DIRECTION('ref_axis',(1.,0.,0.));
#11661=DIRECTION('',(0.,1.,0.));
#11662=DIRECTION('',(1.,0.,0.));
#11663=DIRECTION('',(0.,1.,0.));
#11664=DIRECTION('center_axis',(-1.,0.,0.));
#11665=DIRECTION('ref_axis',(0.,0.,1.));
#11666=DIRECTION('',(0.,0.,1.));
#11667=DIRECTION('',(0.,1.,0.));
#11668=DIRECTION('center_axis',(-0.556032648130106,0.,-0.831160450342425));
#11669=DIRECTION('ref_axis',(-0.831160450342425,0.,0.556032648130106));
#11670=DIRECTION('',(-0.831160450342425,0.,0.556032648130106));
#11671=DIRECTION('',(0.,1.,0.));
#11672=DIRECTION('center_axis',(0.,0.,1.));
#11673=DIRECTION('ref_axis',(1.,0.,0.));
#11674=DIRECTION('',(1.,0.,0.));
#11675=DIRECTION('',(0.,1.,0.));
#11676=DIRECTION('center_axis',(-1.,0.,0.));
#11677=DIRECTION('ref_axis',(0.,0.,1.));
#11678=DIRECTION('',(0.,0.,1.));
#11679=DIRECTION('',(0.,1.,0.));
#11680=DIRECTION('center_axis',(0.,0.,-1.));
#11681=DIRECTION('ref_axis',(-1.,0.,0.));
#11682=DIRECTION('',(-1.,0.,0.));
#11683=DIRECTION('',(0.,1.,0.));
#11684=DIRECTION('center_axis',(1.,0.,0.));
#11685=DIRECTION('ref_axis',(0.,0.,-1.));
#11686=DIRECTION('',(0.,0.,-1.));
#11687=DIRECTION('',(0.,1.,0.));
#11688=DIRECTION('center_axis',(0.555699196751434,0.,0.831383427023784));
#11689=DIRECTION('ref_axis',(0.831383427023784,0.,-0.555699196751434));
#11690=DIRECTION('',(0.831383427023784,0.,-0.555699196751434));
#11691=DIRECTION('',(0.,1.,0.));
#11692=DIRECTION('center_axis',(0.,0.,-1.));
#11693=DIRECTION('ref_axis',(-1.,0.,0.));
#11694=DIRECTION('',(-1.,0.,0.));
#11695=DIRECTION('',(0.,1.,0.));
#11696=DIRECTION('center_axis',(1.,0.,0.));
#11697=DIRECTION('ref_axis',(0.,0.,-1.));
#11698=DIRECTION('',(0.,0.,-1.));
#11699=DIRECTION('center_axis',(0.,1.,0.));
#11700=DIRECTION('ref_axis',(0.,0.,1.));
#11701=DIRECTION('center_axis',(-1.,0.,0.));
#11702=DIRECTION('ref_axis',(0.,0.,1.));
#11703=DIRECTION('',(0.,0.,-1.));
#11704=DIRECTION('',(0.,1.,0.));
#11705=DIRECTION('',(0.,0.,1.));
#11706=DIRECTION('',(0.,1.,0.));
#11707=DIRECTION('center_axis',(0.352639470156023,0.,0.935759266097899));
#11708=DIRECTION('ref_axis',(0.935759266097899,0.,-0.352639470156023));
#11709=DIRECTION('',(-0.935759266097899,0.,0.352639470156023));
#11710=DIRECTION('',(0.935759266097899,0.,-0.352639470156023));
#11711=DIRECTION('',(0.,1.,0.));
#11712=DIRECTION('',(0.,1.,0.));
#11713=DIRECTION('',(0.,1.,0.));
#11714=DIRECTION('center_axis',(0.350646426652936,0.,-0.936507919601071));
#11715=DIRECTION('ref_axis',(-0.936507919601071,0.,-0.350646426652936));
#11716=DIRECTION('',(0.936507919601071,0.,0.350646426652936));
#11717=DIRECTION('',(-0.936507919601071,0.,-0.350646426652936));
#11718=DIRECTION('center_axis',(-0.358509581926478,0.,0.93352604659265));
#11719=DIRECTION('ref_axis',(0.93352604659265,0.,0.358509581926478));
#11720=DIRECTION('',(0.,1.,0.));
#11721=DIRECTION('',(0.93352604659265,0.,0.358509581926478));
#11722=DIRECTION('',(0.,1.,0.));
#11723=DIRECTION('center_axis',(-1.,0.,0.));
#11724=DIRECTION('ref_axis',(0.,0.,1.));
#11725=DIRECTION('',(0.,0.,1.));
#11726=DIRECTION('',(0.,1.,0.));
#11727=DIRECTION('center_axis',(-0.378780458873594,0.,-0.925486555264586));
#11728=DIRECTION('ref_axis',(-0.925486555264586,0.,0.378780458873594));
#11729=DIRECTION('',(-0.925486555264586,0.,0.378780458873594));
#11730=DIRECTION('',(0.,1.,0.));
#11731=DIRECTION('center_axis',(1.,0.,0.));
#11732=DIRECTION('ref_axis',(0.,0.,-1.));
#11733=DIRECTION('',(0.,0.,-1.));
#11734=DIRECTION('',(0.,1.,0.));
#11735=DIRECTION('center_axis',(0.359401529578064,0.,0.933183015563908));
#11736=DIRECTION('ref_axis',(0.933183015563907,0.,-0.359401529578064));
#11737=DIRECTION('',(0.933183015563907,0.,-0.359401529578064));
#11738=DIRECTION('',(0.,1.,0.));
#11739=DIRECTION('center_axis',(1.,0.,0.));
#11740=DIRECTION('ref_axis',(0.,0.,-1.));
#11741=DIRECTION('',(0.,0.,-1.));
#11742=DIRECTION('',(0.,1.,0.));
#11743=DIRECTION('center_axis',(0.340893206448656,0.,-0.940102027333818));
#11744=DIRECTION('ref_axis',(-0.940102027333818,0.,-0.340893206448656));
#11745=DIRECTION('',(-0.940102027333818,0.,-0.340893206448656));
#11746=DIRECTION('',(0.,1.,0.));
#11747=DIRECTION('center_axis',(1.,0.,0.));
#11748=DIRECTION('ref_axis',(0.,0.,-1.));
#11749=DIRECTION('',(0.,0.,-1.));
#11750=DIRECTION('center_axis',(0.,1.,0.));
#11751=DIRECTION('ref_axis',(-1.,0.,0.));
#11752=DIRECTION('center_axis',(0.,1.,0.));
#11753=DIRECTION('ref_axis',(0.,0.,1.));
#11754=DIRECTION('center_axis',(-1.,0.,0.));
#11755=DIRECTION('ref_axis',(0.,0.,1.));
#11756=DIRECTION('',(0.,1.,0.));
#11757=DIRECTION('',(0.,0.,1.));
#11758=DIRECTION('',(0.,1.,0.));
#11759=DIRECTION('center_axis',(0.,0.,-1.));
#11760=DIRECTION('ref_axis',(-1.,0.,0.));
#11761=DIRECTION('',(-1.,0.,0.));
#11762=DIRECTION('',(0.,1.,0.));
#11763=DIRECTION('',(0.,1.,0.));
#11764=DIRECTION('',(0.,1.,0.));
#11765=DIRECTION('',(0.,1.,0.));
#11766=DIRECTION('',(0.,1.,0.));
#11767=DIRECTION('',(0.,1.,0.));
#11768=DIRECTION('',(0.,1.,0.));
#11769=DIRECTION('center_axis',(0.,0.,1.));
#11770=DIRECTION('ref_axis',(1.,0.,0.));
#11771=DIRECTION('',(1.,0.,0.));
#11772=DIRECTION('',(0.,1.,0.));
#11773=DIRECTION('center_axis',(-1.,0.,0.));
#11774=DIRECTION('ref_axis',(0.,0.,1.));
#11775=DIRECTION('',(0.,0.,1.));
#11776=DIRECTION('',(0.,1.,0.));
#11777=DIRECTION('center_axis',(0.,0.,-1.));
#11778=DIRECTION('ref_axis',(-1.,0.,0.));
#11779=DIRECTION('',(-1.,0.,0.));
#11780=DIRECTION('',(0.,1.,0.));
#11781=DIRECTION('',(0.,1.,0.));
#11782=DIRECTION('',(0.,1.,0.));
#11783=DIRECTION('',(0.,1.,0.));
#11784=DIRECTION('',(0.,1.,0.));
#11785=DIRECTION('',(0.,1.,0.));
#11786=DIRECTION('center_axis',(0.,0.,1.));
#11787=DIRECTION('ref_axis',(1.,0.,0.));
#11788=DIRECTION('',(1.,0.,0.));
#11789=DIRECTION('center_axis',(0.,1.,0.));
#11790=DIRECTION('ref_axis',(-1.,0.,0.));
#11791=DIRECTION('',(0.,1.,0.));
#11792=DIRECTION('',(0.,1.,0.));
#11793=DIRECTION('',(0.,1.,0.));
#11794=DIRECTION('',(0.,1.,0.));
#11795=DIRECTION('',(0.,1.,0.));
#11796=DIRECTION('',(0.,1.,0.));
#11797=DIRECTION('',(0.,1.,0.));
#11798=DIRECTION('',(0.,1.,0.));
#11799=DIRECTION('',(0.,1.,0.));
#11800=DIRECTION('',(0.,1.,0.));
#11801=DIRECTION('',(0.,1.,0.));
#11802=DIRECTION('',(0.,1.,0.));
#11803=DIRECTION('',(0.,1.,0.));
#11804=DIRECTION('',(0.,1.,0.));
#11805=DIRECTION('',(0.,1.,0.));
#11806=DIRECTION('',(0.,1.,0.));
#11807=DIRECTION('',(0.,1.,0.));
#11808=DIRECTION('',(0.,1.,0.));
#11809=DIRECTION('',(0.,1.,0.));
#11810=DIRECTION('',(0.,1.,0.));
#11811=DIRECTION('center_axis',(0.,1.,0.));
#11812=DIRECTION('ref_axis',(-1.,0.,0.));
#11813=DIRECTION('center_axis',(0.,1.,0.));
#11814=DIRECTION('ref_axis',(0.,0.,1.));
#11815=DIRECTION('center_axis',(0.,0.,1.));
#11816=DIRECTION('ref_axis',(-1.,0.,0.));
#11817=DIRECTION('',(0.,-1.,0.));
#11818=DIRECTION('center_axis',(-1.,0.,0.));
#11819=DIRECTION('ref_axis',(0.,0.,-1.));
#11820=DIRECTION('',(0.,-1.,0.));
#11821=DIRECTION('center_axis',(0.,0.,1.));
#11822=DIRECTION('ref_axis',(-1.,0.,0.));
#11823=DIRECTION('center_axis',(0.,1.,0.));
#11824=DIRECTION('ref_axis',(-1.,0.,0.));
#11825=DIRECTION('',(0.,0.,1.));
#11826=DIRECTION('',(-1.,0.,0.));
#11827=DIRECTION('',(0.,0.,-1.));
#11828=DIRECTION('',(1.,0.,0.));
#11829=DIRECTION('center_axis',(0.,0.,1.));
#11830=DIRECTION('ref_axis',(-1.,0.,0.));
#11831=DIRECTION('',(0.,1.,0.));
#11832=DIRECTION('center_axis',(0.,0.,-1.));
#11833=DIRECTION('ref_axis',(1.,0.,0.));
#11834=DIRECTION('',(0.,-1.,0.));
#11835=DIRECTION('',(1.,0.,0.));
#11836=DIRECTION('',(0.,-1.,0.));
#11837=DIRECTION('center_axis',(1.,0.,0.));
#11838=DIRECTION('ref_axis',(0.,0.,1.));
#11839=DIRECTION('',(0.,0.,1.));
#11840=DIRECTION('',(0.,-1.,0.));
#11841=DIRECTION('center_axis',(0.,0.,-1.));
#11842=DIRECTION('ref_axis',(1.,0.,0.));
#11843=DIRECTION('',(1.,0.,0.));
#11844=DIRECTION('',(0.,-1.,0.));
#11845=DIRECTION('center_axis',(-1.,0.,0.));
#11846=DIRECTION('ref_axis',(0.,0.,-1.));
#11847=DIRECTION('',(0.,0.,-1.));
#11848=DIRECTION('',(0.,-1.,0.));
#11849=DIRECTION('center_axis',(0.,0.,-1.));
#11850=DIRECTION('ref_axis',(1.,0.,0.));
#11851=DIRECTION('',(0.,1.,0.));
#11852=DIRECTION('',(1.,0.,0.));
#11853=DIRECTION('center_axis',(-1.,0.,0.));
#11854=DIRECTION('ref_axis',(0.,0.,1.));
#11855=DIRECTION('',(0.,0.,-1.));
#11856=DIRECTION('',(0.,-1.,0.));
#11857=DIRECTION('',(0.,0.,-1.));
#11858=DIRECTION('',(0.,1.,0.));
#11859=DIRECTION('center_axis',(0.,-1.,0.));
#11860=DIRECTION('ref_axis',(0.,0.,1.));
#11861=DIRECTION('center_axis',(0.,-1.,0.));
#11862=DIRECTION('ref_axis',(0.,0.,1.));
#11863=DIRECTION('',(0.,0.,-1.));
#11864=DIRECTION('center_axis',(0.,-1.,0.));
#11865=DIRECTION('ref_axis',(0.,0.,1.));
#11866=DIRECTION('',(0.,-1.,0.));
#11867=DIRECTION('center_axis',(0.,1.,0.));
#11868=DIRECTION('ref_axis',(0.,0.,1.));
#11869=DIRECTION('',(0.,1.,0.));
#11870=DIRECTION('center_axis',(0.,1.,0.));
#11871=DIRECTION('ref_axis',(0.,0.,1.));
#11872=DIRECTION('center_axis',(1.,0.,0.));
#11873=DIRECTION('ref_axis',(0.,0.,-1.));
#11874=DIRECTION('',(0.,0.,1.));
#11875=DIRECTION('',(0.,-1.,0.));
#11876=DIRECTION('',(0.,0.,-1.));
#11877=DIRECTION('',(0.,1.,0.));
#11878=DIRECTION('',(0.,0.,1.));
#11879=DIRECTION('center_axis',(-1.,0.,0.));
#11880=DIRECTION('ref_axis',(0.,1.,0.));
#11881=DIRECTION('center_axis',(-1.,0.,0.));
#11882=DIRECTION('ref_axis',(0.,1.,0.));
#11883=DIRECTION('center_axis',(1.,0.,0.));
#11884=DIRECTION('ref_axis',(0.,0.,1.));
#11885=DIRECTION('center_axis',(0.,-1.,0.));
#11886=DIRECTION('ref_axis',(0.,0.,1.));
#11887=DIRECTION('center_axis',(0.,-1.,0.));
#11888=DIRECTION('ref_axis',(0.,0.,1.));
#11889=DIRECTION('center_axis',(0.,-1.,0.));
#11890=DIRECTION('ref_axis',(0.,0.,1.));
#11891=DIRECTION('',(1.,0.,0.));
#11892=DIRECTION('center_axis',(0.,-1.,0.));
#11893=DIRECTION('ref_axis',(0.,0.,1.));
#11894=DIRECTION('',(0.,0.,1.));
#11895=DIRECTION('center_axis',(0.,-1.,0.));
#11896=DIRECTION('ref_axis',(0.,0.,1.));
#11897=DIRECTION('',(0.,-1.,0.));
#11898=DIRECTION('center_axis',(0.,1.,0.));
#11899=DIRECTION('ref_axis',(0.,0.,1.));
#11900=DIRECTION('center_axis',(0.,1.,0.));
#11901=DIRECTION('ref_axis',(0.,0.,1.));
#11902=DIRECTION('',(0.,1.,0.));
#11903=DIRECTION('',(0.,-1.,0.));
#11904=DIRECTION('center_axis',(0.,1.,0.));
#11905=DIRECTION('ref_axis',(0.,0.,1.));
#11906=DIRECTION('center_axis',(0.,0.,-1.));
#11907=DIRECTION('ref_axis',(-1.,0.,0.));
#11908=DIRECTION('',(0.,-1.,0.));
#11909=DIRECTION('center_axis',(0.,0.,1.));
#11910=DIRECTION('ref_axis',(-1.,0.,0.));
#11911=DIRECTION('',(1.,0.,0.));
#11912=DIRECTION('',(0.,1.,0.));
#11913=DIRECTION('',(1.,0.,0.));
#11914=DIRECTION('',(1.,0.,0.));
#11915=DIRECTION('center_axis',(0.,0.,1.));
#11916=DIRECTION('ref_axis',(-1.,0.,0.));
#11917=DIRECTION('center_axis',(0.,0.,1.));
#11918=DIRECTION('ref_axis',(-1.,0.,0.));
#11919=DIRECTION('center_axis',(0.,0.,1.));
#11920=DIRECTION('ref_axis',(-1.,0.,0.));
#11921=DIRECTION('center_axis',(1.,0.,0.));
#11922=DIRECTION('ref_axis',(0.,0.,-1.));
#11923=DIRECTION('',(0.,0.,1.));
#11924=DIRECTION('center_axis',(-1.,0.,0.));
#11925=DIRECTION('ref_axis',(0.,0.,1.));
#11926=DIRECTION('center_axis',(-1.,0.,0.));
#11927=DIRECTION('ref_axis',(0.,0.,1.));
#11928=DIRECTION('center_axis',(-1.,0.,0.));
#11929=DIRECTION('ref_axis',(0.,1.,0.));
#11930=DIRECTION('center_axis',(-1.,0.,0.));
#11931=DIRECTION('ref_axis',(0.,1.,0.));
#11932=DIRECTION('center_axis',(0.,1.,0.));
#11933=DIRECTION('ref_axis',(0.,0.,1.));
#11934=DIRECTION('center_axis',(0.,1.,0.));
#11935=DIRECTION('ref_axis',(0.,0.,1.));
#11936=DIRECTION('center_axis',(0.,-1.,0.));
#11937=DIRECTION('ref_axis',(0.,0.,1.));
#11938=DIRECTION('center_axis',(0.,-1.,0.));
#11939=DIRECTION('ref_axis',(0.,0.,1.));
#11940=DIRECTION('center_axis',(0.,-1.,0.));
#11941=DIRECTION('ref_axis',(0.,0.,1.));
#11942=DIRECTION('center_axis',(0.,-1.,0.));
#11943=DIRECTION('ref_axis',(0.,0.,1.));
#11944=DIRECTION('center_axis',(0.,-1.,0.));
#11945=DIRECTION('ref_axis',(0.,0.,1.));
#11946=DIRECTION('center_axis',(0.,-1.,0.));
#11947=DIRECTION('ref_axis',(0.,0.,1.));
#11948=DIRECTION('',(0.,-1.,0.));
#11949=DIRECTION('center_axis',(0.,1.,0.));
#11950=DIRECTION('ref_axis',(0.,0.,1.));
#11951=DIRECTION('center_axis',(0.,1.,0.));
#11952=DIRECTION('ref_axis',(0.,0.,1.));
#11953=DIRECTION('center_axis',(0.,-1.,0.));
#11954=DIRECTION('ref_axis',(0.,0.,1.));
#11955=DIRECTION('center_axis',(0.,-1.,0.));
#11956=DIRECTION('ref_axis',(0.,0.,1.));
#11957=DIRECTION('center_axis',(0.,-1.,0.));
#11958=DIRECTION('ref_axis',(0.,0.,1.));
#11959=DIRECTION('center_axis',(0.,-1.,0.));
#11960=DIRECTION('ref_axis',(0.,0.,1.));
#11961=DIRECTION('center_axis',(0.,-1.,0.));
#11962=DIRECTION('ref_axis',(0.,0.,1.));
#11963=DIRECTION('center_axis',(0.,-1.,0.));
#11964=DIRECTION('ref_axis',(0.,0.,1.));
#11965=DIRECTION('',(0.,-1.,0.));
#11966=DIRECTION('center_axis',(0.,0.,-1.));
#11967=DIRECTION('ref_axis',(-1.,0.,0.));
#11968=DIRECTION('center_axis',(0.,0.,1.));
#11969=DIRECTION('ref_axis',(-1.,0.,0.));
#11970=DIRECTION('center_axis',(0.,0.,1.));
#11971=DIRECTION('ref_axis',(-1.,0.,0.));
#11972=DIRECTION('center_axis',(0.,0.,1.));
#11973=DIRECTION('ref_axis',(1.83697019872103E-16,1.,0.));
#11974=DIRECTION('center_axis',(1.,0.,0.));
#11975=DIRECTION('ref_axis',(0.,0.,1.));
#11976=DIRECTION('',(-1.,0.,0.));
#11977=DIRECTION('center_axis',(-1.,0.,0.));
#11978=DIRECTION('ref_axis',(0.,0.,1.));
#11979=DIRECTION('center_axis',(-1.,0.,0.));
#11980=DIRECTION('ref_axis',(0.,0.,1.));
#11981=DIRECTION('center_axis',(0.,0.,-1.));
#11982=DIRECTION('ref_axis',(1.,0.,0.));
#11983=DIRECTION('',(0.,0.,1.));
#11984=DIRECTION('center_axis',(0.,0.,1.));
#11985=DIRECTION('ref_axis',(0.771174951406777,-0.636623275040078,0.));
#11986=DIRECTION('',(0.,0.,1.));
#11987=DIRECTION('',(0.,0.,-1.));
#11988=DIRECTION('center_axis',(0.,0.,1.));
#11989=DIRECTION('ref_axis',(-1.,0.,0.));
#11990=DIRECTION('center_axis',(0.,0.,-1.));
#11991=DIRECTION('ref_axis',(1.,0.,0.));
#11992=DIRECTION('',(0.,0.,1.));
#11993=DIRECTION('center_axis',(0.,0.,1.));
#11994=DIRECTION('ref_axis',(-1.,0.,0.));
#11995=DIRECTION('',(0.,0.,-1.));
#11996=DIRECTION('center_axis',(-1.,0.,0.));
#11997=DIRECTION('ref_axis',(0.,1.,0.));
#11998=DIRECTION('',(1.,0.,0.));
#11999=DIRECTION('center_axis',(-1.,0.,0.));
#12000=DIRECTION('ref_axis',(0.,1.,0.));
#12001=DIRECTION('',(1.,0.,0.));
#12002=DIRECTION('center_axis',(0.,-1.,0.));
#12003=DIRECTION('ref_axis',(0.997192771830762,0.,-0.0748770713134642));
#12004=DIRECTION('center_axis',(0.,-1.,0.));
#12005=DIRECTION('ref_axis',(0.0359493822658288,0.,-0.999353612048661));
#12006=DIRECTION('center_axis',(0.,-1.,0.));
#12007=DIRECTION('ref_axis',(0.,0.,1.));
#12008=DIRECTION('',(0.,1.,0.));
#12009=DIRECTION('center_axis',(0.,0.,-1.));
#12010=DIRECTION('ref_axis',(1.,0.,0.));
#12011=DIRECTION('',(0.,0.,-1.));
#12012=DIRECTION('center_axis',(0.,0.,1.));
#12013=DIRECTION('ref_axis',(0.771174951406776,-0.63662327504008,0.));
#12014=DIRECTION('',(0.,0.,-1.));
#12015=DIRECTION('',(0.,0.,1.));
#12016=DIRECTION('center_axis',(0.,0.,1.));
#12017=DIRECTION('ref_axis',(-1.,0.,0.));
#12018=DIRECTION('center_axis',(0.,0.,-1.));
#12019=DIRECTION('ref_axis',(1.,0.,0.));
#12020=DIRECTION('',(0.,0.,-1.));
#12021=DIRECTION('center_axis',(0.,0.,1.));
#12022=DIRECTION('ref_axis',(-1.,0.,0.));
#12023=DIRECTION('',(0.,0.,1.));
#12024=DIRECTION('center_axis',(-1.,0.,0.));
#12025=DIRECTION('ref_axis',(0.,1.,0.));
#12026=DIRECTION('center_axis',(-1.,0.,0.));
#12027=DIRECTION('ref_axis',(0.,1.,0.));
#12028=DIRECTION('',(-1.,0.,0.));
#12029=DIRECTION('center_axis',(1.,0.,0.));
#12030=DIRECTION('ref_axis',(0.,1.,0.));
#12031=DIRECTION('center_axis',(-1.,0.,0.));
#12032=DIRECTION('ref_axis',(0.,1.,0.));
#12033=DIRECTION('center_axis',(-1.,0.,0.));
#12034=DIRECTION('ref_axis',(0.,1.,0.));
#12035=DIRECTION('',(-1.,0.,0.));
#12036=DIRECTION('center_axis',(1.,0.,0.));
#12037=DIRECTION('ref_axis',(0.,1.,0.));
#12038=DIRECTION('center_axis',(-1.,0.,0.));
#12039=DIRECTION('ref_axis',(0.,0.,1.));
#12040=DIRECTION('center_axis',(1.,0.,0.));
#12041=DIRECTION('ref_axis',(0.,0.,-1.));
#12042=DIRECTION('',(0.,0.,1.));
#12043=DIRECTION('center_axis',(0.,1.,0.));
#12044=DIRECTION('ref_axis',(1.,0.,0.));
#12045=DIRECTION('center_axis',(1.,0.,0.));
#12046=DIRECTION('ref_axis',(0.,0.,-1.));
#12047=CARTESIAN_POINT('',(0.,0.,0.));
#12048=CARTESIAN_POINT('Origin',(51.463776299433,2.75,30.1035604910197));
#12049=CARTESIAN_POINT('',(51.463776299433,5.5,28.6035604910197));
#12050=CARTESIAN_POINT('Origin',(51.463776299433,5.5,30.1035604910197));
#12051=CARTESIAN_POINT('',(51.463776299433,2.,28.6035604910197));
#12052=CARTESIAN_POINT('',(51.463776299433,2.75,28.6035604910197));
#12053=CARTESIAN_POINT('',(51.5649129582675,2.,28.6069739160967));
#12054=CARTESIAN_POINT('Origin',(51.463776299433,2.,30.1035604910197));
#12055=CARTESIAN_POINT('',(51.5649129582675,0.5,28.6069739160967));
#12056=CARTESIAN_POINT('',(51.5649129582675,2.75,28.6069739160967));
#12057=CARTESIAN_POINT('',(51.463776299433,0.5,28.6035604910197));
#12058=CARTESIAN_POINT('Origin',(51.463776299433,0.5,30.1035604910197));
#12059=CARTESIAN_POINT('',(51.463776299433,-0.144224720296315,28.6035604910197));
#12060=CARTESIAN_POINT('',(51.463776299433,2.75,28.6035604910197));
#12061=CARTESIAN_POINT('',(52.3637864016077,-0.135957823548498,31.3035529143222));
#12062=CARTESIAN_POINT('Ctrl Pts',(51.463776299433,-0.144224720296315,28.6035604910197));
#12063=CARTESIAN_POINT('Ctrl Pts',(51.6521217317704,-0.144224720296315,
28.6035604910197));
#12064=CARTESIAN_POINT('Ctrl Pts',(51.8530196749551,-0.143685131137706,
28.6412017762966));
#12065=CARTESIAN_POINT('Ctrl Pts',(52.2225870564676,-0.141702857173598,
28.7942821969121));
#12066=CARTESIAN_POINT('Ctrl Pts',(52.3912566789802,-0.140284512922295,
28.9097212018141));
#12067=CARTESIAN_POINT('Ctrl Pts',(52.6576121842543,-0.137528425082587,
29.1760753574814));
#12068=CARTESIAN_POINT('Ctrl Pts',(52.7730523724505,-0.136011024642175,
29.3447456198319));
#12069=CARTESIAN_POINT('Ctrl Pts',(52.9261344944452,-0.133625835089628,
29.71431461282));
#12070=CARTESIAN_POINT('Ctrl Pts',(52.963776299433,-0.13278237217805,29.9152135534135));
#12071=CARTESIAN_POINT('Ctrl Pts',(52.963776299433,-0.132081124113491,30.2919041616169));
#12072=CARTESIAN_POINT('Ctrl Pts',(52.926135661934,-0.132176586981185,30.4928015945991));
#12073=CARTESIAN_POINT('Ctrl Pts',(52.7730555016386,-0.13318573452196,30.8623697637876));
#12074=CARTESIAN_POINT('Ctrl Pts',(52.6576160464415,-0.134075091371517,
31.031040594024));
#12075=CARTESIAN_POINT('Ctrl Pts',(52.4753211581914,-0.135282582911565,
31.2133361578411));
#12076=CARTESIAN_POINT('Ctrl Pts',(52.4215289768837,-0.135622683858457,
31.2602452233195));
#12077=CARTESIAN_POINT('Ctrl Pts',(52.3637864016077,-0.135957823548498,
31.3035529143222));
#12078=CARTESIAN_POINT('',(52.3637864016077,2.5,31.3035529143222));
#12079=CARTESIAN_POINT('',(52.3637864016077,2.75,31.3035529143222));
#12080=CARTESIAN_POINT('',(50.5197378137802,2.5,28.9378884369641));
#12081=CARTESIAN_POINT('Origin',(51.463776299433,2.5,30.1035604910197));
#12082=CARTESIAN_POINT('',(50.5197378137802,2.,28.9378884369641));
#12083=CARTESIAN_POINT('',(50.5197378137802,2.75,28.9378884369641));
#12084=CARTESIAN_POINT('Origin',(51.463776299433,2.,30.1035604910197));
#12085=CARTESIAN_POINT('Origin',(107.5,27.9824108831456,9.07669457230425));
#12086=CARTESIAN_POINT('',(107.5,27.9824108831456,8.07669457230425));
#12087=CARTESIAN_POINT('Origin',(107.5,27.9824108831456,9.07669457230425));
#12088=CARTESIAN_POINT('',(108.,27.9824108831456,8.07669457230425));
#12089=CARTESIAN_POINT('',(107.5,27.9824108831456,8.07669457230425));
#12090=CARTESIAN_POINT('Origin',(108.,27.9824108831456,9.07669457230425));
#12091=CARTESIAN_POINT('Origin',(107.5,10.1726403457454,51.4807242917902));
#12092=CARTESIAN_POINT('',(107.5,10.1726403457454,50.4807242917902));
#12093=CARTESIAN_POINT('Origin',(107.5,10.1726403457454,51.4807242917902));
#12094=CARTESIAN_POINT('',(108.,10.1726403457454,50.4807242917902));
#12095=CARTESIAN_POINT('',(107.5,10.1726403457454,50.4807242917902));
#12096=CARTESIAN_POINT('Origin',(108.,10.1726403457454,51.4807242917902));
#12097=CARTESIAN_POINT('Origin',(104.629716292558,29.1965389693133,57.5));
#12098=CARTESIAN_POINT('',(105.629716292558,29.1965389693133,57.5));
#12099=CARTESIAN_POINT('Origin',(104.629716292558,29.1965389693133,57.5));
#12100=CARTESIAN_POINT('',(105.629716292558,29.1965389693133,58.));
#12101=CARTESIAN_POINT('',(105.629716292558,29.1965389693133,57.5));
#12102=CARTESIAN_POINT('Origin',(104.629716292558,29.1965389693133,58.));
#12103=CARTESIAN_POINT('Origin',(62.2372557108594,11.4074636162246,57.5));
#12104=CARTESIAN_POINT('',(63.2372557108594,11.4074636162246,57.5));
#12105=CARTESIAN_POINT('Origin',(62.2372557108594,11.4074636162246,57.5));
#12106=CARTESIAN_POINT('',(63.2372557108594,11.4074636162246,58.));
#12107=CARTESIAN_POINT('',(63.2372557108594,11.4074636162246,57.5));
#12108=CARTESIAN_POINT('Origin',(62.2372557108594,11.4074636162246,58.));
#12109=CARTESIAN_POINT('Origin',(104.899997655302,10.9999997541309,2.5));
#12110=CARTESIAN_POINT('',(103.899997655302,10.9999997541309,2.5));
#12111=CARTESIAN_POINT('Origin',(104.899997655302,10.9999997541309,2.5));
#12112=CARTESIAN_POINT('',(103.899997655302,10.9999997541309,2.));
#12113=CARTESIAN_POINT('',(103.899997655302,10.9999997541309,2.5));
#12114=CARTESIAN_POINT('Origin',(104.899997655302,10.9999997541309,2.));
#12115=CARTESIAN_POINT('Origin',(62.5626010726959,28.6741896282862,2.5));
#12116=CARTESIAN_POINT('',(61.5626010726959,28.6741896282862,2.5));
#12117=CARTESIAN_POINT('Origin',(62.5626010726959,28.6741896282862,2.5));
#12118=CARTESIAN_POINT('',(61.5626010726959,28.6741896282862,2.));
#12119=CARTESIAN_POINT('',(61.5626010726959,28.6741896282862,2.5));
#12120=CARTESIAN_POINT('Origin',(62.5626010726959,28.6741896282862,2.));
#12121=CARTESIAN_POINT('Origin',(4.,-125.132215147996,30.3362603626722));
#12122=CARTESIAN_POINT('',(109.,-3.62343428038347,1.));
#12123=CARTESIAN_POINT('',(-24.,-3.62343428038347,1.));
#12124=CARTESIAN_POINT('',(4.,-3.62343428038347,1.));
#12125=CARTESIAN_POINT('',(109.,-3.46303240230869,59.));
#12126=CARTESIAN_POINT('Origin',(109.,-125.132215147996,30.3362603626722));
#12127=CARTESIAN_POINT('',(-24.,-3.46303240230869,59.));
#12128=CARTESIAN_POINT('',(4.,-3.46303240230869,59.));
#12129=CARTESIAN_POINT('Origin',(-24.,-125.132215147996,30.3362603626722));
#12130=CARTESIAN_POINT('',(5.00000000000001,-0.13763242515763,31.5));
#12131=CARTESIAN_POINT('',(5.00000000000001,-0.145703284193467,28.5));
#12132=CARTESIAN_POINT('Ctrl Pts',(5.00000000000001,-0.137632425157628,
31.5));
#12133=CARTESIAN_POINT('Ctrl Pts',(4.81165498321226,-0.137632425157628,
31.5));
#12134=CARTESIAN_POINT('Ctrl Pts',(4.61075669148039,-0.137264205993046,
31.4623588998551));
#12135=CARTESIAN_POINT('Ctrl Pts',(4.24118716149735,-0.135978816664448,
31.3092772745524));
#12136=CARTESIAN_POINT('Ctrl Pts',(4.07251581321086,-0.135085981195436,
31.1938368116764));
#12137=CARTESIAN_POINT('Ctrl Pts',(3.80615959826653,-0.133542366111136,
30.9274792869122));
#12138=CARTESIAN_POINT('Ctrl Pts',(3.69072020805376,-0.132792755046864,
30.7588082333651));
#12139=CARTESIAN_POINT('Ctrl Pts',(3.53764038297088,-0.132089794375384,
30.3892401047351));
#12140=CARTESIAN_POINT('Ctrl Pts',(3.50000000000001,-0.132160772924714,
30.1883429622804));
#12141=CARTESIAN_POINT('Ctrl Pts',(3.50000000000001,-0.133174105655898,
29.8116523167453));
#12142=CARTESIAN_POINT('Ctrl Pts',(3.53764207004544,-0.134184018534726,
29.6107529957227));
#12143=CARTESIAN_POINT('Ctrl Pts',(3.69072472987297,-0.136875417936259,
29.2411836766663));
#12144=CARTESIAN_POINT('Ctrl Pts',(3.80616517930201,-0.138532578643043,
29.0725134437426));
#12145=CARTESIAN_POINT('Ctrl Pts',(4.07252067193408,-0.141509369862151,
28.8061600179182));
#12146=CARTESIAN_POINT('Ctrl Pts',(4.24118986568731,-0.143023371292465,
28.6907213943938));
#12147=CARTESIAN_POINT('Ctrl Pts',(4.61075668737069,-0.145132499413758,
28.5376413127837));
#12148=CARTESIAN_POINT('Ctrl Pts',(4.81165451400615,-0.145703284193468,
28.5));
#12149=CARTESIAN_POINT('Ctrl Pts',(5.00000000000001,-0.145703284193468,
28.5));
#12150=CARTESIAN_POINT('Ctrl Pts',(5.00000000000001,-0.145703284193468,
28.5));
#12151=CARTESIAN_POINT('Ctrl Pts',(5.18834548599387,-0.145703284193468,
28.5));
#12152=CARTESIAN_POINT('Ctrl Pts',(5.38924331262933,-0.145132499413758,
28.5376413127837));
#12153=CARTESIAN_POINT('Ctrl Pts',(5.75881013431271,-0.143023371292465,
28.6907213943938));
#12154=CARTESIAN_POINT('Ctrl Pts',(5.92747932806593,-0.141509369862151,
28.8061600179182));
#12155=CARTESIAN_POINT('Ctrl Pts',(6.19383482069801,-0.138532578643043,
29.0725134437426));
#12156=CARTESIAN_POINT('Ctrl Pts',(6.30927527012704,-0.136875417936259,
29.2411836766663));
#12157=CARTESIAN_POINT('Ctrl Pts',(6.46235792995458,-0.134184018534726,
29.6107529957226));
#12158=CARTESIAN_POINT('Ctrl Pts',(6.50000000000001,-0.133174105655898,
29.8116523167453));
#12159=CARTESIAN_POINT('Ctrl Pts',(6.50000000000001,-0.132160772924714,
30.1883429622804));
#12160=CARTESIAN_POINT('Ctrl Pts',(6.46235961702914,-0.132089794375384,
30.3892401047351));
#12161=CARTESIAN_POINT('Ctrl Pts',(6.30927979194627,-0.132792755046864,
30.7588082333651));
#12162=CARTESIAN_POINT('Ctrl Pts',(6.19384040173349,-0.133542366111136,
30.9274792869122));
#12163=CARTESIAN_POINT('Ctrl Pts',(5.92748418678916,-0.135085981195436,
31.1938368116764));
#12164=CARTESIAN_POINT('Ctrl Pts',(5.75881283850266,-0.135978816664448,
31.3092772745524));
#12165=CARTESIAN_POINT('Ctrl Pts',(5.38924330851963,-0.137264205993046,
31.4623588998551));
#12166=CARTESIAN_POINT('Ctrl Pts',(5.18834501678776,-0.13763242515763,31.5));
#12167=CARTESIAN_POINT('Ctrl Pts',(5.00000000000001,-0.13763242515763,31.5));
#12168=CARTESIAN_POINT('',(50.5197378137802,-0.14003716890258,28.9378884369641));
#12169=CARTESIAN_POINT('Ctrl Pts',(50.5197378137802,-0.140037168902588,
28.9378884369641));
#12170=CARTESIAN_POINT('Ctrl Pts',(50.6293788448145,-0.141030573776173,
28.8490938634449));
#12171=CARTESIAN_POINT('Ctrl Pts',(50.7554794083909,-0.141973801868374,
28.773358586659));
#12172=CARTESIAN_POINT('Ctrl Pts',(51.0745329239109,-0.143685131137706,
28.6412017762966));
#12173=CARTESIAN_POINT('Ctrl Pts',(51.2754308670957,-0.144224720296315,
28.6035604910197));
#12174=CARTESIAN_POINT('Ctrl Pts',(51.463776299433,-0.144224720296315,28.6035604910197));
#12175=CARTESIAN_POINT('Ctrl Pts',(52.3637864016077,-0.1359578235485,31.3035529143222));
#12176=CARTESIAN_POINT('Ctrl Pts',(52.2541452432292,-0.136644967557362,
31.3923475909731));
#12177=CARTESIAN_POINT('Ctrl Pts',(52.1280449701727,-0.137326964929945,
31.4680825949461));
#12178=CARTESIAN_POINT('Ctrl Pts',(51.8089913047954,-0.138582449286423,
31.6002397099728));
#12179=CARTESIAN_POINT('Ctrl Pts',(51.6080930522087,-0.138992195388621,
31.6378808602666));
#12180=CARTESIAN_POINT('Ctrl Pts',(51.4197479159549,-0.138992195388621,
31.6378808602666));
#12181=CARTESIAN_POINT('Ctrl Pts',(51.231402779701,-0.138992195388621,31.6378808602666));
#12182=CARTESIAN_POINT('Ctrl Pts',(51.0305045271143,-0.138582449286423,
31.6002397099728));
#12183=CARTESIAN_POINT('Ctrl Pts',(50.6609353737669,-0.137128185189141,
31.447158274436));
#12184=CARTESIAN_POINT('Ctrl Pts',(50.4922643458746,-0.13610800306999,31.3317180658921));
#12185=CARTESIAN_POINT('Ctrl Pts',(50.2259084023625,-0.13427056840643,31.0653612580845));
#12186=CARTESIAN_POINT('Ctrl Pts',(50.1104689177492,-0.133334898856614,
30.8966904940679));
#12187=CARTESIAN_POINT('Ctrl Pts',(49.9573886382276,-0.132224279229344,
30.5271222999735));
#12188=CARTESIAN_POINT('Ctrl Pts',(49.9197479159549,-0.132073656862548,
30.3262247671002));
#12189=CARTESIAN_POINT('Ctrl Pts',(49.9197479159549,-0.132671479163865,
29.9495341682706));
#12190=CARTESIAN_POINT('Ctrl Pts',(49.9573896335251,-0.13345978042946,29.7486353501416));
#12191=CARTESIAN_POINT('Ctrl Pts',(50.1104715854174,-0.135743492125528,
29.3790664537486));
#12192=CARTESIAN_POINT('Ctrl Pts',(50.225911694921,-0.137214576229622,29.2103961738609));
#12193=CARTESIAN_POINT('Ctrl Pts',(50.4082060217153,-0.139050791194657,
29.0281026189114));
#12194=CARTESIAN_POINT('Ctrl Pts',(50.4619967744623,-0.139552669397605,
28.981194975978));
#12195=CARTESIAN_POINT('Ctrl Pts',(50.5197378137802,-0.14003716890258,28.9378884369641));
#12196=CARTESIAN_POINT('',(6.1684026280849,-2.14752008215143,7.9808408953216));
#12197=CARTESIAN_POINT('',(3.65353905924669,-2.45595523344969,6.34594453776794));
#12198=CARTESIAN_POINT('Ctrl Pts',(6.1684026280849,-2.14752008215142,7.9808408953216));
#12199=CARTESIAN_POINT('Ctrl Pts',(6.10642077977572,-2.12953044932675,8.07980792703042));
#12200=CARTESIAN_POINT('Ctrl Pts',(6.03338713399616,-2.11321819801621,8.1702334884889));
#12201=CARTESIAN_POINT('Ctrl Pts',(5.82198392879602,-2.07550819804637,8.38028751441207));
#12202=CARTESIAN_POINT('Ctrl Pts',(5.65413605862991,-2.05516533630922,8.49488261877159));
#12203=CARTESIAN_POINT('Ctrl Pts',(5.28579646410232,-2.02825323275818,8.64708027523188));
#12204=CARTESIAN_POINT('Ctrl Pts',(5.08529924240373,-2.02166141207407,8.68466552915812));
#12205=CARTESIAN_POINT('Ctrl Pts',(4.89714152732139,-2.02166141207407,8.68466552915812));
#12206=CARTESIAN_POINT('Ctrl Pts',(4.70898381223905,-2.02166141207407,8.68466552915812));
#12207=CARTESIAN_POINT('Ctrl Pts',(4.50848659054046,-2.02825323275818,8.64708027523188));
#12208=CARTESIAN_POINT('Ctrl Pts',(4.14014699601286,-2.05516533630922,8.49488261877159));
#12209=CARTESIAN_POINT('Ctrl Pts',(3.97229912584676,-2.07550819804637,8.38028751441207));
#12210=CARTESIAN_POINT('Ctrl Pts',(3.70499510388506,-2.1231897582695,8.11468943180328));
#12211=CARTESIAN_POINT('Ctrl Pts',(3.58868723513402,-2.1538788625372,7.94509369112206));
#12212=CARTESIAN_POINT('Ctrl Pts',(3.43477124490078,-2.22197771153777,7.57425092222237));
#12213=CARTESIAN_POINT('Ctrl Pts',(3.39714152732139,-2.25941021354143,7.37301703708849));
#12214=CARTESIAN_POINT('Ctrl Pts',(3.39714152732139,-2.33047244662787,6.99597634905793));
#12215=CARTESIAN_POINT('Ctrl Pts',(3.43489240941653,-2.36892575423672,6.79458540854888));
#12216=CARTESIAN_POINT('Ctrl Pts',(3.55035130933968,-2.42264895711027,6.5167048385445));
#12217=CARTESIAN_POINT('Ctrl Pts',(3.59818117860537,-2.43990361026671,6.42802570385254));
#12218=CARTESIAN_POINT('Ctrl Pts',(3.65353905924669,-2.45595523344969,6.34594453776794));
#12219=CARTESIAN_POINT('Ctrl Pts',(3.65353905924669,-2.45595523344969,6.34594453776794));
#12220=CARTESIAN_POINT('Ctrl Pts',(3.71564867157071,-2.47534891583513,6.24677350398993));
#12221=CARTESIAN_POINT('Ctrl Pts',(3.78885141949372,-2.49319065063823,6.15618403828322));
#12222=CARTESIAN_POINT('Ctrl Pts',(4.0003165936864,-2.53471930415036,5.94626382489507));
#12223=CARTESIAN_POINT('Ctrl Pts',(4.16800616785735,-2.55759440499741,5.8318043462597));
#12224=CARTESIAN_POINT('Ctrl Pts',(4.53614549599728,-2.58809629767353,5.67972065908774));
#12225=CARTESIAN_POINT('Ctrl Pts',(4.73660748723891,-2.59569231906978,5.64211990393142));
#12226=CARTESIAN_POINT('Ctrl Pts',(5.11299283278149,-2.59569231906978,5.64211990393142));
#12227=CARTESIAN_POINT('Ctrl Pts',(5.31345482402312,-2.58809629767353,5.67972065908774));
#12228=CARTESIAN_POINT('Ctrl Pts',(5.68159415216305,-2.55759440499741,5.8318043462597));
#12229=CARTESIAN_POINT('Ctrl Pts',(5.849283726334,-2.53471930415036,5.94626382489507));
#12230=CARTESIAN_POINT('Ctrl Pts',(6.11653878584557,-2.48223433678781,6.21156632369146));
#12231=CARTESIAN_POINT('Ctrl Pts',(6.23292560997444,-2.4489391492071,6.38110479281647));
#12232=CARTESIAN_POINT('Ctrl Pts',(6.38704897191884,-2.37709264605857,6.75203708300396));
#12233=CARTESIAN_POINT('Ctrl Pts',(6.4248001600102,-2.33856667652687,6.95342972557558));
#12234=CARTESIAN_POINT('Ctrl Pts',(6.4248001600102,-2.26736894971063,7.33047174128428));
#12235=CARTESIAN_POINT('Ctrl Pts',(6.3871703782744,-2.22986410288826,7.5317070128302));
#12236=CARTESIAN_POINT('Ctrl Pts',(6.27177922099548,-2.17871122107943,7.80972631349019));
#12237=CARTESIAN_POINT('Ctrl Pts',(6.22387160431012,-2.16247024651993,7.89859500372786));
#12238=CARTESIAN_POINT('Ctrl Pts',(6.1684026280849,-2.14752008215143,7.9808408953216));
#12239=CARTESIAN_POINT('',(50.1563185862492,-2.44719280241137,6.39079540449324));
#12240=CARTESIAN_POINT('',(51.4499988500029,-2.59410458064693,5.64999984018505));
#12241=CARTESIAN_POINT('Ctrl Pts',(50.1563185862492,-2.44719280241138,6.39079540449324));
#12242=CARTESIAN_POINT('Ctrl Pts',(50.2229981288565,-2.46936927948849,6.27717382351732));
#12243=CARTESIAN_POINT('Ctrl Pts',(50.3043106396554,-2.48972514252374,6.17373272240392));
#12244=CARTESIAN_POINT('Ctrl Pts',(50.5255132623748,-2.53315163387174,5.95414512143409));
#12245=CARTESIAN_POINT('Ctrl Pts',(50.6932034912821,-2.55601921417178,5.83968498485588));
#12246=CARTESIAN_POINT('Ctrl Pts',(51.0613437795292,-2.58651106982865,5.68760062546332));
#12247=CARTESIAN_POINT('Ctrl Pts',(51.2618060682809,-2.59410458064693,5.64999984018505));
#12248=CARTESIAN_POINT('Ctrl Pts',(51.4499988500029,-2.59410458064693,5.64999984018505));
#12249=CARTESIAN_POINT('',(52.7318537629929,-2.15695390936638,7.92900432158646));
#12250=CARTESIAN_POINT('Ctrl Pts',(52.7318537629928,-2.15695390936638,7.92900432158646));
#12251=CARTESIAN_POINT('Ctrl Pts',(52.6652960099017,-2.13628879605103,8.04241837388372));
#12252=CARTESIAN_POINT('Ctrl Pts',(52.5841503695779,-2.11763459558247,8.14569944918632));
#12253=CARTESIAN_POINT('Ctrl Pts',(52.3630123341477,-2.07816104592001,8.36542427686581));
#12254=CARTESIAN_POINT('Ctrl Pts',(52.1951655894878,-2.05780411034085,8.48001823379171));
#12255=CARTESIAN_POINT('Ctrl Pts',(51.8268276668605,-2.03087326199404,8.632214700143));
#12256=CARTESIAN_POINT('Ctrl Pts',(51.6263309818485,-2.02427677516722,8.66979988589464));
#12257=CARTESIAN_POINT('Ctrl Pts',(51.4381734992391,-2.02427677516722,8.66979988589464));
#12258=CARTESIAN_POINT('Ctrl Pts',(51.2500160166298,-2.02427677516722,8.66979988589464));
#12259=CARTESIAN_POINT('Ctrl Pts',(51.0495193316178,-2.03087326199405,8.63221470014299));
#12260=CARTESIAN_POINT('Ctrl Pts',(50.6811814089905,-2.05780411034086,8.4800182337917));
#12261=CARTESIAN_POINT('Ctrl Pts',(50.5133346643305,-2.07816104592001,8.36542427686582));
#12262=CARTESIAN_POINT('Ctrl Pts',(50.2460294056055,-2.12587553060736,8.09982726277934));
#12263=CARTESIAN_POINT('Ctrl Pts',(50.1297203817192,-2.15658601497759,7.93023033295205));
#12264=CARTESIAN_POINT('Ctrl Pts',(49.9758032391989,-2.22473152285029,7.55938587800943));
#12265=CARTESIAN_POINT('Ctrl Pts',(49.9381734992391,-2.26218930071786,7.35815150878722));
#12266=CARTESIAN_POINT('Ctrl Pts',(49.9381734992391,-2.33329887277629,6.98111035717046));
#12267=CARTESIAN_POINT('Ctrl Pts',(49.975924488202,-2.37177756696678,6.77971882230105));
#12268=CARTESIAN_POINT('Ctrl Pts',(50.0822416898709,-2.42127909804117,6.52384096984054));
#12269=CARTESIAN_POINT('Ctrl Pts',(50.116941376979,-2.43454615012882,6.45559075595513));
#12270=CARTESIAN_POINT('Ctrl Pts',(50.1563185862492,-2.44719280241139,6.39079540449324));
#12271=CARTESIAN_POINT('Ctrl Pts',(51.4499988500029,-2.59410458064693,5.64999984018505));
#12272=CARTESIAN_POINT('Ctrl Pts',(51.6381916317249,-2.59410458064693,5.64999984018505));
#12273=CARTESIAN_POINT('Ctrl Pts',(51.8386539204766,-2.58651106982865,5.68760062546332));
#12274=CARTESIAN_POINT('Ctrl Pts',(52.2067942087237,-2.55601921417178,5.83968498485588));
#12275=CARTESIAN_POINT('Ctrl Pts',(52.3744844376309,-2.53315163387174,5.95414512143409));
#12276=CARTESIAN_POINT('Ctrl Pts',(52.6417388603371,-2.48068425472097,6.2194482937435));
#12277=CARTESIAN_POINT('Ctrl Pts',(52.7581250437479,-2.44740050031885,6.38898615514831));
#12278=CARTESIAN_POINT('Ctrl Pts',(52.9122477186179,-2.37557889049134,6.75991751973239));
#12279=CARTESIAN_POINT('Ctrl Pts',(52.9499988500029,-2.33706637999969,6.96130984683127));
#12280=CARTESIAN_POINT('Ctrl Pts',(52.9499988500029,-2.26589375028313,7.33835161643243));
#12281=CARTESIAN_POINT('Ctrl Pts',(52.9123690801736,-2.22840230371643,7.5395866309795));
#12282=CARTESIAN_POINT('Ctrl Pts',(52.8061097560725,-2.18131445229961,7.79560442109907));
#12283=CARTESIAN_POINT('Ctrl Pts',(52.7713340862506,-2.16879115171156,7.86403929565579));
#12284=CARTESIAN_POINT('Ctrl Pts',(52.7318537629929,-2.15695390936638,7.92900432158646));
#12285=CARTESIAN_POINT('',(77.9395056072923,-0.278025318887546,24.3004271876314));
#12286=CARTESIAN_POINT('',(77.9395056072923,-0.274581364217973,36.3004271876314));
#12287=CARTESIAN_POINT('Ctrl Pts',(77.9395056072923,-0.278025318887545,
24.3004271876314));
#12288=CARTESIAN_POINT('Ctrl Pts',(78.6930036491065,-0.278025318887545,
24.3004271876314));
#12289=CARTESIAN_POINT('Ctrl Pts',(79.4966460208048,-0.270459245208146,
24.4510377496486));
#12290=CARTESIAN_POINT('Ctrl Pts',(80.9748854493863,-0.243101063510374,
25.0633944028299));
#12291=CARTESIAN_POINT('Ctrl Pts',(81.6494923919616,-0.223700190717581,
25.5251340463848));
#12292=CARTESIAN_POINT('Ctrl Pts',(82.7147911511149,-0.187216039861977,
26.5904299089016));
#12293=CARTESIAN_POINT('Ctrl Pts',(83.1765333562669,-0.167763865794162,
27.2650380503772));
#12294=CARTESIAN_POINT('Ctrl Pts',(83.7888938257444,-0.140179772132148,
28.7432809687682));
#12295=CARTESIAN_POINT('Ctrl Pts',(83.9395056072923,-0.132436286889663,
29.5469256538323));
#12296=CARTESIAN_POINT('Ctrl Pts',(83.9395056072923,-0.132004283543704,
31.0539206651474));
#12297=CARTESIAN_POINT('Ctrl Pts',(83.7888967052827,-0.139286867311636,
31.8575616317532));
#12298=CARTESIAN_POINT('Ctrl Pts',(83.176541073455,-0.166022821483577,33.3358025189636));
#12299=CARTESIAN_POINT('Ctrl Pts',(82.7148006754517,-0.185087741499573,
34.010412062599));
#12300=CARTESIAN_POINT('Ctrl Pts',(81.6495006792484,-0.220960206149623,
35.0757149210172));
#12301=CARTESIAN_POINT('Ctrl Pts',(80.9748900581513,-0.240095803046897,
35.5374577044175));
#12302=CARTESIAN_POINT('Ctrl Pts',(79.4966460053549,-0.267101975082413,
36.1498169908601));
#12303=CARTESIAN_POINT('Ctrl Pts',(78.6930028405876,-0.274581364217973,
36.3004271876314));
#12304=CARTESIAN_POINT('Ctrl Pts',(77.9395056072923,-0.274581364217973,
36.3004271876314));
#12305=CARTESIAN_POINT('Ctrl Pts',(77.9395056072923,-0.274581364217973,
36.3004271876314));
#12306=CARTESIAN_POINT('Ctrl Pts',(77.186008373997,-0.274581364217973,36.3004271876314));
#12307=CARTESIAN_POINT('Ctrl Pts',(76.3823652092296,-0.267101975082413,
36.1498169908601));
#12308=CARTESIAN_POINT('Ctrl Pts',(74.9041211564332,-0.240095803046897,
35.5374577044175));
#12309=CARTESIAN_POINT('Ctrl Pts',(74.2295105353362,-0.220960206149623,
35.0757149210172));
#12310=CARTESIAN_POINT('Ctrl Pts',(73.164210539133,-0.185087741499573,34.010412062599));
#12311=CARTESIAN_POINT('Ctrl Pts',(72.7024701411296,-0.166022821483577,
33.3358025189636));
#12312=CARTESIAN_POINT('Ctrl Pts',(72.0901145093019,-0.139286867311636,
31.8575616317532));
#12313=CARTESIAN_POINT('Ctrl Pts',(71.9395056072923,-0.132004283543704,
31.0539206651474));
#12314=CARTESIAN_POINT('Ctrl Pts',(71.9395056072923,-0.132436286889663,
29.5469256538323));
#12315=CARTESIAN_POINT('Ctrl Pts',(72.0901173888402,-0.14017977213213,28.7432809687682));
#12316=CARTESIAN_POINT('Ctrl Pts',(72.7024778583177,-0.167763865794144,
27.2650380503772));
#12317=CARTESIAN_POINT('Ctrl Pts',(73.1642200634698,-0.187216039861977,
26.5904299089016));
#12318=CARTESIAN_POINT('Ctrl Pts',(74.229518822623,-0.223700190717581,25.5251340463848));
#12319=CARTESIAN_POINT('Ctrl Pts',(74.9041257651983,-0.243101063510374,
25.0633944028299));
#12320=CARTESIAN_POINT('Ctrl Pts',(76.3823651937798,-0.270459245208147,
24.4510377496486));
#12321=CARTESIAN_POINT('Ctrl Pts',(77.1860075654782,-0.278025318887546,
24.3004271876314));
#12322=CARTESIAN_POINT('Ctrl Pts',(77.9395056072923,-0.278025318887546,
24.3004271876314));
#12323=CARTESIAN_POINT('Origin',(-24.,0.,59.));
#12324=CARTESIAN_POINT('',(-24.,0.,59.));
#12325=CARTESIAN_POINT('',(-24.,0.,59.));
#12326=CARTESIAN_POINT('',(-24.,0.,1.));
#12327=CARTESIAN_POINT('',(-24.,0.,15.));
#12328=CARTESIAN_POINT('',(-24.,0.,1.));
#12329=CARTESIAN_POINT('Origin',(109.,0.,59.));
#12330=CARTESIAN_POINT('',(109.,0.,59.));
#12331=CARTESIAN_POINT('',(109.,0.,59.));
#12332=CARTESIAN_POINT('',(27.5,0.,59.));
#12333=CARTESIAN_POINT('Origin',(51.4381734992391,1.25,7.16979988589464));
#12334=CARTESIAN_POINT('',(50.1563185862492,0.5,6.39079540449323));
#12335=CARTESIAN_POINT('',(50.1563185862492,0.5,6.39079540449323));
#12336=CARTESIAN_POINT('',(52.7318537629929,0.5,7.92900432158645));
#12337=CARTESIAN_POINT('Origin',(51.4381734992391,0.5,7.16979988589464));
#12338=CARTESIAN_POINT('',(52.7318537629929,0.5,7.92900432158645));
#12339=CARTESIAN_POINT('Origin',(4.9248001600102,1.25,7.14211990393142));
#12340=CARTESIAN_POINT('',(6.1684026280849,0.5,7.9808408953216));
#12341=CARTESIAN_POINT('',(6.1684026280849,0.5,7.9808408953216));
#12342=CARTESIAN_POINT('',(6.29252733864155,0.5,6.52622838358622));
#12343=CARTESIAN_POINT('Origin',(4.9248001600102,0.5,7.14211990393142));
#12344=CARTESIAN_POINT('',(6.29252733864155,2.,6.52622838358622));
#12345=CARTESIAN_POINT('',(6.29252733864155,1.25,6.52622838358622));
#12346=CARTESIAN_POINT('',(6.1684026280849,2.,7.9808408953216));
#12347=CARTESIAN_POINT('Origin',(4.9248001600102,2.,7.14211990393142));
#12348=CARTESIAN_POINT('',(6.1684026280849,2.5,7.9808408953216));
#12349=CARTESIAN_POINT('',(6.1684026280849,0.5,7.9808408953216));
#12350=CARTESIAN_POINT('',(3.65353905924669,2.5,6.34594453776795));
#12351=CARTESIAN_POINT('Origin',(4.9248001600102,2.5,7.14211990393142));
#12352=CARTESIAN_POINT('',(3.65353905924669,0.5,6.34594453776795));
#12353=CARTESIAN_POINT('Origin',(51.4197479159549,1.25,30.1378808602666));
#12354=CARTESIAN_POINT('',(50.5197378137802,0.5,28.9378884369641));
#12355=CARTESIAN_POINT('',(50.5197378137802,2.75,28.9378884369641));
#12356=CARTESIAN_POINT('',(51.7890306894411,0.5,31.5917138056927));
#12357=CARTESIAN_POINT('Origin',(51.4197479159549,0.5,30.1378808602666));
#12358=CARTESIAN_POINT('',(51.7890306894411,2.,31.5917138056927));
#12359=CARTESIAN_POINT('',(51.7890306894411,1.25,31.5917138056927));
#12360=CARTESIAN_POINT('Origin',(51.4197479159549,2.,30.1378808602666));
#12361=CARTESIAN_POINT('Origin',(51.4197479159549,2.5,30.1378808602666));
#12362=CARTESIAN_POINT('Origin',(109.,0.,0.999999999999996));
#12363=CARTESIAN_POINT('',(109.,0.,1.));
#12364=CARTESIAN_POINT('',(109.,0.,1.));
#12365=CARTESIAN_POINT('',(109.,0.,45.));
#12366=CARTESIAN_POINT('Origin',(-24.,0.,1.));
#12367=CARTESIAN_POINT('',(82.5,0.,1.));
#12368=CARTESIAN_POINT('Ctrl Pts',(-22.5,2.5,40.));
#12369=CARTESIAN_POINT('Ctrl Pts',(-22.753307821545,2.07782029742508,40.));
#12370=CARTESIAN_POINT('Ctrl Pts',(-23.3447648507144,1.09205858214265,40.254331917955));
#12371=CARTESIAN_POINT('Ctrl Pts',(-23.7601097509474,0.399817081754371,
41.0316352024013));
#12372=CARTESIAN_POINT('Ctrl Pts',(-23.8881076732614,0.186487211231057,
41.552551544303));
#12373=CARTESIAN_POINT('Ctrl Pts',(-22.5,2.5,40.));
#12374=CARTESIAN_POINT('Ctrl Pts',(-22.7854738941221,2.10998637000221,40.));
#12375=CARTESIAN_POINT('Ctrl Pts',(-23.4496230597576,1.20252460824222,40.2100444025305));
#12376=CARTESIAN_POINT('Ctrl Pts',(-23.9677785191948,0.470967956191669,
40.9178067691911));
#12377=CARTESIAN_POINT('Ctrl Pts',(-24.14221846124,0.222983967732592,41.4634324873167));
#12378=CARTESIAN_POINT('Ctrl Pts',(-22.5,2.5,40.));
#12379=CARTESIAN_POINT('Ctrl Pts',(-22.8417645211321,2.1662769970122,40.));
#12380=CARTESIAN_POINT('Ctrl Pts',(-23.6341656259915,1.39245112873996,40.177860403463));
#12381=CARTESIAN_POINT('Ctrl Pts',(-24.3314166949267,0.718982788853906,
40.8218569135424));
#12382=CARTESIAN_POINT('Ctrl Pts',(-24.5836092093343,0.476096996449822,
41.3863274739656));
#12383=CARTESIAN_POINT('Ctrl Pts',(-22.5,2.5,40.));
#12384=CARTESIAN_POINT('Ctrl Pts',(-22.8980551481421,2.22256762402219,40.));
#12385=CARTESIAN_POINT('Ctrl Pts',(-23.8253790393138,1.57633477878503,40.2207882915812));
#12386=CARTESIAN_POINT('Ctrl Pts',(-24.5473844514556,1.08362662226481,40.9462921943756));
#12387=CARTESIAN_POINT('Ctrl Pts',(-24.7861402213928,0.921309235754663,
41.4857122515633));
#12388=CARTESIAN_POINT('Ctrl Pts',(-22.5,2.5,40.));
#12389=CARTESIAN_POINT('Ctrl Pts',(-22.9221797025749,2.24669217845504,40.));
#12390=CARTESIAN_POINT('Ctrl Pts',(-23.9079414178574,1.65523514928558,40.254331917955));
#12391=CARTESIAN_POINT('Ctrl Pts',(-24.6001829182456,1.23989024905262,41.0316352024013));
#12392=CARTESIAN_POINT('Ctrl Pts',(-24.8135127887689,1.11189232673864,41.5525515443031));
#12393=CARTESIAN_POINT('',(-24.5,0.5,41.430356744329));
#12394=CARTESIAN_POINT('',(-23.7,0.499999999999999,41.));
#12395=CARTESIAN_POINT('Ctrl Pts',(-24.5,0.499999999999998,41.430356744329));
#12396=CARTESIAN_POINT('Ctrl Pts',(-24.440826318265,0.499999999999998,41.3581105611043));
#12397=CARTESIAN_POINT('Ctrl Pts',(-24.3763505563742,0.499999999999998,
41.2937003988376));
#12398=CARTESIAN_POINT('Ctrl Pts',(-24.209785081933,0.499999999999998,41.1581662330061));
#12399=CARTESIAN_POINT('Ctrl Pts',(-24.099433478964,0.499999999999998,41.0929033760502));
#12400=CARTESIAN_POINT('Ctrl Pts',(-23.8905669212855,0.499999999999998,
41.0186513433765));
#12401=CARTESIAN_POINT('Ctrl Pts',(-23.7954574004583,0.5,41.));
#12402=CARTESIAN_POINT('Ctrl Pts',(-23.7,0.5,41.));
#12403=CARTESIAN_POINT('',(-24.5,1.3,41.));
#12404=CARTESIAN_POINT('Ctrl Pts',(-24.5,1.3,41.));
#12405=CARTESIAN_POINT('Ctrl Pts',(-24.5,1.19951961613932,41.));
#12406=CARTESIAN_POINT('Ctrl Pts',(-24.5,1.09368059263868,41.0206782825044));
#12407=CARTESIAN_POINT('Ctrl Pts',(-24.5,0.854604685422486,41.1151207458516));
#12408=CARTESIAN_POINT('Ctrl Pts',(-24.5,0.72393854158937,41.1999289211693));
#12409=CARTESIAN_POINT('Ctrl Pts',(-24.5,0.568932832556127,41.3508046010893));
#12410=CARTESIAN_POINT('Ctrl Pts',(-24.5,0.533574324149545,41.3893652646199));
#12411=CARTESIAN_POINT('Ctrl Pts',(-24.5,0.5,41.430356744329));
#12412=CARTESIAN_POINT('',(-22.5,2.5,40.));
#12413=CARTESIAN_POINT('Origin',(-22.5,2.5,42.5));
#12414=CARTESIAN_POINT('Origin',(-22.5,2.5,42.5));
#12415=CARTESIAN_POINT('Origin',(-22.5,0.,42.5));
#12416=CARTESIAN_POINT('',(-24.5,17.5,41.));
#12417=CARTESIAN_POINT('',(-24.5,0.,41.));
#12418=CARTESIAN_POINT('',(-22.5,17.5,40.));
#12419=CARTESIAN_POINT('Origin',(-22.5,17.5,42.5));
#12420=CARTESIAN_POINT('',(-22.5,0.,40.));
#12421=CARTESIAN_POINT('Origin',(-22.5,17.5,42.5));
#12422=CARTESIAN_POINT('',(-24.5,19.,42.5));
#12423=CARTESIAN_POINT('Origin',(-24.5,17.5,42.5));
#12424=CARTESIAN_POINT('',(-22.5,20.,42.5));
#12425=CARTESIAN_POINT('Origin',(-22.5,17.5,42.5));
#12426=CARTESIAN_POINT('Origin',(-22.5,17.5,42.5));
#12427=CARTESIAN_POINT('Origin',(-22.5,17.5,45.));
#12428=CARTESIAN_POINT('',(-24.5,19.,43.2954308423815));
#12429=CARTESIAN_POINT('',(-24.5,19.,45.));
#12430=CARTESIAN_POINT('',(-22.5,20.,43.8962622486936));
#12431=CARTESIAN_POINT('Ctrl Pts',(-24.5,19.,43.2954308423815));
#12432=CARTESIAN_POINT('Ctrl Pts',(-24.4198555432003,19.1068592757329,43.3487976906085));
#12433=CARTESIAN_POINT('Ctrl Pts',(-24.3322480522156,19.2056884841977,43.4013629042371));
#12434=CARTESIAN_POINT('Ctrl Pts',(-24.0264001813482,19.502146601903,43.566282876394));
#12435=CARTESIAN_POINT('Ctrl Pts',(-23.7556024763221,19.6863154969101,43.6827974403351));
#12436=CARTESIAN_POINT('Ctrl Pts',(-23.1522652435674,19.9353769164182,43.8489271727107));
#12437=CARTESIAN_POINT('Ctrl Pts',(-22.8189890714776,20.,43.8962622486936));
#12438=CARTESIAN_POINT('Ctrl Pts',(-22.5,20.,43.8962622486936));
#12439=CARTESIAN_POINT('',(-22.5,20.,45.));
#12440=CARTESIAN_POINT('Origin',(27.5,2.5,42.5));
#12441=CARTESIAN_POINT('',(42.5,0.5,41.));
#12442=CARTESIAN_POINT('',(27.5,0.5,41.));
#12443=CARTESIAN_POINT('',(2.5,2.5,40.));
#12444=CARTESIAN_POINT('',(27.5,2.5,40.));
#12445=CARTESIAN_POINT('',(2.5,2.,40.0505102572168));
#12446=CARTESIAN_POINT('Origin',(2.5,2.5,42.5));
#12447=CARTESIAN_POINT('',(42.5,2.,40.0505102572168));
#12448=CARTESIAN_POINT('',(27.5,2.,40.0505102572168));
#12449=CARTESIAN_POINT('Origin',(42.5,2.5,42.5));
#12450=CARTESIAN_POINT('Origin',(42.5,2.5,42.5));
#12451=CARTESIAN_POINT('',(44.,0.5,42.5));
#12452=CARTESIAN_POINT('Origin',(42.5,0.5,42.5));
#12453=CARTESIAN_POINT('',(44.9494897427832,2.,42.5));
#12454=CARTESIAN_POINT('Origin',(42.5,2.,42.5));
#12455=CARTESIAN_POINT('Origin',(42.5,2.5,42.5));
#12456=CARTESIAN_POINT('Origin',(42.5,2.5,55.));
#12457=CARTESIAN_POINT('',(44.,0.500000000000001,58.7));
#12458=CARTESIAN_POINT('',(44.,0.5,55.));
#12459=CARTESIAN_POINT('',(44.9494897427832,2.,57.8));
#12460=CARTESIAN_POINT('',(44.9494897427832,2.,55.));
#12461=CARTESIAN_POINT('Origin',(42.5,2.5,57.5));
#12462=CARTESIAN_POINT('Ctrl Pts',(44.9494897427832,2.20000000000001,58.));
#12463=CARTESIAN_POINT('Ctrl Pts',(44.8677609722482,1.95976745786122,58.4003875702313));
#12464=CARTESIAN_POINT('Ctrl Pts',(44.5039056732728,1.50415952664156,59.1597341222641));
#12465=CARTESIAN_POINT('Ctrl Pts',(43.8256095673829,1.20481288365386,59.6586451939102));
#12466=CARTESIAN_POINT('Ctrl Pts',(43.447448455697,1.11189232673863,59.8135127887689));
#12467=CARTESIAN_POINT('Ctrl Pts',(44.957056009554,2.1613885565703,57.9629330143075));
#12468=CARTESIAN_POINT('Ctrl Pts',(44.8873686828931,1.88939600907834,58.3353074346494));
#12469=CARTESIAN_POINT('Ctrl Pts',(44.578919843763,1.36747002096787,59.0545030140349));
#12470=CARTESIAN_POINT('Ctrl Pts',(43.9326664858458,0.984416848693657,59.596991154542));
#12471=CARTESIAN_POINT('Ctrl Pts',(43.5365675126833,0.857781538760007,59.7770160322674));
#12472=CARTESIAN_POINT('Ctrl Pts',(44.9627633954238,2.09381932875443,57.8965288017538));
#12473=CARTESIAN_POINT('Ctrl Pts',(44.9021887441772,1.7662522064927,58.2161597770323));
#12474=CARTESIAN_POINT('Ctrl Pts',(44.6372010934484,1.12703719844835,58.8385921377728));
#12475=CARTESIAN_POINT('Ctrl Pts',(44.0234285543945,0.599502162108634,59.3475532749951));
#12476=CARTESIAN_POINT('Ctrl Pts',(43.6136490994741,0.416422089674984,59.5238770987648));
#12477=CARTESIAN_POINT('Ctrl Pts',(44.9551644428613,2.0278002392694,57.8289585825723));
#12478=CARTESIAN_POINT('Ctrl Pts',(44.8824593385586,1.64842354599463,58.093010235475));
#12479=CARTESIAN_POINT('Ctrl Pts',(44.5604061609901,0.918771858944116,58.5987331420711));
#12480=CARTESIAN_POINT('Ctrl Pts',(43.9058816994867,0.387185397556418,58.960855867562));
#12481=CARTESIAN_POINT('Ctrl Pts',(43.5142877484367,0.213859778607219,59.0786907642453));
#12482=CARTESIAN_POINT('Ctrl Pts',(44.9494897427832,2.00000000000001,57.8));
#12483=CARTESIAN_POINT('Ctrl Pts',(44.8677609722482,1.5996124297687,58.0402325421388));
#12484=CARTESIAN_POINT('Ctrl Pts',(44.5039056732728,0.840265877735933,58.4958404733585));
#12485=CARTESIAN_POINT('Ctrl Pts',(43.8256095673829,0.341354806089774,58.7951871163461));
#12486=CARTESIAN_POINT('Ctrl Pts',(43.447448455697,0.186487211231066,58.8881076732614));
#12487=CARTESIAN_POINT('',(43.569643255671,0.5,59.5));
#12488=CARTESIAN_POINT('',(44.,1.3,59.5));
#12489=CARTESIAN_POINT('Ctrl Pts',(43.569643255671,0.500000000000006,59.5));
#12490=CARTESIAN_POINT('Ctrl Pts',(43.6418894388958,0.559173681735126,59.5));
#12491=CARTESIAN_POINT('Ctrl Pts',(43.7062996011625,0.623649443625972,59.5));
#12492=CARTESIAN_POINT('Ctrl Pts',(43.8418337669938,0.790214918066975,59.5));
#12493=CARTESIAN_POINT('Ctrl Pts',(43.9070966239498,0.900566521035993,59.5));
#12494=CARTESIAN_POINT('Ctrl Pts',(43.9813486566236,1.10943307871453,59.5));
#12495=CARTESIAN_POINT('Ctrl Pts',(44.,1.20454259954168,59.5));
#12496=CARTESIAN_POINT('Ctrl Pts',(44.,1.3,59.5));
#12497=CARTESIAN_POINT('Ctrl Pts',(44.,0.500000000000001,58.7));
#12498=CARTESIAN_POINT('Ctrl Pts',(44.,0.500000000000001,58.8004803838606));
#12499=CARTESIAN_POINT('Ctrl Pts',(43.9793217174957,0.500000000000007,58.9063194073612));
#12500=CARTESIAN_POINT('Ctrl Pts',(43.8848792541486,0.500000000000007,59.1453953145768));
#12501=CARTESIAN_POINT('Ctrl Pts',(43.8000710788313,0.5,59.27606145841));
#12502=CARTESIAN_POINT('Ctrl Pts',(43.6491953989107,0.5,59.4310671674439));
#12503=CARTESIAN_POINT('Ctrl Pts',(43.61063473538,0.500000000000001,59.4664256758505));
#12504=CARTESIAN_POINT('Ctrl Pts',(43.569643255671,0.500000000000001,59.5));
#12505=CARTESIAN_POINT('',(44.9366228508097,2.,58.));
#12506=CARTESIAN_POINT('Ctrl Pts',(44.9366228508097,2.,58.));
#12507=CARTESIAN_POINT('Ctrl Pts',(44.9451482109946,2.,57.9336833804633));
#12508=CARTESIAN_POINT('Ctrl Pts',(44.9494897427832,2.,57.8668573229084));
#12509=CARTESIAN_POINT('Ctrl Pts',(44.9494897427832,2.,57.8));
#12510=CARTESIAN_POINT('',(44.9494897427832,2.2,58.));
#12511=CARTESIAN_POINT('Ctrl Pts',(44.9494897427832,2.2,58.));
#12512=CARTESIAN_POINT('Ctrl Pts',(44.9494897427832,2.13342624707171,58.));
#12513=CARTESIAN_POINT('Ctrl Pts',(44.9451849232937,2.06688253005166,58.));
#12514=CARTESIAN_POINT('Ctrl Pts',(44.9366949223443,2.00056121802927,58.));
#12515=CARTESIAN_POINT('Ctrl Pts',(44.9366589239296,2.00028060367155,58.));
#12516=CARTESIAN_POINT('Ctrl Pts',(44.9366228508097,2.,58.));
#12517=CARTESIAN_POINT('Origin',(42.5,2.5,57.5));
#12518=CARTESIAN_POINT('Origin',(42.5,0.,57.5));
#12519=CARTESIAN_POINT('',(44.,2.50000011175871,59.5));
#12520=CARTESIAN_POINT('',(44.,0.,59.5));
#12521=CARTESIAN_POINT('',(44.9494897427832,2.50000011175871,58.));
#12522=CARTESIAN_POINT('',(44.9494897427832,0.,58.));
#12523=CARTESIAN_POINT('Origin',(42.5,2.50000011175871,57.5));
#12524=CARTESIAN_POINT('Origin',(10.,15.6490524942433,50.0052110782509));
#12525=CARTESIAN_POINT('',(-24.5,19.,56.7149913141203));
#12526=CARTESIAN_POINT('Origin',(-24.5,15.6490524942433,50.0052110782509));
#12527=CARTESIAN_POINT('',(-22.5,20.,56.1141599078083));
#12528=CARTESIAN_POINT('Ctrl Pts',(-22.5,20.,56.1141599078083));
#12529=CARTESIAN_POINT('Ctrl Pts',(-22.8189890714776,20.,56.1141599078083));
#12530=CARTESIAN_POINT('Ctrl Pts',(-23.1522652435674,19.9353769164182,56.1614949837911));
#12531=CARTESIAN_POINT('Ctrl Pts',(-23.7556024763221,19.6863154969101,56.3276247161667));
#12532=CARTESIAN_POINT('Ctrl Pts',(-24.0264001813482,19.502146601903,56.4441392801079));
#12533=CARTESIAN_POINT('Ctrl Pts',(-24.3322480522156,19.2056884841977,56.6090592522647));
#12534=CARTESIAN_POINT('Ctrl Pts',(-24.4198555432003,19.1068592757329,56.6616244658933));
#12535=CARTESIAN_POINT('Ctrl Pts',(-24.5,19.,56.7149913141203));
#12536=CARTESIAN_POINT('',(42.5,20.,56.1141599078083));
#12537=CARTESIAN_POINT('',(10.,20.,56.1141599078083));
#12538=CARTESIAN_POINT('',(45.,17.5,57.2732227273151));
#12539=CARTESIAN_POINT('Ctrl Pts',(45.,17.5,57.2732227273151));
#12540=CARTESIAN_POINT('Ctrl Pts',(45.,17.8294871129881,57.1893121091968));
#12541=CARTESIAN_POINT('Ctrl Pts',(44.9314669605715,18.1726779796123,57.0758714788332));
#12542=CARTESIAN_POINT('Ctrl Pts',(44.6651201346883,18.7949060911943,56.8218472805045));
#12543=CARTESIAN_POINT('Ctrl Pts',(44.4676647633107,19.0744291651015,56.6820789537262));
#12544=CARTESIAN_POINT('Ctrl Pts',(44.0264001813482,19.502146601903,56.4441392801079));
#12545=CARTESIAN_POINT('Ctrl Pts',(43.7556024763221,19.6863154969101,56.3276247161667));
#12546=CARTESIAN_POINT('Ctrl Pts',(43.1522652435674,19.9353769164182,56.1614949837911));
#12547=CARTESIAN_POINT('Ctrl Pts',(42.8189890714776,20.,56.1141599078083));
#12548=CARTESIAN_POINT('Ctrl Pts',(42.5,20.,56.1141599078083));
#12549=CARTESIAN_POINT('',(45.,15.928586067231,57.5));
#12550=CARTESIAN_POINT('Origin',(45.,15.6490524942433,50.0052110782509));
#12551=CARTESIAN_POINT('',(2.5,15.928586067231,57.5));
#12552=CARTESIAN_POINT('',(10.,15.928586067231,57.5));
#12553=CARTESIAN_POINT('',(2.5,15.3695189212557,57.5));
#12554=CARTESIAN_POINT('Origin',(2.5,15.6490524942433,50.0052110782509));
#12555=CARTESIAN_POINT('',(45.,15.3695189212557,57.5));
#12556=CARTESIAN_POINT('',(10.,15.3695189212557,57.5));
#12557=CARTESIAN_POINT('',(45.,17.5,42.7371994291867));
#12558=CARTESIAN_POINT('Origin',(45.,15.6490524942433,50.0052110782509));
#12559=CARTESIAN_POINT('',(42.5,20.,43.8962622486936));
#12560=CARTESIAN_POINT('Ctrl Pts',(42.5,20.,43.8962622486936));
#12561=CARTESIAN_POINT('Ctrl Pts',(42.8189890714776,20.,43.8962622486936));
#12562=CARTESIAN_POINT('Ctrl Pts',(43.1522652435674,19.9353769164182,43.8489271727107));
#12563=CARTESIAN_POINT('Ctrl Pts',(43.7556024763221,19.6863154969101,43.6827974403351));
#12564=CARTESIAN_POINT('Ctrl Pts',(44.0264001813482,19.502146601903,43.566282876394));
#12565=CARTESIAN_POINT('Ctrl Pts',(44.4676647633107,19.0744291651015,43.3283432027756));
#12566=CARTESIAN_POINT('Ctrl Pts',(44.6651201346883,18.7949060911943,43.1885748759974));
#12567=CARTESIAN_POINT('Ctrl Pts',(44.9314669605715,18.1726779796123,42.9345506776686));
#12568=CARTESIAN_POINT('Ctrl Pts',(45.,17.8294871129881,42.8211100473051));
#12569=CARTESIAN_POINT('Ctrl Pts',(45.,17.5,42.7371994291867));
#12570=CARTESIAN_POINT('',(10.,20.,43.8962622486936));
#12571=CARTESIAN_POINT('Origin',(41.0000004470348,5.00000011175871,57.));
#12572=CARTESIAN_POINT('',(45.,7.50000011175871,57.));
#12573=CARTESIAN_POINT('',(45.,2.50000011175871,57.));
#12574=CARTESIAN_POINT('',(45.,2.50000005587935,57.));
#12575=CARTESIAN_POINT('',(30.0000004470348,7.50000011175871,57.));
#12576=CARTESIAN_POINT('',(30.0000004470348,7.50000011175871,57.));
#12577=CARTESIAN_POINT('',(30.0000004470348,2.50000011175871,57.));
#12578=CARTESIAN_POINT('',(30.0000004470348,2.50000011175871,57.));
#12579=CARTESIAN_POINT('',(48.0000002235174,2.5,57.));
#12580=CARTESIAN_POINT('Origin',(45.,0.,60.));
#12581=CARTESIAN_POINT('',(45.,7.50000011175871,57.5));
#12582=CARTESIAN_POINT('',(45.,7.50000011175871,60.));
#12583=CARTESIAN_POINT('',(45.,2.5,42.5));
#12584=CARTESIAN_POINT('',(45.,2.5,45.));
#12585=CARTESIAN_POINT('',(45.,17.5,42.5));
#12586=CARTESIAN_POINT('',(45.,0.,42.5));
#12587=CARTESIAN_POINT('',(45.,17.5,55.));
#12588=CARTESIAN_POINT('',(45.,0.,57.5));
#12589=CARTESIAN_POINT('Origin',(33.0000004917383,10.0000001490116,60.));
#12590=CARTESIAN_POINT('',(33.0000004917383,10.0000001490116,59.5));
#12591=CARTESIAN_POINT('',(44.,10.0000001490116,59.5));
#12592=CARTESIAN_POINT('',(16.5000002458692,10.0000001490116,59.5));
#12593=CARTESIAN_POINT('',(33.0000004917383,10.0000001490116,58.));
#12594=CARTESIAN_POINT('',(33.0000004917383,10.0000001490116,60.));
#12595=CARTESIAN_POINT('',(44.9494897427832,10.0000001490116,58.));
#12596=CARTESIAN_POINT('',(16.5000002458692,10.0000001490116,58.));
#12597=CARTESIAN_POINT('Origin',(42.5,10.0000001490116,57.5));
#12598=CARTESIAN_POINT('Origin',(33.0000004917383,6.00000008940697,60.));
#12599=CARTESIAN_POINT('',(33.0000004917383,7.50000011175871,59.5));
#12600=CARTESIAN_POINT('',(33.0000004917383,3.00000004470348,59.5));
#12601=CARTESIAN_POINT('',(33.0000004917383,7.50000011175871,58.));
#12602=CARTESIAN_POINT('',(33.0000004917383,7.50000011175871,60.));
#12603=CARTESIAN_POINT('',(33.0000004917383,3.00000004470348,58.));
#12604=CARTESIAN_POINT('Origin',(42.5,0.,57.5));
#12605=CARTESIAN_POINT('',(44.,17.5,59.5));
#12606=CARTESIAN_POINT('',(44.,0.,59.5));
#12607=CARTESIAN_POINT('',(44.9494897427832,16.848125868426,58.));
#12608=CARTESIAN_POINT('',(44.9494897427832,0.,58.));
#12609=CARTESIAN_POINT('',(44.6072201056591,17.5,58.8452224449161));
#12610=CARTESIAN_POINT('Ctrl Pts',(44.9494897427832,16.848125868426,58.));
#12611=CARTESIAN_POINT('Ctrl Pts',(44.9356658863825,16.8709341949736,58.0677227889183));
#12612=CARTESIAN_POINT('Ctrl Pts',(44.9192347540184,16.8983818377466,58.133796617453));
#12613=CARTESIAN_POINT('Ctrl Pts',(44.8381647756332,17.0370631020648,58.4128495172173));
#12614=CARTESIAN_POINT('Ctrl Pts',(44.7512954674617,17.1950010933889,58.5994882040921));
#12615=CARTESIAN_POINT('Ctrl Pts',(44.6492876105348,17.4079725564262,58.7775702932738));
#12616=CARTESIAN_POINT('Ctrl Pts',(44.6284220781861,17.4527889003257,58.8120106716831));
#12617=CARTESIAN_POINT('Ctrl Pts',(44.6072201056591,17.5,58.8452224449161));
#12618=CARTESIAN_POINT('Origin',(42.5,17.5,57.5));
#12619=CARTESIAN_POINT('Ctrl Pts',(-22.5,20.,57.5));
#12620=CARTESIAN_POINT('Ctrl Pts',(-23.0629062700999,20.,57.8377437620599));
#12621=CARTESIAN_POINT('Ctrl Pts',(-24.0445299321074,19.6539236557553,58.4267179592645));
#12622=CARTESIAN_POINT('Ctrl Pts',(-24.6535153858765,18.8381357121233,58.7921092315259));
#12623=CARTESIAN_POINT('Ctrl Pts',(-24.8135127887689,18.447448455697,58.8881076732614));
#12624=CARTESIAN_POINT('Ctrl Pts',(-22.5,20.,57.5));
#12625=CARTESIAN_POINT('Ctrl Pts',(-23.0200181733304,20.,57.8806318588295));
#12626=CARTESIAN_POINT('Ctrl Pts',(-23.9301107261392,19.7174344459348,58.5450859383641));
#12627=CARTESIAN_POINT('Ctrl Pts',(-24.5910280409231,18.9457868012775,59.0113885047061));
#12628=CARTESIAN_POINT('Ctrl Pts',(-24.7770160322674,18.5365675126833,59.14221846124));
#12629=CARTESIAN_POINT('Ctrl Pts',(-22.5,20.,57.5));
#12630=CARTESIAN_POINT('Ctrl Pts',(-22.9449640039837,20.,57.9556860281761));
#12631=CARTESIAN_POINT('Ctrl Pts',(-23.7240624567629,19.7657841293519,58.7541279144375));
#12632=CARTESIAN_POINT('Ctrl Pts',(-24.3417139992503,19.0370031454952,59.3944350285135));
#12633=CARTESIAN_POINT('Ctrl Pts',(-24.5238783435533,18.6136502251778,59.5835794143192));
#12634=CARTESIAN_POINT('Ctrl Pts',(-22.5,20.,57.5));
#12635=CARTESIAN_POINT('Ctrl Pts',(-22.8699098346371,20.,58.0307401975228));
#12636=CARTESIAN_POINT('Ctrl Pts',(-23.5160313556336,19.7020108938252,58.9593137805457));
#12637=CARTESIAN_POINT('Ctrl Pts',(-23.9569527243627,18.9188527913275,59.6070733939399));
#12638=CARTESIAN_POINT('Ctrl Pts',(-24.0786907642453,18.5142877484367,59.7861402213928));
#12639=CARTESIAN_POINT('Ctrl Pts',(-22.5,20.,57.5));
#12640=CARTESIAN_POINT('Ctrl Pts',(-22.8377437620599,20.,58.0629062700999));
#12641=CARTESIAN_POINT('Ctrl Pts',(-23.4267179592644,19.6539236557553,59.0445299321074));
#12642=CARTESIAN_POINT('Ctrl Pts',(-23.7921092315259,18.8381357121233,59.6535153858765));
#12643=CARTESIAN_POINT('Ctrl Pts',(-23.8881076732614,18.447448455697,59.8135127887689));
#12644=CARTESIAN_POINT('',(-23.7,19.,59.5));
#12645=CARTESIAN_POINT('',(-24.5,18.569643255671,59.5));
#12646=CARTESIAN_POINT('Ctrl Pts',(-23.7,19.,59.5));
#12647=CARTESIAN_POINT('Ctrl Pts',(-23.8004803838613,19.,59.5));
#12648=CARTESIAN_POINT('Ctrl Pts',(-23.906319407362,18.9793217174953,59.5));
#12649=CARTESIAN_POINT('Ctrl Pts',(-24.1453953145771,18.8848792541485,59.5));
#12650=CARTESIAN_POINT('Ctrl Pts',(-24.2760614584103,18.8000710788311,59.5));
#12651=CARTESIAN_POINT('Ctrl Pts',(-24.4310671674439,18.6491953989107,59.5));
#12652=CARTESIAN_POINT('Ctrl Pts',(-24.4664256758505,18.6106347353801,59.5));
#12653=CARTESIAN_POINT('Ctrl Pts',(-24.5,18.569643255671,59.5));
#12654=CARTESIAN_POINT('',(-22.5,20.,57.5));
#12655=CARTESIAN_POINT('Origin',(-22.5,17.5,57.5));
#12656=CARTESIAN_POINT('',(-24.5,19.,58.7));
#12657=CARTESIAN_POINT('Origin',(-22.5,17.5,57.5));
#12658=CARTESIAN_POINT('Ctrl Pts',(-24.5,18.569643255671,59.5));
#12659=CARTESIAN_POINT('Ctrl Pts',(-24.5,18.6418894388957,59.440826318265));
#12660=CARTESIAN_POINT('Ctrl Pts',(-24.5,18.7062996011624,59.3763505563742));
#12661=CARTESIAN_POINT('Ctrl Pts',(-24.5,18.8418337669939,59.209785081933));
#12662=CARTESIAN_POINT('Ctrl Pts',(-24.5,18.9070966239498,59.099433478964));
#12663=CARTESIAN_POINT('Ctrl Pts',(-24.5,18.9813486566236,58.8905669212854));
#12664=CARTESIAN_POINT('Ctrl Pts',(-24.5,19.,58.7954574004583));
#12665=CARTESIAN_POINT('Ctrl Pts',(-24.5,19.,58.7));
#12666=CARTESIAN_POINT('Origin',(50.0806140899658,19.958039522171,59.));
#12667=CARTESIAN_POINT('',(44.1120944262393,19.3442211258112,58.));
#12668=CARTESIAN_POINT('Ctrl Pts',(44.6072201056591,17.5,58.8452224449161));
#12669=CARTESIAN_POINT('Ctrl Pts',(44.6063612317547,17.5019124815606,58.8465678256495));
#12670=CARTESIAN_POINT('Ctrl Pts',(44.6055019220327,17.5038286157516,58.8479069697981));
#12671=CARTESIAN_POINT('Ctrl Pts',(44.5674218322378,17.5888615460351,58.9069447767475));
#12672=CARTESIAN_POINT('Ctrl Pts',(44.5259066259576,17.6869917730486,58.957491473215));
#12673=CARTESIAN_POINT('Ctrl Pts',(44.4453612233475,17.8949451648315,59.0241827325663));
#12674=CARTESIAN_POINT('Ctrl Pts',(44.4064116434168,18.0048243248177,59.0402499987052));
#12675=CARTESIAN_POINT('Ctrl Pts',(44.3399049878578,18.209931397206,59.0402499987052));
#12676=CARTESIAN_POINT('Ctrl Pts',(44.306965313241,18.3217592891301,59.0241827325663));
#12677=CARTESIAN_POINT('Ctrl Pts',(44.2501559362053,18.5374091667476,58.957491473215));
#12678=CARTESIAN_POINT('Ctrl Pts',(44.2261880981454,18.6412291867098,58.9069447767475));
#12679=CARTESIAN_POINT('Ctrl Pts',(44.1853244033203,18.8367172675102,58.7803953513951));
#12680=CARTESIAN_POINT('Ctrl Pts',(44.1679252467034,18.9345130513078,58.6947537662198));
#12681=CARTESIAN_POINT('Ctrl Pts',(44.1407702065388,19.1060745227362,58.4978159357375));
#12682=CARTESIAN_POINT('Ctrl Pts',(44.1309985835638,19.1798089638306,58.3864946427587));
#12683=CARTESIAN_POINT('Ctrl Pts',(44.1187058099692,19.2816617111521,58.1816438679902));
#12684=CARTESIAN_POINT('Ctrl Pts',(44.1149092988985,19.3168504524704,58.0918794669565));
#12685=CARTESIAN_POINT('Ctrl Pts',(44.1120944262393,19.3442211258112,58.));
#12686=CARTESIAN_POINT('Origin',(50.0806140899658,19.958039522171,58.));
#12687=CARTESIAN_POINT('Origin',(-22.5,17.5,45.));
#12688=CARTESIAN_POINT('',(-24.5,19.,45.));
#12689=CARTESIAN_POINT('',(-22.5,20.,45.));
#12690=CARTESIAN_POINT('Origin',(10.,20.,50.));
#12691=CARTESIAN_POINT('',(2.5,20.,57.5));
#12692=CARTESIAN_POINT('',(-7.5,20.,57.5));
#12693=CARTESIAN_POINT('',(42.5,20.,57.5));
#12694=CARTESIAN_POINT('',(5.,20.,57.5));
#12695=CARTESIAN_POINT('',(42.5,20.,55.));
#12696=CARTESIAN_POINT('Origin',(10.,20.,50.));
#12697=CARTESIAN_POINT('',(42.5,20.,42.5));
#12698=CARTESIAN_POINT('',(42.5,20.,55.));
#12699=CARTESIAN_POINT('',(27.5,20.,42.5));
#12700=CARTESIAN_POINT('Origin',(45.,0.,60.));
#12701=CARTESIAN_POINT('',(45.,17.5,57.5));
#12702=CARTESIAN_POINT('',(45.,17.5,55.));
#12703=CARTESIAN_POINT('',(45.,0.,57.5));
#12704=CARTESIAN_POINT('Origin',(42.5,17.5,55.));
#12705=CARTESIAN_POINT('Origin',(42.5,17.5,57.5));
#12706=CARTESIAN_POINT('Origin',(42.5,17.5,55.));
#12707=CARTESIAN_POINT('Origin',(42.5,17.5,42.5));
#12708=CARTESIAN_POINT('Origin',(42.5,17.5,57.5));
#12709=CARTESIAN_POINT('',(42.5,19.,59.5));
#12710=CARTESIAN_POINT('Origin',(42.5,17.5,59.5));
#12711=CARTESIAN_POINT('',(42.5,19.9494897427832,58.));
#12712=CARTESIAN_POINT('Origin',(42.5,17.5,58.));
#12713=CARTESIAN_POINT('Origin',(42.5,17.5,57.5));
#12714=CARTESIAN_POINT('Origin',(42.5,17.5,42.5));
#12715=CARTESIAN_POINT('',(42.5,17.5,40.));
#12716=CARTESIAN_POINT('Origin',(42.5,17.5,42.5));
#12717=CARTESIAN_POINT('Origin',(42.5,17.5,42.5));
#12718=CARTESIAN_POINT('Origin',(42.5,0.,42.5));
#12719=CARTESIAN_POINT('',(42.5,2.5,40.));
#12720=CARTESIAN_POINT('Origin',(42.5,2.5,42.5));
#12721=CARTESIAN_POINT('',(42.5,0.,40.));
#12722=CARTESIAN_POINT('Origin',(-7.5,17.5,57.5));
#12723=CARTESIAN_POINT('',(-7.5,19.,59.5));
#12724=CARTESIAN_POINT('',(2.5,19.9494897427832,58.));
#12725=CARTESIAN_POINT('',(-7.5,19.9494897427832,58.));
#12726=CARTESIAN_POINT('Origin',(2.5,17.5,57.5));
#12727=CARTESIAN_POINT('Origin',(27.5,17.5,42.5));
#12728=CARTESIAN_POINT('',(27.5,17.5,40.));
#12729=CARTESIAN_POINT('Origin',(27.5,1.,59.));
#12730=CARTESIAN_POINT('',(110.,1.,60.));
#12731=CARTESIAN_POINT('',(-25.,1.,60.));
#12732=CARTESIAN_POINT('',(27.5,1.,60.));
#12733=CARTESIAN_POINT('Origin',(-24.,1.,59.));
#12734=CARTESIAN_POINT('Origin',(109.,1.,59.));
#12735=CARTESIAN_POINT('Origin',(0.,0.,60.));
#12736=CARTESIAN_POINT('',(110.,35.,60.));
#12737=CARTESIAN_POINT('',(110.,0.,60.));
#12738=CARTESIAN_POINT('',(-25.,35.,60.));
#12739=CARTESIAN_POINT('',(110.,35.,60.));
#12740=CARTESIAN_POINT('',(-25.,0.,60.));
#12741=CARTESIAN_POINT('',(52.0000004470348,2.50000011175871,60.));
#12742=CARTESIAN_POINT('',(30.0000004470348,2.50000011175871,60.));
#12743=CARTESIAN_POINT('',(26.0000002235174,2.50000011175871,60.));
#12744=CARTESIAN_POINT('',(30.0000004470348,7.50000011175871,60.));
#12745=CARTESIAN_POINT('',(30.0000004470348,1.25000005587935,60.));
#12746=CARTESIAN_POINT('',(52.0000004470348,7.50000011175871,60.));
#12747=CARTESIAN_POINT('',(15.0000002235174,7.50000011175871,60.));
#12748=CARTESIAN_POINT('',(52.0000004470348,3.75000005587935,60.));
#12749=CARTESIAN_POINT('',(44.0806140899658,19.958039522171,60.));
#12750=CARTESIAN_POINT('Origin',(50.0806140899658,19.958039522171,60.));
#12751=CARTESIAN_POINT('',(62.0000010505318,20.0000002980232,60.));
#12752=CARTESIAN_POINT('Origin',(70.5000010505318,20.0000002980232,60.));
#12753=CARTESIAN_POINT('',(87.9241005449413,20.3079036814907,60.));
#12754=CARTESIAN_POINT('Origin',(96.4241005449413,20.3079036814907,60.));
#12755=CARTESIAN_POINT('',(41.7311211941298,20.5447123419279,60.));
#12756=CARTESIAN_POINT('',(42.5226846804447,19.8001592395558,60.));
#12757=CARTESIAN_POINT('Ctrl Pts',(41.7311211941298,20.5447123419279,60.));
#12758=CARTESIAN_POINT('Ctrl Pts',(41.8703781533446,20.3976496218156,60.));
#12759=CARTESIAN_POINT('Ctrl Pts',(42.1199266653737,20.1341131839534,60.));
#12760=CARTESIAN_POINT('Ctrl Pts',(42.3992387075514,19.9025166552374,60.));
#12761=CARTESIAN_POINT('Ctrl Pts',(42.5226846804447,19.8001592395558,60.));
#12762=CARTESIAN_POINT('',(43.1504520723533,19.4224144108125,60.));
#12763=CARTESIAN_POINT('Ctrl Pts',(42.5226846804447,19.8001592395558,60.));
#12764=CARTESIAN_POINT('Ctrl Pts',(42.6282870205354,19.7225035081858,60.));
#12765=CARTESIAN_POINT('Ctrl Pts',(42.8259572804267,19.5771447160535,60.));
#12766=CARTESIAN_POINT('Ctrl Pts',(43.04733980558,19.4715818948796,60.));
#12767=CARTESIAN_POINT('Ctrl Pts',(43.1504520723533,19.4224144108125,60.));
#12768=CARTESIAN_POINT('',(43.1519439241146,19.2655320951094,60.));
#12769=CARTESIAN_POINT('',(43.2415862666291,9.83879235916179,60.));
#12770=CARTESIAN_POINT('',(42.5010711137706,18.8449310215584,60.));
#12771=CARTESIAN_POINT('Ctrl Pts',(43.1519439241146,19.2655320951094,60.));
#12772=CARTESIAN_POINT('Ctrl Pts',(43.0397339242436,19.2062597365615,60.));
#12773=CARTESIAN_POINT('Ctrl Pts',(42.810469213814,19.0851559121736,60.));
#12774=CARTESIAN_POINT('Ctrl Pts',(42.6056465515113,18.9261261649312,60.));
#12775=CARTESIAN_POINT('Ctrl Pts',(42.5010711137706,18.8449310215584,60.));
#12776=CARTESIAN_POINT('',(41.7510290760582,18.0925396507751,60.));
#12777=CARTESIAN_POINT('Ctrl Pts',(42.5010711137706,18.8449310215584,60.));
#12778=CARTESIAN_POINT('Ctrl Pts',(42.3841938773965,18.7413081555915,60.));
#12779=CARTESIAN_POINT('Ctrl Pts',(42.1187878908415,18.5060003247017,60.));
#12780=CARTESIAN_POINT('Ctrl Pts',(41.8829889051813,18.2408982969509,60.));
#12781=CARTESIAN_POINT('Ctrl Pts',(41.7510290760582,18.0925396507751,60.));
#12782=CARTESIAN_POINT('',(41.4884216923587,18.0900424203756,60.));
#12783=CARTESIAN_POINT('',(20.6600818728123,17.8919780604361,60.));
#12784=CARTESIAN_POINT('',(42.1502662954898,19.1502719958247,60.));
#12785=CARTESIAN_POINT('Ctrl Pts',(41.4884216923587,18.0900424203756,60.));
#12786=CARTESIAN_POINT('Ctrl Pts',(41.5874814434955,18.2985153408782,60.));
#12787=CARTESIAN_POINT('Ctrl Pts',(41.7676273104257,18.6776353625258,60.));
#12788=CARTESIAN_POINT('Ctrl Pts',(42.0314955817109,19.0035661125087,60.));
#12789=CARTESIAN_POINT('Ctrl Pts',(42.1502662954898,19.1502719958247,60.));
#12790=CARTESIAN_POINT('',(37.1232083657375,19.1024678491735,60.));
#12791=CARTESIAN_POINT('',(18.4724645303816,18.9251110520331,60.));
#12792=CARTESIAN_POINT('',(37.1199327763572,19.4469270378104,60.));
#12793=CARTESIAN_POINT('',(37.2107102235346,9.90082031604557,60.));
#12794=CARTESIAN_POINT('',(42.1469907061095,19.4947311844616,60.));
#12795=CARTESIAN_POINT('',(20.9827179058774,19.2934723139956,60.));
#12796=CARTESIAN_POINT('',(41.7808253192623,19.9806983116008,60.));
#12797=CARTESIAN_POINT('Ctrl Pts',(42.1469907061095,19.4947311844616,60.));
#12798=CARTESIAN_POINT('Ctrl Pts',(42.0714011212512,19.5883720797229,60.));
#12799=CARTESIAN_POINT('Ctrl Pts',(41.9439131389192,19.7463050651073,60.));
#12800=CARTESIAN_POINT('Ctrl Pts',(41.8280083690392,19.9128858395232,60.));
#12801=CARTESIAN_POINT('Ctrl Pts',(41.7808253192623,19.9806983116008,60.));
#12802=CARTESIAN_POINT('',(41.4719242340087,20.5422475425032,60.));
#12803=CARTESIAN_POINT('Ctrl Pts',(41.7808253192623,19.9806983116008,60.));
#12804=CARTESIAN_POINT('Ctrl Pts',(41.7371266576001,20.0539715708127,60.));
#12805=CARTESIAN_POINT('Ctrl Pts',(41.6276517563412,20.2375374401554,60.));
#12806=CARTESIAN_POINT('Ctrl Pts',(41.5303727597686,20.4278820405058,60.));
#12807=CARTESIAN_POINT('Ctrl Pts',(41.4719242340087,20.5422475425032,60.));
#12808=CARTESIAN_POINT('',(20.7697724709444,20.3453831513012,60.));
#12809=CARTESIAN_POINT('Origin',(30.0000004470348,7.50000011175871,60.));
#12810=CARTESIAN_POINT('',(52.0000004470348,7.50000011175871,59.5));
#12811=CARTESIAN_POINT('',(15.0000002235174,7.50000011175871,59.5));
#12812=CARTESIAN_POINT('',(52.0000004470348,7.50000011175871,60.));
#12813=CARTESIAN_POINT('',(30.0000004470348,7.50000011175871,60.));
#12814=CARTESIAN_POINT('',(52.0000004470348,7.50000011175871,57.5));
#12815=CARTESIAN_POINT('',(15.0000002235174,7.50000011175871,57.5));
#12816=CARTESIAN_POINT('',(52.0000004470348,7.50000011175871,58.));
#12817=CARTESIAN_POINT('',(52.0000004470348,7.50000011175871,60.));
#12818=CARTESIAN_POINT('',(15.0000002235174,7.50000011175871,58.));
#12819=CARTESIAN_POINT('Origin',(0.,0.,58.));
#12820=CARTESIAN_POINT('',(108.,2.,58.));
#12821=CARTESIAN_POINT('',(27.5,2.,58.));
#12822=CARTESIAN_POINT('',(108.,34.5,58.));
#12823=CARTESIAN_POINT('',(108.,0.,58.));
#12824=CARTESIAN_POINT('',(3.228106123829,34.5,58.));
#12825=CARTESIAN_POINT('',(27.5,34.5,58.));
#12826=CARTESIAN_POINT('',(3.22810612382899,33.,58.));
#12827=CARTESIAN_POINT('',(3.22810612382899,34.,58.));
#12828=CARTESIAN_POINT('',(2.5,33.,58.));
#12829=CARTESIAN_POINT('',(1.27478184294734,33.,58.));
#12830=CARTESIAN_POINT('',(2.5,0.,58.));
#12831=CARTESIAN_POINT('',(52.0000004470348,2.50000011175871,58.));
#12832=CARTESIAN_POINT('',(52.0000004470348,3.75000005587935,58.));
#12833=CARTESIAN_POINT('',(26.0000002235174,2.50000011175871,58.));
#12834=CARTESIAN_POINT('',(52.0806140899658,19.958039522171,58.));
#12835=CARTESIAN_POINT('Origin',(50.0806140899658,19.958039522171,58.));
#12836=CARTESIAN_POINT('',(87.4241005449413,20.3079036814907,58.));
#12837=CARTESIAN_POINT('Origin',(96.4241005449413,20.3079036814907,58.));
#12838=CARTESIAN_POINT('',(61.5000010505318,20.0000002980232,58.));
#12839=CARTESIAN_POINT('Origin',(70.5000010505318,20.0000002980232,58.));
#12840=CARTESIAN_POINT('Origin',(0.,0.,57.5));
#12841=CARTESIAN_POINT('',(2.5,0.,57.5));
#12842=CARTESIAN_POINT('',(2.5,34.5,57.5));
#12843=CARTESIAN_POINT('',(2.5,0.,57.5));
#12844=CARTESIAN_POINT('',(2.5,35.,57.5));
#12845=CARTESIAN_POINT('',(2.5,0.,57.5));
#12846=CARTESIAN_POINT('',(107.5,35.,57.5));
#12847=CARTESIAN_POINT('',(27.5,35.,57.5));
#12848=CARTESIAN_POINT('',(107.5,2.5,57.5));
#12849=CARTESIAN_POINT('',(107.5,0.,57.5));
#12850=CARTESIAN_POINT('',(52.0000004470348,2.5,57.5));
#12851=CARTESIAN_POINT('',(27.5,2.5,57.5));
#12852=CARTESIAN_POINT('',(52.0000004470348,3.75000005587935,57.5));
#12853=CARTESIAN_POINT('',(62.0000010505318,20.0000002980232,57.5));
#12854=CARTESIAN_POINT('Origin',(70.5000010505318,20.0000002980232,57.5));
#12855=CARTESIAN_POINT('',(87.9241005449413,20.3079036814907,57.5));
#12856=CARTESIAN_POINT('Origin',(96.4241005449413,20.3079036814907,57.5));
#12857=CARTESIAN_POINT('',(52.0806140899658,19.958039522171,57.5));
#12858=CARTESIAN_POINT('Origin',(50.0806140899658,19.958039522171,57.5));
#12859=CARTESIAN_POINT('Origin',(2.5,0.,0.));
#12860=CARTESIAN_POINT('Origin',(2.5,0.,0.));
#12861=CARTESIAN_POINT('',(2.5,33.,57.7357902370414));
#12862=CARTESIAN_POINT('',(2.5,33.,29.3672806011492));
#12863=CARTESIAN_POINT('',(2.5,34.5,57.7357902370414));
#12864=CARTESIAN_POINT('',(2.5,34.,57.7357902370414));
#12865=CARTESIAN_POINT('',(2.5,34.5,15.));
#12866=CARTESIAN_POINT('Origin',(2.5,0.,0.));
#12867=CARTESIAN_POINT('',(2.5,2.,40.));
#12868=CARTESIAN_POINT('',(2.5,1.25,40.));
#12869=CARTESIAN_POINT('',(2.5,2.,15.));
#12870=CARTESIAN_POINT('Ctrl Pts',(39.0995675325232,19.4389699836438,0.));
#12871=CARTESIAN_POINT('Ctrl Pts',(39.0995675325232,19.4389699836438,-1.));
#12872=CARTESIAN_POINT('Ctrl Pts',(38.9826385887566,19.3292267793976,0.));
#12873=CARTESIAN_POINT('Ctrl Pts',(38.9826385887566,19.3292267793976,-1.));
#12874=CARTESIAN_POINT('Ctrl Pts',(38.7180721447676,19.0809189749818,0.));
#12875=CARTESIAN_POINT('Ctrl Pts',(38.7180721447676,19.0809189749818,-1.));
#12876=CARTESIAN_POINT('Ctrl Pts',(38.4851740124362,18.8025588235708,0.));
#12877=CARTESIAN_POINT('Ctrl Pts',(38.4851740124362,18.8025588235708,-1.));
#12878=CARTESIAN_POINT('Ctrl Pts',(38.3552085582183,18.6472239432428,0.));
#12879=CARTESIAN_POINT('Ctrl Pts',(38.3552085582183,18.6472239432428,-1.));
#12880=CARTESIAN_POINT('',(38.3552085582183,18.6472239432428,0.));
#12881=CARTESIAN_POINT('',(39.0995675325232,19.4389699836438,0.));
#12882=CARTESIAN_POINT('Ctrl Pts',(38.3552085582183,18.6472239432428,0.));
#12883=CARTESIAN_POINT('Ctrl Pts',(38.4851740124362,18.8025588235708,0.));
#12884=CARTESIAN_POINT('Ctrl Pts',(38.7180721447676,19.0809189749818,0.));
#12885=CARTESIAN_POINT('Ctrl Pts',(38.9826385887566,19.3292267793976,0.));
#12886=CARTESIAN_POINT('Ctrl Pts',(39.0995675325232,19.4389699836438,0.));
#12887=CARTESIAN_POINT('',(38.3552085582183,18.6472239432428,-1.));
#12888=CARTESIAN_POINT('',(38.3552085582183,18.6472239432428,0.));
#12889=CARTESIAN_POINT('',(39.0995675325232,19.4389699836438,-1.));
#12890=CARTESIAN_POINT('Ctrl Pts',(39.0995675325232,19.4389699836438,-1.));
#12891=CARTESIAN_POINT('Ctrl Pts',(38.9826385887566,19.3292267793976,-1.));
#12892=CARTESIAN_POINT('Ctrl Pts',(38.7180721447676,19.0809189749818,-1.));
#12893=CARTESIAN_POINT('Ctrl Pts',(38.4851740124362,18.8025588235708,-1.));
#12894=CARTESIAN_POINT('Ctrl Pts',(38.3552085582183,18.6472239432428,-1.));
#12895=CARTESIAN_POINT('',(39.0995675325232,19.4389699836438,0.));
#12896=CARTESIAN_POINT('Ctrl Pts',(39.7029593278966,19.8545435574694,0.));
#12897=CARTESIAN_POINT('Ctrl Pts',(39.7029593278966,19.8545435574694,-1.));
#12898=CARTESIAN_POINT('Ctrl Pts',(39.6030601751228,19.7991383201383,0.));
#12899=CARTESIAN_POINT('Ctrl Pts',(39.6030601751228,19.7991383201383,-1.));
#12900=CARTESIAN_POINT('Ctrl Pts',(39.3885762209455,19.6801830131617,0.));
#12901=CARTESIAN_POINT('Ctrl Pts',(39.3885762209455,19.6801830131617,-1.));
#12902=CARTESIAN_POINT('Ctrl Pts',(39.2002030459384,19.522962604075,0.));
#12903=CARTESIAN_POINT('Ctrl Pts',(39.2002030459384,19.522962604075,-1.));
#12904=CARTESIAN_POINT('Ctrl Pts',(39.0995675325232,19.4389699836438,0.));
#12905=CARTESIAN_POINT('Ctrl Pts',(39.0995675325232,19.4389699836438,-1.));
#12906=CARTESIAN_POINT('',(39.7029593278966,19.8545435574694,0.));
#12907=CARTESIAN_POINT('Ctrl Pts',(39.0995675325232,19.4389699836438,0.));
#12908=CARTESIAN_POINT('Ctrl Pts',(39.2002030459384,19.522962604075,0.));
#12909=CARTESIAN_POINT('Ctrl Pts',(39.3885762209455,19.6801830131617,0.));
#12910=CARTESIAN_POINT('Ctrl Pts',(39.6030601751228,19.7991383201383,0.));
#12911=CARTESIAN_POINT('Ctrl Pts',(39.7029593278966,19.8545435574694,0.));
#12912=CARTESIAN_POINT('',(39.7029593278966,19.8545435574694,-1.));
#12913=CARTESIAN_POINT('Ctrl Pts',(39.7029593278966,19.8545435574694,-1.));
#12914=CARTESIAN_POINT('Ctrl Pts',(39.6030601751228,19.7991383201383,-1.));
#12915=CARTESIAN_POINT('Ctrl Pts',(39.3885762209455,19.6801830131617,-1.));
#12916=CARTESIAN_POINT('Ctrl Pts',(39.2002030459384,19.522962604075,-1.));
#12917=CARTESIAN_POINT('Ctrl Pts',(39.0995675325232,19.4389699836438,-1.));
#12918=CARTESIAN_POINT('',(39.7029593278966,19.8545435574694,0.));
#12919=CARTESIAN_POINT('Origin',(39.6948166888735,20.0112215202841,0.));
#12920=CARTESIAN_POINT('',(39.6948166888735,20.0112215202841,0.));
#12921=CARTESIAN_POINT('',(40.3081022337287,8.21058421835039,0.));
#12922=CARTESIAN_POINT('',(39.6948166888735,20.0112215202841,-1.));
#12923=CARTESIAN_POINT('',(39.7029593278966,19.8545435574694,-1.));
#12924=CARTESIAN_POINT('',(39.6948166888735,20.0112215202841,0.));
#12925=CARTESIAN_POINT('Ctrl Pts',(39.0193491908421,20.3910693021924,0.));
#12926=CARTESIAN_POINT('Ctrl Pts',(39.0193491908421,20.3910693021924,-1.));
#12927=CARTESIAN_POINT('Ctrl Pts',(39.1287122738688,20.3164476595082,0.));
#12928=CARTESIAN_POINT('Ctrl Pts',(39.1287122738688,20.3164476595082,-1.));
#12929=CARTESIAN_POINT('Ctrl Pts',(39.342912073622,20.1702928467702,0.));
#12930=CARTESIAN_POINT('Ctrl Pts',(39.342912073622,20.1702928467702,-1.));
#12931=CARTESIAN_POINT('Ctrl Pts',(39.5791793791669,20.0634930150275,0.));
#12932=CARTESIAN_POINT('Ctrl Pts',(39.5791793791669,20.0634930150275,-1.));
#12933=CARTESIAN_POINT('Ctrl Pts',(39.6948166888735,20.0112215202841,0.));
#12934=CARTESIAN_POINT('Ctrl Pts',(39.6948166888735,20.0112215202841,-1.));
#12935=CARTESIAN_POINT('',(39.0193491908421,20.3910693021924,0.));
#12936=CARTESIAN_POINT('Ctrl Pts',(39.6948166888735,20.0112215202841,0.));
#12937=CARTESIAN_POINT('Ctrl Pts',(39.5791793791669,20.0634930150275,0.));
#12938=CARTESIAN_POINT('Ctrl Pts',(39.342912073622,20.1702928467702,0.));
#12939=CARTESIAN_POINT('Ctrl Pts',(39.1287122738688,20.3164476595082,0.));
#12940=CARTESIAN_POINT('Ctrl Pts',(39.0193491908421,20.3910693021924,0.));
#12941=CARTESIAN_POINT('',(39.0193491908421,20.3910693021924,-1.));
#12942=CARTESIAN_POINT('Ctrl Pts',(39.0193491908421,20.3910693021924,-1.));
#12943=CARTESIAN_POINT('Ctrl Pts',(39.1287122738688,20.3164476595082,-1.));
#12944=CARTESIAN_POINT('Ctrl Pts',(39.342912073622,20.1702928467702,-1.));
#12945=CARTESIAN_POINT('Ctrl Pts',(39.5791793791669,20.0634930150275,-1.));
#12946=CARTESIAN_POINT('Ctrl Pts',(39.6948166888735,20.0112215202841,-1.));
#12947=CARTESIAN_POINT('',(39.0193491908421,20.3910693021924,0.));
#12948=CARTESIAN_POINT('Ctrl Pts',(38.224529513233,21.095993066333,0.));
#12949=CARTESIAN_POINT('Ctrl Pts',(38.224529513233,21.095993066333,-1.));
#12950=CARTESIAN_POINT('Ctrl Pts',(38.3653487842876,20.9560158635571,0.));
#12951=CARTESIAN_POINT('Ctrl Pts',(38.3653487842876,20.9560158635571,-1.));
#12952=CARTESIAN_POINT('Ctrl Pts',(38.6169787045196,20.7058906349215,0.));
#12953=CARTESIAN_POINT('Ctrl Pts',(38.6169787045196,20.7058906349215,-1.));
#12954=CARTESIAN_POINT('Ctrl Pts',(38.8963305815515,20.4873210995877,0.));
#12955=CARTESIAN_POINT('Ctrl Pts',(38.8963305815515,20.4873210995877,-1.));
#12956=CARTESIAN_POINT('Ctrl Pts',(39.0193491908421,20.3910693021924,0.));
#12957=CARTESIAN_POINT('Ctrl Pts',(39.0193491908421,20.3910693021924,-1.));
#12958=CARTESIAN_POINT('',(38.224529513233,21.095993066333,0.));
#12959=CARTESIAN_POINT('Ctrl Pts',(39.0193491908421,20.3910693021924,0.));
#12960=CARTESIAN_POINT('Ctrl Pts',(38.8963305815515,20.4873210995877,0.));
#12961=CARTESIAN_POINT('Ctrl Pts',(38.6169787045196,20.7058906349215,0.));
#12962=CARTESIAN_POINT('Ctrl Pts',(38.3653487842876,20.9560158635571,0.));
#12963=CARTESIAN_POINT('Ctrl Pts',(38.224529513233,21.095993066333,0.));
#12964=CARTESIAN_POINT('',(38.224529513233,21.095993066333,-1.));
#12965=CARTESIAN_POINT('Ctrl Pts',(38.224529513233,21.095993066333,-1.));
#12966=CARTESIAN_POINT('Ctrl Pts',(38.3653487842876,20.9560158635571,-1.));
#12967=CARTESIAN_POINT('Ctrl Pts',(38.6169787045196,20.7058906349215,-1.));
#12968=CARTESIAN_POINT('Ctrl Pts',(38.8963305815515,20.4873210995877,-1.));
#12969=CARTESIAN_POINT('Ctrl Pts',(39.0193491908421,20.3910693021924,-1.));
#12970=CARTESIAN_POINT('',(38.224529513233,21.095993066333,0.));
#12971=CARTESIAN_POINT('Origin',(37.9622641985367,21.0823629951509,0.));
#12972=CARTESIAN_POINT('',(37.9622641985367,21.0823629951509,0.));
#12973=CARTESIAN_POINT('',(73.337754171286,22.920846467472,0.));
#12974=CARTESIAN_POINT('',(37.9622641985367,21.0823629951509,-1.));
#12975=CARTESIAN_POINT('',(38.224529513233,21.095993066333,-1.));
#12976=CARTESIAN_POINT('',(37.9622641985367,21.0823629951509,0.));
#12977=CARTESIAN_POINT('Ctrl Pts',(38.6879523223023,20.0647669169468,0.));
#12978=CARTESIAN_POINT('Ctrl Pts',(38.6879523223023,20.0647669169468,-1.));
#12979=CARTESIAN_POINT('Ctrl Pts',(38.5603987567226,20.2039042108654,0.));
#12980=CARTESIAN_POINT('Ctrl Pts',(38.5603987567226,20.2039042108654,-1.));
#12981=CARTESIAN_POINT('Ctrl Pts',(38.2770179654912,20.5130201204147,0.));
#12982=CARTESIAN_POINT('Ctrl Pts',(38.2770179654912,20.5130201204147,-1.));
#12983=CARTESIAN_POINT('Ctrl Pts',(38.0739361270593,20.8803650415518,0.));
#12984=CARTESIAN_POINT('Ctrl Pts',(38.0739361270593,20.8803650415518,-1.));
#12985=CARTESIAN_POINT('Ctrl Pts',(37.9622641985367,21.0823629951509,0.));
#12986=CARTESIAN_POINT('Ctrl Pts',(37.9622641985367,21.0823629951509,-1.));
#12987=CARTESIAN_POINT('',(38.6879523223023,20.0647669169468,0.));
#12988=CARTESIAN_POINT('Ctrl Pts',(37.9622641985367,21.0823629951509,0.));
#12989=CARTESIAN_POINT('Ctrl Pts',(38.0739361270593,20.8803650415518,0.));
#12990=CARTESIAN_POINT('Ctrl Pts',(38.2770179654912,20.5130201204147,0.));
#12991=CARTESIAN_POINT('Ctrl Pts',(38.5603987567226,20.2039042108654,0.));
#12992=CARTESIAN_POINT('Ctrl Pts',(38.6879523223023,20.0647669169468,0.));
#12993=CARTESIAN_POINT('',(38.6879523223023,20.0647669169468,-1.));
#12994=CARTESIAN_POINT('Ctrl Pts',(38.6879523223023,20.0647669169468,-1.));
#12995=CARTESIAN_POINT('Ctrl Pts',(38.5603987567226,20.2039042108654,-1.));
#12996=CARTESIAN_POINT('Ctrl Pts',(38.2770179654912,20.5130201204147,-1.));
#12997=CARTESIAN_POINT('Ctrl Pts',(38.0739361270593,20.8803650415518,-1.));
#12998=CARTESIAN_POINT('Ctrl Pts',(37.9622641985367,21.0823629951509,-1.));
#12999=CARTESIAN_POINT('',(38.6879523223023,20.0647669169468,0.));
#13000=CARTESIAN_POINT('Origin',(33.6674425736064,19.8038482921386,0.));
#13001=CARTESIAN_POINT('',(33.6674425736064,19.8038482921386,0.));
#13002=CARTESIAN_POINT('',(71.2176920220014,21.7553551983495,0.));
#13003=CARTESIAN_POINT('',(33.6674425736064,19.8038482921386,-1.));
#13004=CARTESIAN_POINT('',(38.6879523223023,20.0647669169468,-1.));
#13005=CARTESIAN_POINT('',(33.6674425736064,19.8038482921386,0.));
#13006=CARTESIAN_POINT('Origin',(33.6853209865982,19.4598377916142,0.));
#13007=CARTESIAN_POINT('',(33.6853209865982,19.4598377916142,0.));
#13008=CARTESIAN_POINT('',(34.2924110449041,7.77841198959623,0.));
#13009=CARTESIAN_POINT('',(33.6853209865982,19.4598377916142,-1.));
#13010=CARTESIAN_POINT('',(33.6674425736064,19.8038482921386,-1.));
#13011=CARTESIAN_POINT('',(33.6853209865982,19.4598377916142,0.));
#13012=CARTESIAN_POINT('Origin',(38.7058307352941,19.7207564164224,0.));
#13013=CARTESIAN_POINT('',(38.7058307352941,19.7207564164224,0.));
#13014=CARTESIAN_POINT('',(73.7458253093411,21.5418040102292,0.));
#13015=CARTESIAN_POINT('',(38.7058307352941,19.7207564164224,-1.));
#13016=CARTESIAN_POINT('',(33.6853209865982,19.4598377916142,-1.));
#13017=CARTESIAN_POINT('',(38.7058307352941,19.7207564164224,0.));
#13018=CARTESIAN_POINT('Ctrl Pts',(38.3701916867762,19.2132255618973,0.));
#13019=CARTESIAN_POINT('Ctrl Pts',(38.3701916867762,19.2132255618973,-1.));
#13020=CARTESIAN_POINT('Ctrl Pts',(38.4131224322922,19.2838068812741,0.));
#13021=CARTESIAN_POINT('Ctrl Pts',(38.4131224322922,19.2838068812741,-1.));
#13022=CARTESIAN_POINT('Ctrl Pts',(38.5185814520745,19.4571893060827,0.));
#13023=CARTESIAN_POINT('Ctrl Pts',(38.5185814520745,19.4571893060827,-1.));
#13024=CARTESIAN_POINT('Ctrl Pts',(38.6361327584106,19.6226513980862,0.));
#13025=CARTESIAN_POINT('Ctrl Pts',(38.6361327584106,19.6226513980862,-1.));
#13026=CARTESIAN_POINT('Ctrl Pts',(38.7058307352941,19.7207564164224,0.));
#13027=CARTESIAN_POINT('Ctrl Pts',(38.7058307352941,19.7207564164224,-1.));
#13028=CARTESIAN_POINT('',(38.3701916867762,19.2132255618973,0.));
#13029=CARTESIAN_POINT('Ctrl Pts',(38.7058307352941,19.7207564164224,0.));
#13030=CARTESIAN_POINT('Ctrl Pts',(38.6361327584106,19.6226513980862,0.));
#13031=CARTESIAN_POINT('Ctrl Pts',(38.5185814520745,19.4571893060827,0.));
#13032=CARTESIAN_POINT('Ctrl Pts',(38.4131224322922,19.2838068812741,0.));
#13033=CARTESIAN_POINT('Ctrl Pts',(38.3701916867762,19.2132255618973,0.));
#13034=CARTESIAN_POINT('',(38.3701916867762,19.2132255618973,-1.));
#13035=CARTESIAN_POINT('Ctrl Pts',(38.3701916867762,19.2132255618973,-1.));
#13036=CARTESIAN_POINT('Ctrl Pts',(38.4131224322922,19.2838068812741,-1.));
#13037=CARTESIAN_POINT('Ctrl Pts',(38.5185814520745,19.4571893060827,-1.));
#13038=CARTESIAN_POINT('Ctrl Pts',(38.6361327584106,19.6226513980862,-1.));
#13039=CARTESIAN_POINT('Ctrl Pts',(38.7058307352941,19.7207564164224,-1.));
#13040=CARTESIAN_POINT('',(38.3701916867762,19.2132255618973,0.));
#13041=CARTESIAN_POINT('Ctrl Pts',(38.0963492247265,18.633770882758,0.));
#13042=CARTESIAN_POINT('Ctrl Pts',(38.0963492247265,18.633770882758,-1.));
#13043=CARTESIAN_POINT('Ctrl Pts',(38.1476661052693,18.7515090498152,0.));
#13044=CARTESIAN_POINT('Ctrl Pts',(38.1476661052693,18.7515090498152,-1.));
#13045=CARTESIAN_POINT('Ctrl Pts',(38.2330755246096,18.9474669563785,0.));
#13046=CARTESIAN_POINT('Ctrl Pts',(38.2330755246096,18.9474669563785,-1.));
#13047=CARTESIAN_POINT('Ctrl Pts',(38.3310740174822,19.1374076781522,0.));
#13048=CARTESIAN_POINT('Ctrl Pts',(38.3310740174822,19.1374076781522,-1.));
#13049=CARTESIAN_POINT('Ctrl Pts',(38.3701916867762,19.2132255618973,0.));
#13050=CARTESIAN_POINT('Ctrl Pts',(38.3701916867762,19.2132255618973,-1.));
#13051=CARTESIAN_POINT('',(38.0963492247265,18.633770882758,0.));
#13052=CARTESIAN_POINT('Ctrl Pts',(38.3701916867762,19.2132255618973,0.));
#13053=CARTESIAN_POINT('Ctrl Pts',(38.3310740174822,19.1374076781522,0.));
#13054=CARTESIAN_POINT('Ctrl Pts',(38.2330755246096,18.9474669563785,0.));
#13055=CARTESIAN_POINT('Ctrl Pts',(38.1476661052693,18.7515090498152,0.));
#13056=CARTESIAN_POINT('Ctrl Pts',(38.0963492247265,18.633770882758,0.));
#13057=CARTESIAN_POINT('',(38.0963492247265,18.633770882758,-1.));
#13058=CARTESIAN_POINT('Ctrl Pts',(38.0963492247265,18.633770882758,-1.));
#13059=CARTESIAN_POINT('Ctrl Pts',(38.1476661052693,18.7515090498152,-1.));
#13060=CARTESIAN_POINT('Ctrl Pts',(38.2330755246096,18.9474669563785,-1.));
#13061=CARTESIAN_POINT('Ctrl Pts',(38.3310740174822,19.1374076781522,-1.));
#13062=CARTESIAN_POINT('Ctrl Pts',(38.3701916867762,19.2132255618973,-1.));
#13063=CARTESIAN_POINT('',(38.0963492247265,18.633770882758,0.));
#13064=CARTESIAN_POINT('Origin',(38.3552085582183,18.6472239432428,0.));
#13065=CARTESIAN_POINT('',(73.597862883017,20.4788038746244,0.));
#13066=CARTESIAN_POINT('',(38.0963492247265,18.633770882758,-1.));
#13067=CARTESIAN_POINT('Origin',(36.6852009507515,19.8648819745455,-1.));
#13068=CARTESIAN_POINT('Ctrl Pts',(42.5226846804447,19.8001592395558,60.));
#13069=CARTESIAN_POINT('Ctrl Pts',(42.5226846804447,19.8001592395558,61.));
#13070=CARTESIAN_POINT('Ctrl Pts',(42.3992387075514,19.9025166552374,60.));
#13071=CARTESIAN_POINT('Ctrl Pts',(42.3992387075514,19.9025166552374,61.));
#13072=CARTESIAN_POINT('Ctrl Pts',(42.1199266653737,20.1341131839534,60.));
#13073=CARTESIAN_POINT('Ctrl Pts',(42.1199266653737,20.1341131839534,61.));
#13074=CARTESIAN_POINT('Ctrl Pts',(41.8703781533446,20.3976496218156,60.));
#13075=CARTESIAN_POINT('Ctrl Pts',(41.8703781533446,20.3976496218156,61.));
#13076=CARTESIAN_POINT('Ctrl Pts',(41.7311211941298,20.5447123419279,60.));
#13077=CARTESIAN_POINT('Ctrl Pts',(41.7311211941298,20.5447123419279,61.));
#13078=CARTESIAN_POINT('',(41.7311211941298,20.5447123419279,61.));
#13079=CARTESIAN_POINT('',(41.7311211941298,20.5447123419279,60.));
#13080=CARTESIAN_POINT('',(42.5226846804447,19.8001592395558,61.));
#13081=CARTESIAN_POINT('Ctrl Pts',(42.5226846804447,19.8001592395558,61.));
#13082=CARTESIAN_POINT('Ctrl Pts',(42.3992387075514,19.9025166552374,61.));
#13083=CARTESIAN_POINT('Ctrl Pts',(42.1199266653737,20.1341131839534,61.));
#13084=CARTESIAN_POINT('Ctrl Pts',(41.8703781533446,20.3976496218156,61.));
#13085=CARTESIAN_POINT('Ctrl Pts',(41.7311211941298,20.5447123419279,61.));
#13086=CARTESIAN_POINT('',(42.5226846804447,19.8001592395558,60.));
#13087=CARTESIAN_POINT('Ctrl Pts',(43.1504520723533,19.4224144108125,60.));
#13088=CARTESIAN_POINT('Ctrl Pts',(43.1504520723533,19.4224144108125,61.));
#13089=CARTESIAN_POINT('Ctrl Pts',(43.04733980558,19.4715818948796,60.));
#13090=CARTESIAN_POINT('Ctrl Pts',(43.04733980558,19.4715818948796,61.));
#13091=CARTESIAN_POINT('Ctrl Pts',(42.8259572804267,19.5771447160535,60.));
#13092=CARTESIAN_POINT('Ctrl Pts',(42.8259572804267,19.5771447160535,61.));
#13093=CARTESIAN_POINT('Ctrl Pts',(42.6282870205354,19.7225035081858,60.));
#13094=CARTESIAN_POINT('Ctrl Pts',(42.6282870205354,19.7225035081858,61.));
#13095=CARTESIAN_POINT('Ctrl Pts',(42.5226846804447,19.8001592395558,60.));
#13096=CARTESIAN_POINT('Ctrl Pts',(42.5226846804447,19.8001592395558,61.));
#13097=CARTESIAN_POINT('',(43.1504520723533,19.4224144108125,61.));
#13098=CARTESIAN_POINT('Ctrl Pts',(43.1504520723533,19.4224144108125,61.));
#13099=CARTESIAN_POINT('Ctrl Pts',(43.04733980558,19.4715818948796,61.));
#13100=CARTESIAN_POINT('Ctrl Pts',(42.8259572804267,19.5771447160535,61.));
#13101=CARTESIAN_POINT('Ctrl Pts',(42.6282870205354,19.7225035081858,61.));
#13102=CARTESIAN_POINT('Ctrl Pts',(42.5226846804447,19.8001592395558,61.));
#13103=CARTESIAN_POINT('',(43.1504520723533,19.4224144108125,60.));
#13104=CARTESIAN_POINT('Origin',(43.1519439241146,19.2655320951094,60.));
#13105=CARTESIAN_POINT('',(43.1519439241146,19.2655320951094,61.));
#13106=CARTESIAN_POINT('',(43.1504520723533,19.4224144108125,61.));
#13107=CARTESIAN_POINT('',(43.1519439241146,19.2655320951094,60.));
#13108=CARTESIAN_POINT('Ctrl Pts',(42.5010711137706,18.8449310215584,60.));
#13109=CARTESIAN_POINT('Ctrl Pts',(42.5010711137706,18.8449310215584,61.));
#13110=CARTESIAN_POINT('Ctrl Pts',(42.6056465515113,18.9261261649312,60.));
#13111=CARTESIAN_POINT('Ctrl Pts',(42.6056465515113,18.9261261649312,61.));
#13112=CARTESIAN_POINT('Ctrl Pts',(42.810469213814,19.0851559121736,60.));
#13113=CARTESIAN_POINT('Ctrl Pts',(42.810469213814,19.0851559121736,61.));
#13114=CARTESIAN_POINT('Ctrl Pts',(43.0397339242436,19.2062597365615,60.));
#13115=CARTESIAN_POINT('Ctrl Pts',(43.0397339242436,19.2062597365615,61.));
#13116=CARTESIAN_POINT('Ctrl Pts',(43.1519439241146,19.2655320951094,60.));
#13117=CARTESIAN_POINT('Ctrl Pts',(43.1519439241146,19.2655320951094,61.));
#13118=CARTESIAN_POINT('',(42.5010711137706,18.8449310215584,61.));
#13119=CARTESIAN_POINT('Ctrl Pts',(42.5010711137706,18.8449310215584,61.));
#13120=CARTESIAN_POINT('Ctrl Pts',(42.6056465515113,18.9261261649312,61.));
#13121=CARTESIAN_POINT('Ctrl Pts',(42.810469213814,19.0851559121736,61.));
#13122=CARTESIAN_POINT('Ctrl Pts',(43.0397339242436,19.2062597365615,61.));
#13123=CARTESIAN_POINT('Ctrl Pts',(43.1519439241146,19.2655320951094,61.));
#13124=CARTESIAN_POINT('',(42.5010711137706,18.8449310215584,60.));
#13125=CARTESIAN_POINT('Ctrl Pts',(41.7510290760582,18.0925396507751,60.));
#13126=CARTESIAN_POINT('Ctrl Pts',(41.7510290760582,18.0925396507751,61.));
#13127=CARTESIAN_POINT('Ctrl Pts',(41.8829889051813,18.2408982969509,60.));
#13128=CARTESIAN_POINT('Ctrl Pts',(41.8829889051813,18.2408982969509,61.));
#13129=CARTESIAN_POINT('Ctrl Pts',(42.1187878908415,18.5060003247017,60.));
#13130=CARTESIAN_POINT('Ctrl Pts',(42.1187878908415,18.5060003247017,61.));
#13131=CARTESIAN_POINT('Ctrl Pts',(42.3841938773965,18.7413081555915,60.));
#13132=CARTESIAN_POINT('Ctrl Pts',(42.3841938773965,18.7413081555915,61.));
#13133=CARTESIAN_POINT('Ctrl Pts',(42.5010711137706,18.8449310215584,60.));
#13134=CARTESIAN_POINT('Ctrl Pts',(42.5010711137706,18.8449310215584,61.));
#13135=CARTESIAN_POINT('',(41.7510290760582,18.0925396507751,61.));
#13136=CARTESIAN_POINT('Ctrl Pts',(41.7510290760582,18.0925396507751,61.));
#13137=CARTESIAN_POINT('Ctrl Pts',(41.8829889051813,18.2408982969509,61.));
#13138=CARTESIAN_POINT('Ctrl Pts',(42.1187878908415,18.5060003247017,61.));
#13139=CARTESIAN_POINT('Ctrl Pts',(42.3841938773965,18.7413081555915,61.));
#13140=CARTESIAN_POINT('Ctrl Pts',(42.5010711137706,18.8449310215584,61.));
#13141=CARTESIAN_POINT('',(41.7510290760582,18.0925396507751,60.));
#13142=CARTESIAN_POINT('Origin',(41.4884216923587,18.0900424203756,60.));
#13143=CARTESIAN_POINT('',(41.4884216923587,18.0900424203756,61.));
#13144=CARTESIAN_POINT('',(41.7510290760582,18.0925396507751,61.));
#13145=CARTESIAN_POINT('',(41.4884216923587,18.0900424203756,60.));
#13146=CARTESIAN_POINT('Ctrl Pts',(42.1502662954898,19.1502719958247,60.));
#13147=CARTESIAN_POINT('Ctrl Pts',(42.1502662954898,19.1502719958247,61.));
#13148=CARTESIAN_POINT('Ctrl Pts',(42.0314955817109,19.0035661125087,60.));
#13149=CARTESIAN_POINT('Ctrl Pts',(42.0314955817109,19.0035661125087,61.));
#13150=CARTESIAN_POINT('Ctrl Pts',(41.7676273104257,18.6776353625258,60.));
#13151=CARTESIAN_POINT('Ctrl Pts',(41.7676273104257,18.6776353625258,61.));
#13152=CARTESIAN_POINT('Ctrl Pts',(41.5874814434955,18.2985153408782,60.));
#13153=CARTESIAN_POINT('Ctrl Pts',(41.5874814434955,18.2985153408782,61.));
#13154=CARTESIAN_POINT('Ctrl Pts',(41.4884216923587,18.0900424203756,60.));
#13155=CARTESIAN_POINT('Ctrl Pts',(41.4884216923587,18.0900424203756,61.));
#13156=CARTESIAN_POINT('',(42.1502662954898,19.1502719958247,61.));
#13157=CARTESIAN_POINT('Ctrl Pts',(42.1502662954898,19.1502719958247,61.));
#13158=CARTESIAN_POINT('Ctrl Pts',(42.0314955817109,19.0035661125087,61.));
#13159=CARTESIAN_POINT('Ctrl Pts',(41.7676273104257,18.6776353625258,61.));
#13160=CARTESIAN_POINT('Ctrl Pts',(41.5874814434955,18.2985153408782,61.));
#13161=CARTESIAN_POINT('Ctrl Pts',(41.4884216923587,18.0900424203756,61.));
#13162=CARTESIAN_POINT('',(42.1502662954898,19.1502719958247,60.));
#13163=CARTESIAN_POINT('Origin',(37.1232083657375,19.1024678491735,60.));
#13164=CARTESIAN_POINT('',(37.1232083657375,19.1024678491735,61.));
#13165=CARTESIAN_POINT('',(42.1502662954898,19.1502719958247,61.));
#13166=CARTESIAN_POINT('',(37.1232083657375,19.1024678491735,60.));
#13167=CARTESIAN_POINT('Origin',(37.1199327763572,19.4469270378104,60.));
#13168=CARTESIAN_POINT('',(37.1199327763572,19.4469270378104,61.));
#13169=CARTESIAN_POINT('',(37.1232083657375,19.1024678491735,61.));
#13170=CARTESIAN_POINT('',(37.1199327763572,19.4469270378104,60.));
#13171=CARTESIAN_POINT('Origin',(42.1469907061095,19.4947311844616,60.));
#13172=CARTESIAN_POINT('',(42.1469907061095,19.4947311844616,61.));
#13173=CARTESIAN_POINT('',(37.1199327763572,19.4469270378104,61.));
#13174=CARTESIAN_POINT('',(42.1469907061095,19.4947311844616,60.));
#13175=CARTESIAN_POINT('Ctrl Pts',(41.7808253192623,19.9806983116008,60.));
#13176=CARTESIAN_POINT('Ctrl Pts',(41.7808253192623,19.9806983116008,61.));
#13177=CARTESIAN_POINT('Ctrl Pts',(41.8280083690392,19.9128858395232,60.));
#13178=CARTESIAN_POINT('Ctrl Pts',(41.8280083690392,19.9128858395232,61.));
#13179=CARTESIAN_POINT('Ctrl Pts',(41.9439131389192,19.7463050651073,60.));
#13180=CARTESIAN_POINT('Ctrl Pts',(41.9439131389192,19.7463050651073,61.));
#13181=CARTESIAN_POINT('Ctrl Pts',(42.0714011212512,19.5883720797229,60.));
#13182=CARTESIAN_POINT('Ctrl Pts',(42.0714011212512,19.5883720797229,61.));
#13183=CARTESIAN_POINT('Ctrl Pts',(42.1469907061095,19.4947311844616,60.));
#13184=CARTESIAN_POINT('Ctrl Pts',(42.1469907061095,19.4947311844616,61.));
#13185=CARTESIAN_POINT('',(41.7808253192623,19.9806983116008,61.));
#13186=CARTESIAN_POINT('Ctrl Pts',(41.7808253192623,19.9806983116008,61.));
#13187=CARTESIAN_POINT('Ctrl Pts',(41.8280083690392,19.9128858395232,61.));
#13188=CARTESIAN_POINT('Ctrl Pts',(41.9439131389192,19.7463050651073,61.));
#13189=CARTESIAN_POINT('Ctrl Pts',(42.0714011212512,19.5883720797229,61.));
#13190=CARTESIAN_POINT('Ctrl Pts',(42.1469907061095,19.4947311844616,61.));
#13191=CARTESIAN_POINT('',(41.7808253192623,19.9806983116008,60.));
#13192=CARTESIAN_POINT('Ctrl Pts',(41.4719242340087,20.5422475425032,60.));
#13193=CARTESIAN_POINT('Ctrl Pts',(41.4719242340087,20.5422475425032,61.));
#13194=CARTESIAN_POINT('Ctrl Pts',(41.5303727597686,20.4278820405058,60.));
#13195=CARTESIAN_POINT('Ctrl Pts',(41.5303727597686,20.4278820405058,61.));
#13196=CARTESIAN_POINT('Ctrl Pts',(41.6276517563412,20.2375374401554,60.));
#13197=CARTESIAN_POINT('Ctrl Pts',(41.6276517563412,20.2375374401554,61.));
#13198=CARTESIAN_POINT('Ctrl Pts',(41.7371266576001,20.0539715708127,60.));
#13199=CARTESIAN_POINT('Ctrl Pts',(41.7371266576001,20.0539715708127,61.));
#13200=CARTESIAN_POINT('Ctrl Pts',(41.7808253192623,19.9806983116008,60.));
#13201=CARTESIAN_POINT('Ctrl Pts',(41.7808253192623,19.9806983116008,61.));
#13202=CARTESIAN_POINT('',(41.4719242340087,20.5422475425032,61.));
#13203=CARTESIAN_POINT('Ctrl Pts',(41.4719242340087,20.5422475425032,61.));
#13204=CARTESIAN_POINT('Ctrl Pts',(41.5303727597686,20.4278820405058,61.));
#13205=CARTESIAN_POINT('Ctrl Pts',(41.6276517563412,20.2375374401554,61.));
#13206=CARTESIAN_POINT('Ctrl Pts',(41.7371266576001,20.0539715708127,61.));
#13207=CARTESIAN_POINT('Ctrl Pts',(41.7808253192623,19.9806983116008,61.));
#13208=CARTESIAN_POINT('',(41.4719242340087,20.5422475425032,60.));
#13209=CARTESIAN_POINT('Origin',(41.7311211941298,20.5447123419279,60.));
#13210=CARTESIAN_POINT('',(41.4719242340087,20.5422475425032,61.));
#13211=CARTESIAN_POINT('Origin',(40.1359383502359,19.3173773811518,61.));
#13212=CARTESIAN_POINT('Origin',(-25.,0.,0.));
#13213=CARTESIAN_POINT('',(-25.,1.00000007450581,28.0000004172325));
#13214=CARTESIAN_POINT('',(-25.,1.,15.));
#13215=CARTESIAN_POINT('',(-25.,35.,0.));
#13216=CARTESIAN_POINT('',(-25.,35.,15.));
#13217=CARTESIAN_POINT('',(-25.,1.,0.));
#13218=CARTESIAN_POINT('',(-25.,0.,0.));
#13219=CARTESIAN_POINT('',(-25.,1.00000007450581,18.0000002682209));
#13220=CARTESIAN_POINT('',(-25.,1.,15.));
#13221=CARTESIAN_POINT('',(-25.,5.50000008195639,18.0000002682209));
#13222=CARTESIAN_POINT('',(-25.,1.00000001490116,18.0000002682209));
#13223=CARTESIAN_POINT('',(-25.,5.50000008195639,28.0000004172325));
#13224=CARTESIAN_POINT('',(-25.,5.50000008195639,9.00000013411045));
#13225=CARTESIAN_POINT('',(-25.,2.5000000372529,28.0000004172325));
#13226=CARTESIAN_POINT('',(-25.,2.51876299915193,12.5234325686049));
#13227=CARTESIAN_POINT('',(-25.,2.51876299915193,2.52343256860492));
#13228=CARTESIAN_POINT('',(-25.,2.51876299915193,6.26171628430246));
#13229=CARTESIAN_POINT('',(-25.,7.51876299915193,2.52343256860492));
#13230=CARTESIAN_POINT('',(-25.,1.25938149957596,2.52343256860492));
#13231=CARTESIAN_POINT('',(-25.,7.51876299915193,12.5234325686049));
#13232=CARTESIAN_POINT('',(-25.,7.51876299915193,1.26171628430246));
#13233=CARTESIAN_POINT('',(-25.,3.75938149957596,12.5234325686049));
#13234=CARTESIAN_POINT('Origin',(55.,35.,30.));
#13235=CARTESIAN_POINT('',(110.,35.,0.));
#13236=CARTESIAN_POINT('',(110.,35.,0.));
#13237=CARTESIAN_POINT('',(0.,35.,0.));
#13238=CARTESIAN_POINT('',(-9.62141841650011,35.,39.233970195055));
#13239=CARTESIAN_POINT('',(-13.6214181780815,35.,39.233970195055));
#13240=CARTESIAN_POINT('',(20.6892909109592,35.,39.233970195055));
#13241=CARTESIAN_POINT('',(-13.6214181780815,35.,38.4372444450855));
#13242=CARTESIAN_POINT('',(-13.6214181780815,35.,34.2186222225428));
#13243=CARTESIAN_POINT('',(-10.7892212271691,35.,37.4904502928257));
#13244=CARTESIAN_POINT('',(19.9249637152947,35.,27.2227989963357));
#13245=CARTESIAN_POINT('',(-10.197134912014,35.,37.2994543612003));
#13246=CARTESIAN_POINT('Ctrl Pts',(-10.7892212271691,35.,37.4904502928257));
#13247=CARTESIAN_POINT('Ctrl Pts',(-10.6740563205442,35.,37.4523499660792));
#13248=CARTESIAN_POINT('Ctrl Pts',(-10.4771675815517,35.,37.3872127163026));
#13249=CARTESIAN_POINT('Ctrl Pts',(-10.2792752936595,35.,37.3251960176741));
#13250=CARTESIAN_POINT('Ctrl Pts',(-10.197134912014,35.,37.2994543612003));
#13251=CARTESIAN_POINT('',(-10.838335454464,35.,37.0866306126118));
#13252=CARTESIAN_POINT('Ctrl Pts',(-10.197134912014,35.,37.2994543612003));
#13253=CARTESIAN_POINT('Ctrl Pts',(-10.2870247765924,35.,37.2705799301661));
#13254=CARTESIAN_POINT('Ctrl Pts',(-10.5014418229275,35.,37.2017048657078));
#13255=CARTESIAN_POINT('Ctrl Pts',(-10.7145616562695,35.,37.1289085782567));
#13256=CARTESIAN_POINT('Ctrl Pts',(-10.838335454464,35.,37.0866306126118));
#13257=CARTESIAN_POINT('',(-13.6214181780815,35.,36.1289225518703));
#13258=CARTESIAN_POINT('',(16.1136213299256,35.,46.361276330513));
#13259=CARTESIAN_POINT('',(-13.6214181780815,35.,35.4167805612087));
#13260=CARTESIAN_POINT('',(-13.6214181780815,35.,32.7083902806044));
#13261=CARTESIAN_POINT('',(-9.62141841650011,35.,35.4167805612087));
#13262=CARTESIAN_POINT('',(22.6892907917499,35.,35.4167805612087));
#13263=CARTESIAN_POINT('',(-9.62141841650011,35.,35.9270124137402));
#13264=CARTESIAN_POINT('',(-9.62141841650011,35.,32.9635062068701));
#13265=CARTESIAN_POINT('',(-12.9693040251732,35.,35.9270124137402));
#13266=CARTESIAN_POINT('',(21.0153479874134,35.,35.9270124137402));
#13267=CARTESIAN_POINT('',(-9.62141841650011,35.,37.0893593132496));
#13268=CARTESIAN_POINT('',(18.1152482986583,35.,46.7192070223739));
#13269=CARTESIAN_POINT('',(-9.62141841650011,35.,37.5668485462666));
#13270=CARTESIAN_POINT('',(-9.62141841650011,35.,33.7834242731333));
#13271=CARTESIAN_POINT('',(-13.0266031622887,35.,38.7237383425236));
#13272=CARTESIAN_POINT('',(18.7955235052169,35.,27.9123737954555));
#13273=CARTESIAN_POINT('',(-9.62141841650011,35.,38.7237383425236));
#13274=CARTESIAN_POINT('',(22.6892907917499,35.,38.7237383425236));
#13275=CARTESIAN_POINT('',(-9.62141841650011,35.,34.6169850975275));
#13276=CARTESIAN_POINT('',(-9.6214184165001,35.,22.1671219170094));
#13277=CARTESIAN_POINT('',(-13.6214181780815,35.,22.1671219170094));
#13278=CARTESIAN_POINT('',(20.6892909109592,35.,22.1671219170094));
#13279=CARTESIAN_POINT('',(-13.6214181780815,35.,21.6377909481525));
#13280=CARTESIAN_POINT('',(-13.6214181780815,35.,25.8188954740763));
#13281=CARTESIAN_POINT('',(-10.0934514403343,35.,21.6377909481525));
#13282=CARTESIAN_POINT('',(22.4532742798328,35.,21.6377909481525));
#13283=CARTESIAN_POINT('',(-10.0934514403343,35.,19.6678037941456));
#13284=CARTESIAN_POINT('',(-10.0934514403343,35.,24.8339018970728));
#13285=CARTESIAN_POINT('',(-9.6214184165001,35.,19.6678037941456));
#13286=CARTESIAN_POINT('',(22.68929079175,35.,19.6678037941456));
#13287=CARTESIAN_POINT('',(-9.6214184165001,35.,26.0835609585047));
#13288=CARTESIAN_POINT('',(-3.37858051061631,35.,13.2830829918385));
#13289=CARTESIAN_POINT('',(-7.37858146429062,35.,13.2830829918385));
#13290=CARTESIAN_POINT('',(23.8107092678547,35.,13.2830829918385));
#13291=CARTESIAN_POINT('',(-7.37858146429062,35.,11.5095491707325));
#13292=CARTESIAN_POINT('',(-7.37858146429062,35.,20.7547745853662));
#13293=CARTESIAN_POINT('',(-7.27080434560776,35.,10.6964547932148));
#13294=CARTESIAN_POINT('Ctrl Pts',(-7.37858146429062,35.,11.5095491707325));
#13295=CARTESIAN_POINT('Ctrl Pts',(-7.37736592273903,35.,11.3515297929821));
#13296=CARTESIAN_POINT('Ctrl Pts',(-7.37524321452586,35.,11.0755795134113));
#13297=CARTESIAN_POINT('Ctrl Pts',(-7.30207410557221,35.,10.8099675028022));
#13298=CARTESIAN_POINT('Ctrl Pts',(-7.27080434560776,35.,10.6964547932148));
#13299=CARTESIAN_POINT('',(-6.89017623662949,35.,10.2517040073872));
#13300=CARTESIAN_POINT('Ctrl Pts',(-7.27080434560776,35.,10.6964547932148));
#13301=CARTESIAN_POINT('Ctrl Pts',(-7.22718348354881,35.,10.6078526106149));
#13302=CARTESIAN_POINT('Ctrl Pts',(-7.13829307794269,35.,10.4272994629433));
#13303=CARTESIAN_POINT('Ctrl Pts',(-6.97389821344524,35.,10.3109551190055));
#13304=CARTESIAN_POINT('Ctrl Pts',(-6.89017623662949,35.,10.2517040073872));
#13305=CARTESIAN_POINT('',(-6.28717511892319,35.,10.0852639973164));
#13306=CARTESIAN_POINT('Ctrl Pts',(-6.89017623662949,35.,10.2517040073872));
#13307=CARTESIAN_POINT('Ctrl Pts',(-6.79637414440315,35.,10.2031594248813));
#13308=CARTESIAN_POINT('Ctrl Pts',(-6.60714579865054,35.,10.1052297217712));
#13309=CARTESIAN_POINT('Ctrl Pts',(-6.39444056723138,35.,10.0919572117892));
#13310=CARTESIAN_POINT('Ctrl Pts',(-6.28717511892319,35.,10.0852639973164));
#13311=CARTESIAN_POINT('',(-5.56957572698594,35.,10.3608472645283));
#13312=CARTESIAN_POINT('Ctrl Pts',(-6.28717511892319,35.,10.0852639973164));
#13313=CARTESIAN_POINT('Ctrl Pts',(-6.15168401815741,35.,10.0959803527787));
#13314=CARTESIAN_POINT('Ctrl Pts',(-5.8850425690073,35.,10.1170697419262));
#13315=CARTESIAN_POINT('Ctrl Pts',(-5.67358387016848,35.,10.2804748003003));
#13316=CARTESIAN_POINT('Ctrl Pts',(-5.56957572698594,35.,10.3608472645283));
#13317=CARTESIAN_POINT('',(-5.19849866628647,35.,11.2121398746967));
#13318=CARTESIAN_POINT('Ctrl Pts',(-5.56957572698594,35.,10.3608472645283));
#13319=CARTESIAN_POINT('Ctrl Pts',(-5.48021149031289,35.,10.4732544083224));
#13320=CARTESIAN_POINT('Ctrl Pts',(-5.28174462330469,35.,10.722896709188));
#13321=CARTESIAN_POINT('Ctrl Pts',(-5.22802809932162,35.,11.0385930285642));
#13322=CARTESIAN_POINT('Ctrl Pts',(-5.19849866628647,35.,11.2121398746967));
#13323=CARTESIAN_POINT('',(-4.99931663274765,35.,10.8929069340229));
#13324=CARTESIAN_POINT('Ctrl Pts',(-5.19849866628647,35.,11.2121398746967));
#13325=CARTESIAN_POINT('Ctrl Pts',(-5.16734048984756,35.,11.1490821175491));
#13326=CARTESIAN_POINT('Ctrl Pts',(-5.11146129364486,35.,11.0359940878095));
#13327=CARTESIAN_POINT('Ctrl Pts',(-5.03371269912539,35.,10.9367934213516));
#13328=CARTESIAN_POINT('Ctrl Pts',(-4.99931663274765,35.,10.8929069340229));
#13329=CARTESIAN_POINT('',(-4.46725696325303,35.,10.4536159336567));
#13330=CARTESIAN_POINT('Ctrl Pts',(-4.99931663274765,35.,10.8929069340229));
#13331=CARTESIAN_POINT('Ctrl Pts',(-4.92160445559378,35.,10.8151212373903));
#13332=CARTESIAN_POINT('Ctrl Pts',(-4.75835320274839,35.,10.6517155409627));
#13333=CARTESIAN_POINT('Ctrl Pts',(-4.56734165468835,35.,10.5217265286443));
#13334=CARTESIAN_POINT('Ctrl Pts',(-4.46725696325303,35.,10.4536159336567));
#13335=CARTESIAN_POINT('',(-3.37858051061631,35.,9.75784376263619));
#13336=CARTESIAN_POINT('',(12.7533057811855,35.,-0.552030691540388));
#13337=CARTESIAN_POINT('',(-3.37858051061631,35.,10.4236038029194));
#13338=CARTESIAN_POINT('',(-3.3785805106163,35.,20.2118019014597));
#13339=CARTESIAN_POINT('',(-4.21077817678452,35.,10.9529311954975));
#13340=CARTESIAN_POINT('',(12.5543672363527,35.,0.289297940444304));
#13341=CARTESIAN_POINT('',(-4.76193755865097,35.,11.334925442934));
#13342=CARTESIAN_POINT('Ctrl Pts',(-4.21077817678452,35.,10.9529311954975));
#13343=CARTESIAN_POINT('Ctrl Pts',(-4.31765154205715,35.,11.022104758871));
#13344=CARTESIAN_POINT('Ctrl Pts',(-4.50541763310104,35.,11.1436359707411));
#13345=CARTESIAN_POINT('Ctrl Pts',(-4.68469983297956,35.,11.2773284989719));
#13346=CARTESIAN_POINT('Ctrl Pts',(-4.76193755865097,35.,11.334925442934));
#13347=CARTESIAN_POINT('',(-5.02933114767075,35.,11.6036839783192));
#13348=CARTESIAN_POINT('Ctrl Pts',(-4.76193755865097,35.,11.334925442934));
#13349=CARTESIAN_POINT('Ctrl Pts',(-4.81836892489715,35.,11.3800777606663));
#13350=CARTESIAN_POINT('Ctrl Pts',(-4.91779920473407,35.,11.4596347142905));
#13351=CARTESIAN_POINT('Ctrl Pts',(-4.99566001423575,35.,11.5601959706452));
#13352=CARTESIAN_POINT('Ctrl Pts',(-5.02933114767075,35.,11.6036839783192));
#13353=CARTESIAN_POINT('',(-5.13574212789536,35.,11.845156699419));
#13354=CARTESIAN_POINT('Ctrl Pts',(-5.02933114767075,35.,11.6036839783192));
#13355=CARTESIAN_POINT('Ctrl Pts',(-5.05271256493511,35.,11.6428083885343));
#13356=CARTESIAN_POINT('Ctrl Pts',(-5.09819529437876,35.,11.7189151935385));
#13357=CARTESIAN_POINT('Ctrl Pts',(-5.12346357412783,35.,11.8038732416019));
#13358=CARTESIAN_POINT('Ctrl Pts',(-5.13574212789536,35.,11.845156699419));
#13359=CARTESIAN_POINT('',(-5.15484184026719,35.,12.1398349106312));
#13360=CARTESIAN_POINT('Ctrl Pts',(-5.13574212789536,35.,11.845156699419));
#13361=CARTESIAN_POINT('Ctrl Pts',(-5.14126379489421,35.,11.8846651892984));
#13362=CARTESIAN_POINT('Ctrl Pts',(-5.15491667077741,35.,11.9823538961271));
#13363=CARTESIAN_POINT('Ctrl Pts',(-5.15486977178306,35.,12.0810529586733));
#13364=CARTESIAN_POINT('Ctrl Pts',(-5.15484184026719,35.,12.1398349106312));
#13365=CARTESIAN_POINT('',(-5.15484184026719,35.,12.7537508308887));
#13366=CARTESIAN_POINT('',(-5.15484184026718,35.,21.3768754154444));
#13367=CARTESIAN_POINT('',(-3.37858051061631,35.,12.7537508308887));
#13368=CARTESIAN_POINT('',(25.8107097446918,35.,12.7537508308887));
#13369=CARTESIAN_POINT('',(-3.3785805106163,35.,21.6415414959192));
#13370=CARTESIAN_POINT('',(-4.94747489690782,35.,26.737381964922));
#13371=CARTESIAN_POINT('',(-5.41678041219713,35.,26.737381964922));
#13372=CARTESIAN_POINT('',(24.7916097939014,35.,26.737381964922));
#13373=CARTESIAN_POINT('',(-5.41950792074205,35.,25.0429745018482));
#13374=CARTESIAN_POINT('',(-5.41543996008953,35.,27.5701097153932));
#13375=CARTESIAN_POINT('',(-3.9351972937584,35.,25.0429745018482));
#13376=CARTESIAN_POINT('',(25.5324013531208,35.,25.0429745018482));
#13377=CARTESIAN_POINT('',(-3.46725791692735,35.,25.8478863537312));
#13378=CARTESIAN_POINT('Ctrl Pts',(-3.9351972937584,35.,25.0429745018482));
#13379=CARTESIAN_POINT('Ctrl Pts',(-3.83878287342158,35.,25.1718551206744));
#13380=CARTESIAN_POINT('Ctrl Pts',(-3.65157503804581,35.,25.4221025586411));
#13381=CARTESIAN_POINT('Ctrl Pts',(-3.52745469968112,35.,25.7088281129254));
#13382=CARTESIAN_POINT('Ctrl Pts',(-3.46725791692735,35.,25.8478863537312));
#13383=CARTESIAN_POINT('',(-3.31036657094957,35.,26.6991825401783));
#13384=CARTESIAN_POINT('Ctrl Pts',(-3.46725791692735,35.,25.8478863537312));
#13385=CARTESIAN_POINT('Ctrl Pts',(-3.421497851474,35.,25.9867478280104));
#13386=CARTESIAN_POINT('Ctrl Pts',(-3.33034169312524,35.,26.2633662815141));
#13387=CARTESIAN_POINT('Ctrl Pts',(-3.3170071974762,35.,26.5542976687581));
#13388=CARTESIAN_POINT('Ctrl Pts',(-3.31036657094957,35.,26.6991825401783));
#13389=CARTESIAN_POINT('',(-3.56275409460069,35.,27.7701242268086));
#13390=CARTESIAN_POINT('Ctrl Pts',(-3.31036657094957,35.,26.6991825401783));
#13391=CARTESIAN_POINT('Ctrl Pts',(-3.319969252685,35.,26.8893790262935));
#13392=CARTESIAN_POINT('Ctrl Pts',(-3.33877878126132,35.,27.2619318546875));
#13393=CARTESIAN_POINT('Ctrl Pts',(-3.48915048330736,35.,27.6031201348747));
#13394=CARTESIAN_POINT('Ctrl Pts',(-3.56275409460069,35.,27.7701242268086));
#13395=CARTESIAN_POINT('',(-4.29263204336168,35.,28.4972722828388));
#13396=CARTESIAN_POINT('Ctrl Pts',(-3.56275409460069,35.,27.7701242268086));
#13397=CARTESIAN_POINT('Ctrl Pts',(-3.65599348172625,35.,27.9206786164712));
#13398=CARTESIAN_POINT('Ctrl Pts',(-3.84184689172695,35.,28.2207776151023));
#13399=CARTESIAN_POINT('Ctrl Pts',(-4.14270777425017,35.,28.4053143715738));
#13400=CARTESIAN_POINT('Ctrl Pts',(-4.29263204336168,35.,28.4972722828388));
#13401=CARTESIAN_POINT('',(-5.35948127508165,35.,28.7428386509419));
#13402=CARTESIAN_POINT('Ctrl Pts',(-4.29263204336168,35.,28.4972722828388));
#13403=CARTESIAN_POINT('Ctrl Pts',(-4.45873362558458,35.,28.5688840292122));
#13404=CARTESIAN_POINT('Ctrl Pts',(-4.79920332277419,35.,28.7156714906962));
#13405=CARTESIAN_POINT('Ctrl Pts',(-5.16972324236824,35.,28.7336375269972));
#13406=CARTESIAN_POINT('Ctrl Pts',(-5.35948127508165,35.,28.7428386509419));
#13407=CARTESIAN_POINT('',(-6.44952148199083,35.,28.4986372292042));
#13408=CARTESIAN_POINT('Ctrl Pts',(-5.35948127508165,35.,28.7428386509419));
#13409=CARTESIAN_POINT('Ctrl Pts',(-5.55001900329032,35.,28.7330742342593));
#13410=CARTESIAN_POINT('Ctrl Pts',(-5.92734394297414,35.,28.7137376022421));
#13411=CARTESIAN_POINT('Ctrl Pts',(-6.27661954004986,35.,28.5698606531004));
#13412=CARTESIAN_POINT('Ctrl Pts',(-6.44952148199083,35.,28.4986372292042));
#13413=CARTESIAN_POINT('',(-7.20122665166856,35.,27.7960450947285));
#13414=CARTESIAN_POINT('Ctrl Pts',(-6.44952148199083,35.,28.4986372292042));
#13415=CARTESIAN_POINT('Ctrl Pts',(-6.60647636717996,35.,28.4099675066157));
#13416=CARTESIAN_POINT('Ctrl Pts',(-6.91396458942396,35.,28.2362558356934));
#13417=CARTESIAN_POINT('Ctrl Pts',(-7.10681512024384,35.,27.9407247293428));
#13418=CARTESIAN_POINT('Ctrl Pts',(-7.20122665166856,35.,27.7960450947285));
#13419=CARTESIAN_POINT('',(-7.44679301977159,35.,26.7401106655598));
#13420=CARTESIAN_POINT('Ctrl Pts',(-7.20122665166856,35.,27.7960450947285));
#13421=CARTESIAN_POINT('Ctrl Pts',(-7.27282475282332,35.,27.6340744826493));
#13422=CARTESIAN_POINT('Ctrl Pts',(-7.42141307824187,35.,27.2979350930888));
#13423=CARTESIAN_POINT('Ctrl Pts',(-7.43813081588329,35.,26.9304967986197));
#13424=CARTESIAN_POINT('Ctrl Pts',(-7.44679301977159,35.,26.7401106655598));
#13425=CARTESIAN_POINT('',(-7.3062762618065,35.,25.9556622803211));
#13426=CARTESIAN_POINT('Ctrl Pts',(-7.44679301977159,35.,26.7401106655598));
#13427=CARTESIAN_POINT('Ctrl Pts',(-7.4418151303452,35.,26.6012045631455));
#13428=CARTESIAN_POINT('Ctrl Pts',(-7.43220087870303,35.,26.332922544633));
#13429=CARTESIAN_POINT('Ctrl Pts',(-7.34724517315556,35.,26.0784019217433));
#13430=CARTESIAN_POINT('Ctrl Pts',(-7.3062762618065,35.,25.9556622803211));
#13431=CARTESIAN_POINT('',(-6.91473335027696,35.,25.4058666527271));
#13432=CARTESIAN_POINT('Ctrl Pts',(-7.3062762618065,35.,25.9556622803211));
#13433=CARTESIAN_POINT('Ctrl Pts',(-7.25678203264723,35.,25.846686397076));
#13434=CARTESIAN_POINT('Ctrl Pts',(-7.16188703834852,35.,25.6377475774417));
#13435=CARTESIAN_POINT('Ctrl Pts',(-6.99471414649218,35.,25.4809050676118));
#13436=CARTESIAN_POINT('Ctrl Pts',(-6.91473335027696,35.,25.4058666527271));
#13437=CARTESIAN_POINT('',(-6.25989049673081,35.,25.1030023396015));
#13438=CARTESIAN_POINT('Ctrl Pts',(-6.91473335027696,35.,25.4058666527271));
#13439=CARTESIAN_POINT('Ctrl Pts',(-6.82066486780983,35.,25.3424659913381));
#13440=CARTESIAN_POINT('Ctrl Pts',(-6.61889145649399,35.,25.2064739205336));
#13441=CARTESIAN_POINT('Ctrl Pts',(-6.38483033196243,35.,25.1390126117783));
#13442=CARTESIAN_POINT('Ctrl Pts',(-6.25989049673081,35.,25.1030023396015));
#13443=CARTESIAN_POINT('',(-6.12892240285874,35.,25.5804915726185));
#13444=CARTESIAN_POINT('',(-3.42668346509219,35.,35.4324330621472));
#13445=CARTESIAN_POINT('',(-6.60914033651353,35.,25.8042307198048));
#13446=CARTESIAN_POINT('Ctrl Pts',(-6.12892240285874,35.,25.5804915726185));
#13447=CARTESIAN_POINT('Ctrl Pts',(-6.22192505299931,35.,25.6098342667314));
#13448=CARTESIAN_POINT('Ctrl Pts',(-6.39196661365951,35.,25.6634830336578));
#13449=CARTESIAN_POINT('Ctrl Pts',(-6.54142625566256,35.,25.7603460358103));
#13450=CARTESIAN_POINT('Ctrl Pts',(-6.60914033651353,35.,25.8042307198048));
#13451=CARTESIAN_POINT('',(-6.88881248235704,35.,26.1862225830555));
#13452=CARTESIAN_POINT('Ctrl Pts',(-6.60914033651353,35.,25.8042307198048));
#13453=CARTESIAN_POINT('Ctrl Pts',(-6.66527280968753,35.,25.8555805677352));
#13454=CARTESIAN_POINT('Ctrl Pts',(-6.78386241789972,35.,25.9640660486609));
#13455=CARTESIAN_POINT('Ctrl Pts',(-6.85260702386385,35.,26.1095834763851));
#13456=CARTESIAN_POINT('Ctrl Pts',(-6.88881248235704,35.,26.1862225830555));
#13457=CARTESIAN_POINT('',(-6.99385970830919,35.,26.737381964922));
#13458=CARTESIAN_POINT('Ctrl Pts',(-6.88881248235704,35.,26.1862225830555));
#13459=CARTESIAN_POINT('Ctrl Pts',(-6.91944363833693,35.,26.2726883554638));
#13460=CARTESIAN_POINT('Ctrl Pts',(-6.9825966647936,35.,26.4509570181313));
#13461=CARTESIAN_POINT('Ctrl Pts',(-6.9900311675516,35.,26.6400202188485));
#13462=CARTESIAN_POINT('Ctrl Pts',(-6.99385970830919,35.,26.737381964922));
#13463=CARTESIAN_POINT('',(-6.8833550810814,35.,27.3649401962757));
#13464=CARTESIAN_POINT('Ctrl Pts',(-6.99385970830919,35.,26.737381964922));
#13465=CARTESIAN_POINT('Ctrl Pts',(-6.99047267421505,35.,26.851221497028));
#13466=CARTESIAN_POINT('Ctrl Pts',(-6.98408372809182,35.,27.0659564589754));
#13467=CARTESIAN_POINT('Ctrl Pts',(-6.91555432551999,35.,27.2693660897407));
#13468=CARTESIAN_POINT('Ctrl Pts',(-6.8833550810814,35.,27.3649401962757));
#13469=CARTESIAN_POINT('',(-6.59276813268663,35.,27.7919514477253));
#13470=CARTESIAN_POINT('Ctrl Pts',(-6.8833550810814,35.,27.3649401962757));
#13471=CARTESIAN_POINT('Ctrl Pts',(-6.8450320882731,35.,27.4475991357237));
#13472=CARTESIAN_POINT('Ctrl Pts',(-6.77157796578375,35.,27.606032478689));
#13473=CARTESIAN_POINT('Ctrl Pts',(-6.65061937223549,35.,27.7318001538725));
#13474=CARTESIAN_POINT('Ctrl Pts',(-6.59276813268663,35.,27.7919514477253));
#13475=CARTESIAN_POINT('',(-6.1971339583397,35.,28.0443389713764));
#13476=CARTESIAN_POINT('Ctrl Pts',(-6.59276813268663,35.,27.7919514477253));
#13477=CARTESIAN_POINT('Ctrl Pts',(-6.5316107391367,35.,27.8429086042024));
#13478=CARTESIAN_POINT('Ctrl Pts',(-6.41044725315,35.,27.9438636377046));
#13479=CARTESIAN_POINT('Ctrl Pts',(-6.26778653366589,35.,28.0110600279004));
#13480=CARTESIAN_POINT('Ctrl Pts',(-6.1971339583397,35.,28.0443389713764));
#13481=CARTESIAN_POINT('',(-5.39222329854967,35.,28.1971354782581));
#13482=CARTESIAN_POINT('Ctrl Pts',(-6.1971339583397,35.,28.0443389713764));
#13483=CARTESIAN_POINT('Ctrl Pts',(-6.06943215617939,35.,28.0888996069851));
#13484=CARTESIAN_POINT('Ctrl Pts',(-5.80880608676352,35.,28.1798432202537));
#13485=CARTESIAN_POINT('Ctrl Pts',(-5.53292693088028,35.,28.1912949020719));
#13486=CARTESIAN_POINT('Ctrl Pts',(-5.39222329854967,35.,28.1971354782581));
#13487=CARTESIAN_POINT('',(-4.49727147817613,35.,28.0129618942738));
#13488=CARTESIAN_POINT('Ctrl Pts',(-5.39222329854967,35.,28.1971354782581));
#13489=CARTESIAN_POINT('Ctrl Pts',(-5.22633241281473,35.,28.19193925904));
#13490=CARTESIAN_POINT('Ctrl Pts',(-4.91691312941126,35.,28.1822472833793));
#13491=CARTESIAN_POINT('Ctrl Pts',(-4.63024598343071,35.,28.0666044266508));
#13492=CARTESIAN_POINT('Ctrl Pts',(-4.49727147817613,35.,28.0129618942738));
#13493=CARTESIAN_POINT('',(-3.96248191595079,35.,27.476808577776));
#13494=CARTESIAN_POINT('Ctrl Pts',(-4.49727147817613,35.,28.0129618942738));
#13495=CARTESIAN_POINT('Ctrl Pts',(-4.38518039512618,35.,27.9450458653407));
#13496=CARTESIAN_POINT('Ctrl Pts',(-4.16274604545824,35.,27.8102728101012));
#13497=CARTESIAN_POINT('Ctrl Pts',(-4.02888601633137,35.,27.5873795143242));
#13498=CARTESIAN_POINT('Ctrl Pts',(-3.96248191595079,35.,27.476808577776));
#13499=CARTESIAN_POINT('',(-3.78785699605943,35.,26.7291958630085));
#13500=CARTESIAN_POINT('Ctrl Pts',(-3.96248191595079,35.,27.476808577776));
#13501=CARTESIAN_POINT('Ctrl Pts',(-3.91154880133199,35.,27.3575456122676));
#13502=CARTESIAN_POINT('Ctrl Pts',(-3.80949962366966,35.,27.1185912964596));
#13503=CARTESIAN_POINT('Ctrl Pts',(-3.79507982228459,35.,26.8591493787894));
#13504=CARTESIAN_POINT('Ctrl Pts',(-3.78785699605943,35.,26.7291958630085));
#13505=CARTESIAN_POINT('',(-3.92019122838975,35.,26.0579819977283));
#13506=CARTESIAN_POINT('Ctrl Pts',(-3.78785699605943,35.,26.7291958630085));
#13507=CARTESIAN_POINT('Ctrl Pts',(-3.79352132405754,35.,26.6149088588895));
#13508=CARTESIAN_POINT('Ctrl Pts',(-3.80492873249523,35.,26.3847458924197));
#13509=CARTESIAN_POINT('Ctrl Pts',(-3.88159397379687,35.,26.1674034460258));
#13510=CARTESIAN_POINT('Ctrl Pts',(-3.92019122838975,35.,26.0579819977283));
#13511=CARTESIAN_POINT('',(-4.20259088277818,35.,25.5613918602467));
#13512=CARTESIAN_POINT('Ctrl Pts',(-3.92019122838975,35.,26.0579819977283));
#13513=CARTESIAN_POINT('Ctrl Pts',(-3.96155425284325,35.,25.9595743435702));
#13514=CARTESIAN_POINT('Ctrl Pts',(-4.0359506313215,35.,25.7825763319248));
#13515=CARTESIAN_POINT('Ctrl Pts',(-4.15135100446061,35.,25.6294034319735));
#13516=CARTESIAN_POINT('Ctrl Pts',(-4.20259088277818,35.,25.5613918602467));
#13517=CARTESIAN_POINT('',(-4.94747489690782,35.,25.5613918602467));
#13518=CARTESIAN_POINT('',(25.0262625515461,35.,25.5613918602467));
#13519=CARTESIAN_POINT('',(-4.94747489690782,35.,28.368690982461));
#13520=CARTESIAN_POINT('',(-5.32673925161363,35.,17.7987714111805));
#13521=CARTESIAN_POINT('',(-6.88608497381211,35.,17.2639818489552));
#13522=CARTESIAN_POINT('Ctrl Pts',(-5.32673925161363,35.,17.7987714111805));
#13523=CARTESIAN_POINT('Ctrl Pts',(-5.63309004326513,35.,17.7833000164329));
#13524=CARTESIAN_POINT('Ctrl Pts',(-6.20635146409989,35.,17.7543490426571));
#13525=CARTESIAN_POINT('Ctrl Pts',(-6.67014337143395,35.,17.4197644844273));
#13526=CARTESIAN_POINT('Ctrl Pts',(-6.88608497381211,35.,17.2639818489552));
#13527=CARTESIAN_POINT('',(-7.4495229125023,35.,15.8833546936512));
#13528=CARTESIAN_POINT('Ctrl Pts',(-6.88608497381211,35.,17.2639818489552));
#13529=CARTESIAN_POINT('Ctrl Pts',(-7.05039416995504,35.,17.0695101045983));
#13530=CARTESIAN_POINT('Ctrl Pts',(-7.38711944256821,35.,16.670971540286));
#13531=CARTESIAN_POINT('Ctrl Pts',(-7.42839054628703,35.,16.1500739587494));
#13532=CARTESIAN_POINT('Ctrl Pts',(-7.4495229125023,35.,15.8833546936512));
#13533=CARTESIAN_POINT('',(-7.18485683202744,35.,14.884719401598));
#13534=CARTESIAN_POINT('Ctrl Pts',(-7.4495229125023,35.,15.8833546936512));
#13535=CARTESIAN_POINT('Ctrl Pts',(-7.43930684100055,35.,15.7046516876206));
#13536=CARTESIAN_POINT('Ctrl Pts',(-7.41923408919891,35.,15.353532269002));
#13537=CARTESIAN_POINT('Ctrl Pts',(-7.26204445408682,35.,15.0391138631702));
#13538=CARTESIAN_POINT('Ctrl Pts',(-7.18485683202744,35.,14.884719401598));
#13539=CARTESIAN_POINT('',(-6.4467939734459,35.,14.2066831886768));
#13540=CARTESIAN_POINT('Ctrl Pts',(-7.18485683202744,35.,14.884719401598));
#13541=CARTESIAN_POINT('Ctrl Pts',(-7.08753115169441,35.,14.7450808584355));
#13542=CARTESIAN_POINT('Ctrl Pts',(-6.89186220944683,35.,14.4643437914651));
#13543=CARTESIAN_POINT('Ctrl Pts',(-6.59566351519714,35.,14.2928673122825));
#13544=CARTESIAN_POINT('Ctrl Pts',(-6.4467939734459,35.,14.2066831886768));
#13545=CARTESIAN_POINT('',(-5.37312358617783,35.,13.9733953773975));
#13546=CARTESIAN_POINT('Ctrl Pts',(-6.4467939734459,35.,14.2066831886768));
#13547=CARTESIAN_POINT('Ctrl Pts',(-6.28056891619662,35.,14.1386619340396));
#13548=CARTESIAN_POINT('Ctrl Pts',(-5.93662053074882,35.,13.99791419663));
#13549=CARTESIAN_POINT('Ctrl Pts',(-5.56509595078786,35.,13.9817484585471));
#13550=CARTESIAN_POINT('Ctrl Pts',(-5.37312358617783,35.,13.9733953773975));
#13551=CARTESIAN_POINT('',(-4.28444713354111,35.,14.2189617455006));
#13552=CARTESIAN_POINT('Ctrl Pts',(-5.37312358617783,35.,13.9733953773975));
#13553=CARTESIAN_POINT('Ctrl Pts',(-5.17833310699916,35.,13.9822803228266));
#13554=CARTESIAN_POINT('Ctrl Pts',(-4.80060739426705,35.,13.9995094623561));
#13555=CARTESIAN_POINT('Ctrl Pts',(-4.45286246275652,35.,14.1473577664169));
#13556=CARTESIAN_POINT('Ctrl Pts',(-4.28444713354111,35.,14.2189617455006));
#13557=CARTESIAN_POINT('',(-3.55729907751084,35.,14.9147339165211));
#13558=CARTESIAN_POINT('Ctrl Pts',(-4.28444713354111,35.,14.2189617455006));
#13559=CARTESIAN_POINT('Ctrl Pts',(-4.13465353849877,35.,14.3083343622098));
#13560=CARTESIAN_POINT('Ctrl Pts',(-3.83895283220305,35.,14.4847607700073));
#13561=CARTESIAN_POINT('Ctrl Pts',(-3.65035740684225,35.,14.7726708976358));
#13562=CARTESIAN_POINT('Ctrl Pts',(-3.55729907751084,35.,14.9147339165211));
#13563=CARTESIAN_POINT('',(-3.31036657094956,35.,15.8860845863819));
#13564=CARTESIAN_POINT('Ctrl Pts',(-3.55729907751084,35.,14.9147339165211));
#13565=CARTESIAN_POINT('Ctrl Pts',(-3.48527770331705,35.,15.0680927705457));
#13566=CARTESIAN_POINT('Ctrl Pts',(-3.34067293756326,35.,15.376007211373));
#13567=CARTESIAN_POINT('Ctrl Pts',(-3.32049483439582,35.,15.7156188193066));
#13568=CARTESIAN_POINT('Ctrl Pts',(-3.31036657094956,35.,15.8860845863819));
#13569=CARTESIAN_POINT('',(-3.58321994543076,35.,16.8956346809864));
#13570=CARTESIAN_POINT('Ctrl Pts',(-3.31036657094956,35.,15.8860845863819));
#13571=CARTESIAN_POINT('Ctrl Pts',(-3.32075208731045,35.,16.0677250976215));
#13572=CARTESIAN_POINT('Ctrl Pts',(-3.34109673833907,35.,16.4235487933739));
#13573=CARTESIAN_POINT('Ctrl Pts',(-3.50364778735881,35.,16.7404868398362));
#13574=CARTESIAN_POINT('Ctrl Pts',(-3.58321994543076,35.,16.8956346809864));
#13575=CARTESIAN_POINT('',(-4.3281039595604,35.,17.5695772469044));
#13576=CARTESIAN_POINT('Ctrl Pts',(-3.58321994543076,35.,16.8956346809864));
#13577=CARTESIAN_POINT('Ctrl Pts',(-3.68258682425522,35.,17.0349594542651));
#13578=CARTESIAN_POINT('Ctrl Pts',(-3.88162040010451,35.,17.3140293833814));
#13579=CARTESIAN_POINT('Ctrl Pts',(-4.17912672154626,35.,17.484309124301));
#13580=CARTESIAN_POINT('Ctrl Pts',(-4.3281039595604,35.,17.5695772469044));
#13581=CARTESIAN_POINT('Ctrl Pts',(-4.3281039595604,35.,17.5695772469044));
#13582=CARTESIAN_POINT('Ctrl Pts',(-4.48780291203082,35.,17.63642582639));
#13583=CARTESIAN_POINT('Ctrl Pts',(-4.80749600054041,35.,17.7702465466117));
#13584=CARTESIAN_POINT('Ctrl Pts',(-5.15355165957845,35.,17.7892572719065));
#13585=CARTESIAN_POINT('Ctrl Pts',(-5.32673925161363,35.,17.7987714111805));
#13586=CARTESIAN_POINT('',(-3.37858051061632,35.,30.071624070406));
#13587=CARTESIAN_POINT('',(-7.37858146429063,35.,30.071624070406));
#13588=CARTESIAN_POINT('',(23.8107092678547,35.,30.071624070406));
#13589=CARTESIAN_POINT('',(-7.37858146429063,35.,29.5422931015492));
#13590=CARTESIAN_POINT('',(-7.37858146429064,35.,29.7711465507746));
#13591=CARTESIAN_POINT('',(-3.37858051061632,35.,29.5422931015492));
#13592=CARTESIAN_POINT('',(25.8107097446918,35.,29.5422931015491));
#13593=CARTESIAN_POINT('',(-3.37858051061632,35.,30.035812035203));
#13594=CARTESIAN_POINT('',(-3.37858051061632,35.,41.2421561777592));
#13595=CARTESIAN_POINT('',(-7.37858146429064,35.,41.2421561777592));
#13596=CARTESIAN_POINT('',(23.8107092678547,35.,41.2421561777592));
#13597=CARTESIAN_POINT('',(-7.37858146429064,35.,40.6991823017597));
#13598=CARTESIAN_POINT('',(-7.37858146429064,35.,35.3495911508799));
#13599=CARTESIAN_POINT('',(-4.23806279897692,35.,38.5982270538807));
#13600=CARTESIAN_POINT('',(18.2104297707294,35.,23.5805553577354));
#13601=CARTESIAN_POINT('',(-7.37858146429064,35.,38.5982270538807));
#13602=CARTESIAN_POINT('',(23.8107092678547,35.,38.5982270538807));
#13603=CARTESIAN_POINT('',(-7.37858146429064,35.,38.0907239019871));
#13604=CARTESIAN_POINT('',(-7.37858146429064,35.,34.0453619509935));
#13605=CARTESIAN_POINT('',(-3.37858051061632,35.,38.0907239019871));
#13606=CARTESIAN_POINT('',(25.8107097446918,35.,38.0907239019871));
#13607=CARTESIAN_POINT('',(-3.37858051061632,35.,38.6336977779865));
#13608=CARTESIAN_POINT('',(-3.37858051061632,35.,34.3168488889933));
#13609=CARTESIAN_POINT('',(-6.52182668447496,35.,40.7346530258656));
#13610=CARTESIAN_POINT('',(17.2197675164699,35.,24.865699666652));
#13611=CARTESIAN_POINT('',(-3.37858051061632,35.,40.7346530258656));
#13612=CARTESIAN_POINT('',(25.8107097446918,35.,40.7346530258656));
#13613=CARTESIAN_POINT('',(-3.37858051061632,35.,35.6210780888796));
#13614=CARTESIAN_POINT('',(-11.5695771574974,35.,34.7237382829189));
#13615=CARTESIAN_POINT('',(-13.128921687603,35.,34.1889496147633));
#13616=CARTESIAN_POINT('Ctrl Pts',(-11.5695771574974,35.,34.7237382829189));
#13617=CARTESIAN_POINT('Ctrl Pts',(-11.8759279970001,35.,34.7082673291087));
#13618=CARTESIAN_POINT('Ctrl Pts',(-12.4491891977344,35.,34.6793171960777));
#13619=CARTESIAN_POINT('Ctrl Pts',(-12.9129805005588,35.,34.3447323074774));
#13620=CARTESIAN_POINT('Ctrl Pts',(-13.128921687603,35.,34.1889496147633));
#13621=CARTESIAN_POINT('',(-13.6923596262932,35.,32.8083224594593));
#13622=CARTESIAN_POINT('Ctrl Pts',(-13.128921687603,35.,34.1889496147633));
#13623=CARTESIAN_POINT('Ctrl Pts',(-13.2932314748173,35.,33.9944775420381));
#13624=CARTESIAN_POINT('Ctrl Pts',(-13.6299572681836,35.,33.5959391221046));
#13625=CARTESIAN_POINT('Ctrl Pts',(-13.671227663901,35.,33.0750413175074));
#13626=CARTESIAN_POINT('Ctrl Pts',(-13.6923596262932,35.,32.8083224594593));
#13627=CARTESIAN_POINT('',(-13.4276947379112,35.,31.8096865713596));
#13628=CARTESIAN_POINT('Ctrl Pts',(-13.6923596262932,35.,32.8083224594593));
#13629=CARTESIAN_POINT('Ctrl Pts',(-13.6821429338438,35.,32.6296192784046));
#13630=CARTESIAN_POINT('Ctrl Pts',(-13.662068998916,35.,32.2785001617566));
#13631=CARTESIAN_POINT('Ctrl Pts',(-13.5048812745474,35.,31.9640810736209));
#13632=CARTESIAN_POINT('Ctrl Pts',(-13.4276947379112,35.,31.8096865713596));
#13633=CARTESIAN_POINT('',(-12.6896318793297,35.,31.1316509544849));
#13634=CARTESIAN_POINT('Ctrl Pts',(-13.4276947379112,35.,31.8096865713596));
#13635=CARTESIAN_POINT('Ctrl Pts',(-13.3303689761471,35.,31.6700484591934));
#13636=CARTESIAN_POINT('Ctrl Pts',(-13.1346996633842,35.,31.3893119620129));
#13637=CARTESIAN_POINT('Ctrl Pts',(-12.8385013735385,35.,31.2178352734635));
#13638=CARTESIAN_POINT('Ctrl Pts',(-12.6896318793297,35.,31.1316509544849));
#13639=CARTESIAN_POINT('',(-11.6159614920616,35.,30.8983631432056));
#13640=CARTESIAN_POINT('Ctrl Pts',(-12.6896318793297,35.,31.1316509544849));
#13641=CARTESIAN_POINT('Ctrl Pts',(-12.5234068220804,35.,31.0636296998477));
#13642=CARTESIAN_POINT('Ctrl Pts',(-12.1794584366326,35.,30.9228819624381));
#13643=CARTESIAN_POINT('Ctrl Pts',(-11.8079338566717,35.,30.9067162243552));
#13644=CARTESIAN_POINT('Ctrl Pts',(-11.6159614920616,35.,30.8983631432056));
#13645=CARTESIAN_POINT('',(-10.5272850394249,35.,31.1439295113087));
#13646=CARTESIAN_POINT('Ctrl Pts',(-11.6159614920616,35.,30.8983631432056));
#13647=CARTESIAN_POINT('Ctrl Pts',(-11.421171012883,35.,30.9072480886347));
#13648=CARTESIAN_POINT('Ctrl Pts',(-11.0434453001509,35.,30.9244772281642));
#13649=CARTESIAN_POINT('Ctrl Pts',(-10.6957003686403,35.,31.072325532225));
#13650=CARTESIAN_POINT('Ctrl Pts',(-10.5272850394249,35.,31.1439295113087));
#13651=CARTESIAN_POINT('',(-9.80013698339464,35.,31.8397004902363));
#13652=CARTESIAN_POINT('Ctrl Pts',(-10.5272850394249,35.,31.1439295113087));
#13653=CARTESIAN_POINT('Ctrl Pts',(-10.3774914680984,35.,31.2333020385327));
#13654=CARTESIAN_POINT('Ctrl Pts',(-10.0817909663507,35.,31.4097281755731));
#13655=CARTESIAN_POINT('Ctrl Pts',(-9.89319535402076,35.,31.6976377982873));
#13656=CARTESIAN_POINT('Ctrl Pts',(-9.80013698339464,35.,31.8397004902363));
#13657=CARTESIAN_POINT('',(-9.55320447683336,35.,32.8110505640507));
#13658=CARTESIAN_POINT('Ctrl Pts',(-9.80013698339464,35.,31.8397004902363));
#13659=CARTESIAN_POINT('Ctrl Pts',(-9.72811560897319,35.,31.9930594936339));
#13660=CARTESIAN_POINT('Ctrl Pts',(-9.58351105087896,35.,32.3009737912189));
#13661=CARTESIAN_POINT('Ctrl Pts',(-9.56333279997235,35.,32.6405851603016));
#13662=CARTESIAN_POINT('Ctrl Pts',(-9.55320447683336,35.,32.8110505640507));
#13663=CARTESIAN_POINT('',(-9.82605785131456,35.,33.8206006586552));
#13664=CARTESIAN_POINT('Ctrl Pts',(-9.55320447683336,35.,32.8110505640507));
#13665=CARTESIAN_POINT('Ctrl Pts',(-9.56358996711006,35.,32.9926911828143));
#13666=CARTESIAN_POINT('Ctrl Pts',(-9.58393455630798,35.,33.348514901478));
#13667=CARTESIAN_POINT('Ctrl Pts',(-9.74648569374016,35.,33.6654529176759));
#13668=CARTESIAN_POINT('Ctrl Pts',(-9.82605785131456,35.,33.8206006586552));
#13669=CARTESIAN_POINT('',(-10.5709418654442,35.,34.4945432245731));
#13670=CARTESIAN_POINT('Ctrl Pts',(-9.82605785131456,35.,33.8206006586552));
#13671=CARTESIAN_POINT('Ctrl Pts',(-9.92542466910888,35.,33.9599257000863));
#13672=CARTESIAN_POINT('Ctrl Pts',(-10.1244579672456,35.,34.2389959483303));
#13673=CARTESIAN_POINT('Ctrl Pts',(-10.4219645917094,35.,34.4092753421733));
#13674=CARTESIAN_POINT('Ctrl Pts',(-10.5709418654442,35.,34.4945432245731));
#13675=CARTESIAN_POINT('Ctrl Pts',(-10.5709418654442,35.,34.4945432245731));
#13676=CARTESIAN_POINT('Ctrl Pts',(-10.7306400264466,35.,34.5613917295977));
#13677=CARTESIAN_POINT('Ctrl Pts',(-11.0503329937728,35.,34.6952129132512));
#13678=CARTESIAN_POINT('Ctrl Pts',(-11.3963887337489,35.,34.7142239462066));
#13679=CARTESIAN_POINT('Ctrl Pts',(-11.5695771574974,35.,34.7237382829189));
#13680=CARTESIAN_POINT('',(108.820975908811,35.,57.8422693514285));
#13681=CARTESIAN_POINT('Origin',(108.820975908811,35.,58.8422693514284));
#13682=CARTESIAN_POINT('',(108.620182258406,35.,0.507735919813185));
#13683=CARTESIAN_POINT('Origin',(108.620182258406,35.,1.50773591981318));
#13684=CARTESIAN_POINT('',(2.54956368589467,35.,57.7345612022985));
#13685=CARTESIAN_POINT('Origin',(2.54956368589467,35.,58.7345612022985));
#13686=CARTESIAN_POINT('',(2.44804199478421,35.,0.20810123264809));
#13687=CARTESIAN_POINT('Origin',(2.44804199478421,35.,1.20810123264809));
#13688=CARTESIAN_POINT('',(2.5,35.,2.5));
#13689=CARTESIAN_POINT('',(2.5,35.,15.));
#13690=CARTESIAN_POINT('',(107.5,35.,2.5));
#13691=CARTESIAN_POINT('',(82.5,35.,2.5));
#13692=CARTESIAN_POINT('',(107.5,35.,45.));
#13693=CARTESIAN_POINT('',(-13.6214181780815,35.,23.5559339821339));
#13694=CARTESIAN_POINT('',(-13.6214181780815,35.,23.0266018211842));
#13695=CARTESIAN_POINT('',(-13.6214181780815,35.,26.5133009105921));
#13696=CARTESIAN_POINT('',(-11.3103684782982,35.,23.0266018211842));
#13697=CARTESIAN_POINT('',(21.8448157608509,35.,23.0266018211842));
#13698=CARTESIAN_POINT('',(-10.3526601195335,35.,23.1630285084248));
#13699=CARTESIAN_POINT('Ctrl Pts',(-11.3103684782982,35.,23.0266018211842));
#13700=CARTESIAN_POINT('Ctrl Pts',(-11.1287049019196,35.,23.0291232646018));
#13701=CARTESIAN_POINT('Ctrl Pts',(-10.803200927431,35.,23.0336411755129));
#13702=CARTESIAN_POINT('Ctrl Pts',(-10.4907377720128,35.,23.1233750544515));
#13703=CARTESIAN_POINT('Ctrl Pts',(-10.3526601195335,35.,23.1630285084248));
#13704=CARTESIAN_POINT('',(-9.77557986974717,35.,23.6555249989033));
#13705=CARTESIAN_POINT('Ctrl Pts',(-10.3526601195335,35.,23.1630285084248));
#13706=CARTESIAN_POINT('Ctrl Pts',(-10.2390016314022,35.,23.2191802301766));
#13707=CARTESIAN_POINT('Ctrl Pts',(-10.005405164207,35.,23.3345859868764));
#13708=CARTESIAN_POINT('Ctrl Pts',(-9.85354902281542,35.,23.5466451516562));
#13709=CARTESIAN_POINT('Ctrl Pts',(-9.77557986974717,35.,23.6555249989033));
#13710=CARTESIAN_POINT('',(-9.55320447683335,35.,24.5900399982929));
#13711=CARTESIAN_POINT('Ctrl Pts',(-9.77557986974717,35.,23.6555249989033));
#13712=CARTESIAN_POINT('Ctrl Pts',(-9.7108417292665,35.,23.7904559086345));
#13713=CARTESIAN_POINT('Ctrl Pts',(-9.56946737557874,35.,24.0851163671235));
#13714=CARTESIAN_POINT('Ctrl Pts',(-9.55892129594615,35.,24.4125466061021));
#13715=CARTESIAN_POINT('Ctrl Pts',(-9.55320447683335,35.,24.5900399982929));
#13716=CARTESIAN_POINT('',(-9.74692910909654,35.,25.5095489323139));
#13717=CARTESIAN_POINT('Ctrl Pts',(-9.55320447683335,35.,24.5900399982929));
#13718=CARTESIAN_POINT('Ctrl Pts',(-9.55819131152847,35.,24.7628172711419));
#13719=CARTESIAN_POINT('Ctrl Pts',(-9.56739202277554,35.,25.0815913823219));
#13720=CARTESIAN_POINT('Ctrl Pts',(-9.69053176542949,35.,25.375116155686));
#13721=CARTESIAN_POINT('Ctrl Pts',(-9.74692910909654,35.,25.5095489323139));
#13722=CARTESIAN_POINT('',(-10.3076395392418,35.,26.0197813808918));
#13723=CARTESIAN_POINT('Ctrl Pts',(-9.74692910909654,35.,25.5095489323139));
#13724=CARTESIAN_POINT('Ctrl Pts',(-9.81834451864864,35.,25.6200089398646));
#13725=CARTESIAN_POINT('Ctrl Pts',(-9.96030519600253,35.,25.8395830848673));
#13726=CARTESIAN_POINT('Ctrl Pts',(-10.1923354980178,35.,25.9599612330782));
#13727=CARTESIAN_POINT('Ctrl Pts',(-10.3076395392418,35.,26.0197813808918));
#13728=CARTESIAN_POINT('',(-11.3103684782982,35.,26.1725778877735));
#13729=CARTESIAN_POINT('Ctrl Pts',(-10.3076395392418,35.,26.0197813808918));
#13730=CARTESIAN_POINT('Ctrl Pts',(-10.4513464021353,35.,26.0641868935444));
#13731=CARTESIAN_POINT('Ctrl Pts',(-10.7774172960928,35.,26.1649430085673));
#13732=CARTESIAN_POINT('Ctrl Pts',(-11.1192110239923,35.,26.1698394304406));
#13733=CARTESIAN_POINT('Ctrl Pts',(-11.3103684782982,35.,26.1725778877735));
#13734=CARTESIAN_POINT('',(-13.6214181780815,35.,26.1725778877735));
#13735=CARTESIAN_POINT('',(20.6892909109592,35.,26.1725778877735));
#13736=CARTESIAN_POINT('',(-13.6214181780815,35.,25.6432469189167));
#13737=CARTESIAN_POINT('',(-13.6214181780815,35.,27.8216234594584));
#13738=CARTESIAN_POINT('',(-11.3130959868431,35.,25.6432469189167));
#13739=CARTESIAN_POINT('',(21.8434520065784,35.,25.6432469189167));
#13740=CARTESIAN_POINT('',(-10.5450209975243,35.,25.5463846027851));
#13741=CARTESIAN_POINT('Ctrl Pts',(-11.3130959868431,35.,25.6432469189167));
#13742=CARTESIAN_POINT('Ctrl Pts',(-11.1611718416996,35.,25.642708787248));
#13743=CARTESIAN_POINT('Ctrl Pts',(-10.9007303859643,35.,25.641786275589));
#13744=CARTESIAN_POINT('Ctrl Pts',(-10.6496414313196,35.,25.5744439251362));
#13745=CARTESIAN_POINT('Ctrl Pts',(-10.5450209975243,35.,25.5463846027851));
#13746=CARTESIAN_POINT('',(-10.164392888546,35.,25.2135057747364));
#13747=CARTESIAN_POINT('Ctrl Pts',(-10.5450209975243,35.,25.5463846027851));
#13748=CARTESIAN_POINT('Ctrl Pts',(-10.467294595802,35.,25.5080612041915));
#13749=CARTESIAN_POINT('Ctrl Pts',(-10.3108866865793,35.,25.4309434872314));
#13750=CARTESIAN_POINT('Ctrl Pts',(-10.2134225430042,35.,25.2862794761008));
#13751=CARTESIAN_POINT('Ctrl Pts',(-10.164392888546,35.,25.2135057747364));
#13752=CARTESIAN_POINT('',(-10.0306949019432,35.,24.63642552495));
#13753=CARTESIAN_POINT('Ctrl Pts',(-10.164392888546,35.,25.2135057747364));
#13754=CARTESIAN_POINT('Ctrl Pts',(-10.1254362136219,35.,25.1274071244428));
#13755=CARTESIAN_POINT('Ctrl Pts',(-10.04255890617,35.,24.944238917057));
#13756=CARTESIAN_POINT('Ctrl Pts',(-10.0348043896055,35.,24.7430468066839));
#13757=CARTESIAN_POINT('Ctrl Pts',(-10.0306949019432,35.,24.63642552495));
#13758=CARTESIAN_POINT('',(-10.2953609824181,35.,23.8042290508747));
#13759=CARTESIAN_POINT('Ctrl Pts',(-10.0306949019432,35.,24.63642552495));
#13760=CARTESIAN_POINT('Ctrl Pts',(-10.0345922904946,35.,24.463435881062));
#13761=CARTESIAN_POINT('Ctrl Pts',(-10.0414800637591,35.,24.1577149018732));
#13762=CARTESIAN_POINT('Ctrl Pts',(-10.2185043842719,35.,23.9112387471687));
#13763=CARTESIAN_POINT('Ctrl Pts',(-10.2953609824181,35.,23.8042290508747));
#13764=CARTESIAN_POINT('',(-11.3130959868431,35.,23.5559339821339));
#13765=CARTESIAN_POINT('Ctrl Pts',(-10.2953609824181,35.,23.8042290508747));
#13766=CARTESIAN_POINT('Ctrl Pts',(-10.4215627778887,35.,23.7324528890121));
#13767=CARTESIAN_POINT('Ctrl Pts',(-10.7341619271758,35.,23.5546648705956));
#13768=CARTESIAN_POINT('Ctrl Pts',(-11.0968384057077,35.,23.5554599126144));
#13769=CARTESIAN_POINT('Ctrl Pts',(-11.3130959868431,35.,23.5559339821339));
#13770=CARTESIAN_POINT('',(20.6892909109592,35.,23.5559339821339));
#13771=CARTESIAN_POINT('',(-9.6214184165001,35.,19.4768066704273));
#13772=CARTESIAN_POINT('',(-13.6214181780815,35.,17.9406543076038));
#13773=CARTESIAN_POINT('',(18.2973646996181,35.,30.1986834722463));
#13774=CARTESIAN_POINT('',(-13.6214181780815,35.,17.3703952133656));
#13775=CARTESIAN_POINT('',(-13.6214181780815,35.,23.6851976066828));
#13776=CARTESIAN_POINT('',(-9.6214184165001,35.,15.7332868874073));
#13777=CARTESIAN_POINT('',(15.5528810232465,35.,5.43002247004107));
#13778=CARTESIAN_POINT('',(-9.6214184165001,35.,16.3362880051136));
#13779=CARTESIAN_POINT('',(-9.6214184165001,35.,23.1681440025568));
#13780=CARTESIAN_POINT('',(-10.8328780531883,35.,16.8028636276722));
#13781=CARTESIAN_POINT('',(15.6186856882949,35.,6.61543810677805));
#13782=CARTESIAN_POINT('',(-10.8328780531883,35.,18.4754414856434));
#13783=CARTESIAN_POINT('',(-10.8328780531883,35.,24.2377207428217));
#13784=CARTESIAN_POINT('',(-9.6214184165001,35.,18.9147324860096));
#13785=CARTESIAN_POINT('',(20.7107943353519,35.,29.9135868263056));
#13786=CARTESIAN_POINT('',(-9.6214184165001,35.,24.7384033352137));
#13787=CARTESIAN_POINT('',(-3.37858051061632,35.,37.6405192911625));
#13788=CARTESIAN_POINT('',(-7.37858146429064,35.,36.1043663322926));
#13789=CARTESIAN_POINT('',(18.7804778117613,35.,46.1504430141615));
#13790=CARTESIAN_POINT('',(-7.37858146429063,35.,35.5341072380543));
#13791=CARTESIAN_POINT('',(-7.37858146429064,35.,32.7670536190271));
#13792=CARTESIAN_POINT('',(-3.37858051061632,35.,33.8969995081425));
#13793=CARTESIAN_POINT('',(22.3058500895787,35.,23.3849570459181));
#13794=CARTESIAN_POINT('',(-3.37858051061632,35.,34.5000012218952));
#13795=CARTESIAN_POINT('',(-3.37858051061632,35.,32.2500006109476));
#13796=CARTESIAN_POINT('',(-4.59004014730455,35.,34.9665768444538));
#13797=CARTESIAN_POINT('',(22.1892369439959,35.,24.6529374113655));
#13798=CARTESIAN_POINT('',(-4.59004014730455,35.,36.6391552984715));
#13799=CARTESIAN_POINT('',(-4.59004014730455,35.,33.3195776492357));
#13800=CARTESIAN_POINT('',(-3.37858051061632,35.,37.0784457027912));
#13801=CARTESIAN_POINT('',(21.2844545173123,35.,46.021570426937));
#13802=CARTESIAN_POINT('',(-3.37858051061632,35.,33.8202596455812));
#13803=CARTESIAN_POINT('',(-3.37858051061631,35.,24.7019119560719));
#13804=CARTESIAN_POINT('',(-7.37858146429063,35.,23.1657595932484));
#13805=CARTESIAN_POINT('',(20.9456140624075,35.,34.0433269706871));
#13806=CARTESIAN_POINT('',(-7.37858146429063,35.,22.5955004990101));
#13807=CARTESIAN_POINT('',(-7.37858146429063,35.,26.297750249505));
#13808=CARTESIAN_POINT('',(-3.37858051061631,35.,20.9583921730518));
#13809=CARTESIAN_POINT('',(20.0379934836393,35.,11.3745273951699));
#13810=CARTESIAN_POINT('',(-3.37858051061631,35.,21.5613932907581));
#13811=CARTESIAN_POINT('',(-3.37858051061631,35.,25.7806966453791));
#13812=CARTESIAN_POINT('',(-4.59004014730454,35.,22.0279689133167));
#13813=CARTESIAN_POINT('',(20.0195138866669,35.,12.5499659765631));
#13814=CARTESIAN_POINT('',(-4.59004014730454,35.,23.7005479633808));
#13815=CARTESIAN_POINT('',(-4.59004014730454,35.,26.8502739816904));
#13816=CARTESIAN_POINT('',(-3.37858051061631,35.,24.1398377716541));
#13817=CARTESIAN_POINT('',(23.357705786383,35.,33.8347361617124));
#13818=CARTESIAN_POINT('',(-3.37858051061631,35.,27.3509559780359));
#13819=CARTESIAN_POINT('',(-3.37858051061631,35.,19.9324698746204));
#13820=CARTESIAN_POINT('',(-6.9065484404564,35.,19.9324698746204));
#13821=CARTESIAN_POINT('',(24.0467257797718,35.,19.9324698746204));
#13822=CARTESIAN_POINT('',(-6.9065484404564,35.,21.2503428757191));
#13823=CARTESIAN_POINT('',(-6.9065484404564,35.,25.6251714378595));
#13824=CARTESIAN_POINT('',(-7.37858146429063,35.,21.2503428757191));
#13825=CARTESIAN_POINT('',(23.8107092678547,35.,21.2503428757191));
#13826=CARTESIAN_POINT('',(-7.37858146429063,35.,18.0798096954823));
#13827=CARTESIAN_POINT('',(-7.37858146429063,35.,24.0399048477411));
#13828=CARTESIAN_POINT('',(-6.9065484404564,35.,18.0798096954823));
#13829=CARTESIAN_POINT('',(24.0467257797718,35.,18.0798096954823));
#13830=CARTESIAN_POINT('',(-6.9065484404564,35.,19.4031400978565));
#13831=CARTESIAN_POINT('',(-6.9065484404564,35.,24.7015700489283));
#13832=CARTESIAN_POINT('',(-3.37858051061631,35.,19.4031400978565));
#13833=CARTESIAN_POINT('',(25.8107097446918,35.,19.4031400978565));
#13834=CARTESIAN_POINT('',(-3.37858051061631,35.,24.9662349373102));
#13835=CARTESIAN_POINT('',(-3.37858051061632,35.,32.7455671131611));
#13836=CARTESIAN_POINT('',(-7.37858146429063,35.,34.2953623831272));
#13837=CARTESIAN_POINT('',(20.4632994803238,35.,23.5080611062894));
#13838=CARTESIAN_POINT('',(-7.37858146429063,35.,33.7223745882511));
#13839=CARTESIAN_POINT('',(-7.37858146429064,35.,31.8611872941256));
#13840=CARTESIAN_POINT('',(-4.47271436452867,35.,32.6828111708164));
#13841=CARTESIAN_POINT('',(22.3151489452889,35.,23.0995502121826));
#13842=CARTESIAN_POINT('',(-3.81787151098253,35.,32.4727161228657));
#13843=CARTESIAN_POINT('Ctrl Pts',(-4.47271436452867,35.,32.6828111708164));
#13844=CARTESIAN_POINT('Ctrl Pts',(-4.36028821005886,35.,32.6432841865465));
#13845=CARTESIAN_POINT('Ctrl Pts',(-4.14393799650888,35.,32.5672193995928));
#13846=CARTESIAN_POINT('Ctrl Pts',(-3.92367505376361,35.,32.5033809778139));
#13847=CARTESIAN_POINT('Ctrl Pts',(-3.81787151098253,35.,32.4727161228657));
#13848=CARTESIAN_POINT('',(-4.47271436452867,35.,32.2571630775929));
#13849=CARTESIAN_POINT('Ctrl Pts',(-3.81787151098253,35.,32.4727161228657));
#13850=CARTESIAN_POINT('Ctrl Pts',(-3.92737779236866,35.,32.4404047657418));
#13851=CARTESIAN_POINT('Ctrl Pts',(-4.14789123402115,35.,32.375339196227));
#13852=CARTESIAN_POINT('Ctrl Pts',(-4.36394980179029,35.,32.2967334550142));
#13853=CARTESIAN_POINT('Ctrl Pts',(-4.47271436452867,35.,32.2571630775929));
#13854=CARTESIAN_POINT('',(-7.37858146429063,35.,31.1766715347767));
#13855=CARTESIAN_POINT('',(19.8301188219119,35.,41.2937104567115));
#13856=CARTESIAN_POINT('',(-7.37858146429063,35.,30.6364269554615));
#13857=CARTESIAN_POINT('',(-7.37858146429064,35.,30.3182134777308));
#13858=CARTESIAN_POINT('',(-3.37858051061632,35.,32.2025926411152));
#13859=CARTESIAN_POINT('',(21.556798176495,35.,41.965823928013));
#13860=CARTESIAN_POINT('',(-3.37858051061632,35.,31.3727835565805));
#13861=CARTESIAN_POINT('',(-9.6214184165001,35.,15.3021831810474));
#13862=CARTESIAN_POINT('',(-13.6214181780815,35.,15.3021831810474));
#13863=CARTESIAN_POINT('',(20.6892909109592,35.,15.3021831810474));
#13864=CARTESIAN_POINT('',(-13.6214181780815,35.,13.5286493599415));
#13865=CARTESIAN_POINT('',(-13.6214181780815,35.,21.7643246799707));
#13866=CARTESIAN_POINT('',(-13.5136422514916,35.,12.7155537903309));
#13867=CARTESIAN_POINT('Ctrl Pts',(-13.6214181780815,35.,13.5286493599415));
#13868=CARTESIAN_POINT('Ctrl Pts',(-13.6202023701779,35.,13.3706304369877));
#13869=CARTESIAN_POINT('Ctrl Pts',(-13.6180791892639,35.,13.0946799679466));
#13870=CARTESIAN_POINT('Ctrl Pts',(-13.5449115378947,35.,12.8290673161358));
#13871=CARTESIAN_POINT('Ctrl Pts',(-13.5136422514916,35.,12.7155537903309));
#13872=CARTESIAN_POINT('',(-13.1330141425133,35.,12.270805388689));
#13873=CARTESIAN_POINT('Ctrl Pts',(-13.5136422514916,35.,12.7155537903309));
#13874=CARTESIAN_POINT('Ctrl Pts',(-13.4700212394022,35.,12.6269525081856));
#13875=CARTESIAN_POINT('Ctrl Pts',(-13.3811302097561,35.,12.4464005489205));
#13876=CARTESIAN_POINT('Ctrl Pts',(-13.2167360495375,35.,12.3300565361144));
#13877=CARTESIAN_POINT('Ctrl Pts',(-13.1330141425133,35.,12.270805388689));
#13878=CARTESIAN_POINT('',(-12.530013024807,35.,12.1043653786182));
#13879=CARTESIAN_POINT('Ctrl Pts',(-13.1330141425133,35.,12.270805388689));
#13880=CARTESIAN_POINT('Ctrl Pts',(-13.039211996878,35.,12.2222613990839));
#13881=CARTESIAN_POINT('Ctrl Pts',(-12.8499833519137,35.,12.124332792953));
#13882=CARTESIAN_POINT('Ctrl Pts',(-12.6372784258267,35.,12.1110591640243));
#13883=CARTESIAN_POINT('Ctrl Pts',(-12.530013024807,35.,12.1043653786182));
#13884=CARTESIAN_POINT('',(-11.8124136328697,35.,12.3799462616444));
#13885=CARTESIAN_POINT('Ctrl Pts',(-12.530013024807,35.,12.1043653786182));
#13886=CARTESIAN_POINT('Ctrl Pts',(-12.3945220107056,35.,12.1150818627273));
#13887=CARTESIAN_POINT('Ctrl Pts',(-12.1278811670555,35.,12.1361714706453));
#13888=CARTESIAN_POINT('Ctrl Pts',(-11.9164218867685,35.,12.2995747888023));
#13889=CARTESIAN_POINT('Ctrl Pts',(-11.8124136328697,35.,12.3799462616444));
#13890=CARTESIAN_POINT('',(-11.4413365721703,35.,13.2312412559986));
#13891=CARTESIAN_POINT('Ctrl Pts',(-11.8124136328697,35.,12.3799462616444));
#13892=CARTESIAN_POINT('Ctrl Pts',(-11.7230493713902,35.,12.4923529978347));
#13893=CARTESIAN_POINT('Ctrl Pts',(-11.5245814674295,35.,12.741995628495));
#13894=CARTESIAN_POINT('Ctrl Pts',(-11.4708657057843,35.,13.0576930827487));
#13895=CARTESIAN_POINT('Ctrl Pts',(-11.4413365721703,35.,13.2312412559986));
#13896=CARTESIAN_POINT('',(-11.2421545386314,35.,12.912005931139));
#13897=CARTESIAN_POINT('Ctrl Pts',(-11.4413365721703,35.,13.2312412559986));
#13898=CARTESIAN_POINT('Ctrl Pts',(-11.4101782508716,35.,13.1681836043077));
#13899=CARTESIAN_POINT('Ctrl Pts',(-11.3542985103877,35.,13.0550951879505));
#13900=CARTESIAN_POINT('Ctrl Pts',(-11.2765505466574,35.,12.9558932587291));
#13901=CARTESIAN_POINT('Ctrl Pts',(-11.2421545386314,35.,12.912005931139));
#13902=CARTESIAN_POINT('',(-10.7100948691368,35.,12.4727149307728));
#13903=CARTESIAN_POINT('Ctrl Pts',(-11.2421545386314,35.,12.912005931139));
#13904=CARTESIAN_POINT('Ctrl Pts',(-11.1644423614776,35.,12.8342202345064));
#13905=CARTESIAN_POINT('Ctrl Pts',(-11.0011911086322,35.,12.6708145380788));
#13906=CARTESIAN_POINT('Ctrl Pts',(-10.8101795605721,35.,12.5408255257604));
#13907=CARTESIAN_POINT('Ctrl Pts',(-10.7100948691368,35.,12.4727149307728));
#13908=CARTESIAN_POINT('',(-9.6214184165001,35.,11.7769451439381));
#13909=CARTESIAN_POINT('',(9.18482669572708,35.,-0.242068513613698));
#13910=CARTESIAN_POINT('',(-9.6214184165001,35.,12.4427028000355));
#13911=CARTESIAN_POINT('',(-9.62141841650009,35.,21.2213514000177));
#13912=CARTESIAN_POINT('',(-10.4536160826683,35.,12.9720325767994));
#13913=CARTESIAN_POINT('',(8.9909636170141,35.,0.604063463052076));
#13914=CARTESIAN_POINT('',(-11.0047754645348,35.,13.3540244400501));
#13915=CARTESIAN_POINT('Ctrl Pts',(-10.4536160826683,35.,12.9720325767994));
#13916=CARTESIAN_POINT('Ctrl Pts',(-10.5604893075013,35.,13.041206332168));
#13917=CARTESIAN_POINT('Ctrl Pts',(-10.7482547579437,35.,13.1627376264268));
#13918=CARTESIAN_POINT('Ctrl Pts',(-10.9275376532949,35.,13.2964284081365));
#13919=CARTESIAN_POINT('Ctrl Pts',(-11.0047754645348,35.,13.3540244400501));
#13920=CARTESIAN_POINT('',(-11.2721690535545,35.,13.6227841675282));
#13921=CARTESIAN_POINT('Ctrl Pts',(-11.0047754645348,35.,13.3540244400501));
#13922=CARTESIAN_POINT('Ctrl Pts',(-11.0612067869641,35.,13.3991772071879));
#13923=CARTESIAN_POINT('Ctrl Pts',(-11.1606368331014,35.,13.4787348274325));
#13924=CARTESIAN_POINT('Ctrl Pts',(-11.2384978848924,35.,13.5792961995999));
#13925=CARTESIAN_POINT('Ctrl Pts',(-11.2721690535545,35.,13.6227841675282));
#13926=CARTESIAN_POINT('',(-11.3785800337791,35.,13.864256888628));
#13927=CARTESIAN_POINT('Ctrl Pts',(-11.2721690535545,35.,13.6227841675282));
#13928=CARTESIAN_POINT('Ctrl Pts',(-11.2955504708189,35.,13.6619085777433));
#13929=CARTESIAN_POINT('Ctrl Pts',(-11.3410332002626,35.,13.7380153827474));
#13930=CARTESIAN_POINT('Ctrl Pts',(-11.3663014800116,35.,13.8229734308109));
#13931=CARTESIAN_POINT('Ctrl Pts',(-11.3785800337791,35.,13.864256888628));
#13932=CARTESIAN_POINT('',(-11.397679746151,35.,14.1589350998402));
#13933=CARTESIAN_POINT('Ctrl Pts',(-11.3785800337791,35.,13.864256888628));
#13934=CARTESIAN_POINT('Ctrl Pts',(-11.384101700778,35.,13.9037653785074));
#13935=CARTESIAN_POINT('Ctrl Pts',(-11.3977545766612,35.,14.0014540853361));
#13936=CARTESIAN_POINT('Ctrl Pts',(-11.3977076776669,35.,14.1001531478823));
#13937=CARTESIAN_POINT('Ctrl Pts',(-11.397679746151,35.,14.1589350998402));
#13938=CARTESIAN_POINT('',(-11.397679746151,35.,14.7728510200977));
#13939=CARTESIAN_POINT('',(-11.397679746151,35.,22.3864255100489));
#13940=CARTESIAN_POINT('',(-9.6214184165001,35.,14.7728510200977));
#13941=CARTESIAN_POINT('',(22.68929079175,35.,14.7728510200977));
#13942=CARTESIAN_POINT('',(-9.62141841650009,35.,22.6510915905237));
#13943=CARTESIAN_POINT('',(-9.62141841650011,35.,30.2162350714207));
#13944=CARTESIAN_POINT('',(-13.6214181780815,35.,30.2162350714207));
#13945=CARTESIAN_POINT('',(20.6892909109592,35.,30.2162350714207));
#13946=CARTESIAN_POINT('',(-13.6214181780815,35.,28.8383360207081));
#13947=CARTESIAN_POINT('',(-13.6214181780815,35.,29.419168010354));
#13948=CARTESIAN_POINT('',(-13.5641202330589,35.,28.1261940300465));
#13949=CARTESIAN_POINT('Ctrl Pts',(-13.6214181780815,35.,28.8383360207081));
#13950=CARTESIAN_POINT('Ctrl Pts',(-13.6208506236322,35.,28.7008555631555));
#13951=CARTESIAN_POINT('Ctrl Pts',(-13.6198640318452,35.,28.4618704042051));
#13952=CARTESIAN_POINT('Ctrl Pts',(-13.5807382246925,35.,28.2262637651347));
#13953=CARTESIAN_POINT('Ctrl Pts',(-13.5641202330589,35.,28.1261940300465));
#13954=CARTESIAN_POINT('',(-13.2776257395744,35.,27.5395639240742));
#13955=CARTESIAN_POINT('Ctrl Pts',(-13.5641202330589,35.,28.1261940300465));
#13956=CARTESIAN_POINT('Ctrl Pts',(-13.5333401525773,35.,28.0169166850038));
#13957=CARTESIAN_POINT('Ctrl Pts',(-13.4733391825891,35.,27.8038975311322));
#13958=CARTESIAN_POINT('Ctrl Pts',(-13.3417234946052,35.,27.6261353446706));
#13959=CARTESIAN_POINT('Ctrl Pts',(-13.2776257395744,35.,27.5395639240742));
#13960=CARTESIAN_POINT('',(-12.5941333174706,35.,27.0661671459675));
#13961=CARTESIAN_POINT('Ctrl Pts',(-13.2776257395744,35.,27.5395639240742));
#13962=CARTESIAN_POINT('Ctrl Pts',(-13.1810551712794,35.,27.4402492193714));
#13963=CARTESIAN_POINT('Ctrl Pts',(-12.9842635686459,35.,27.2378656127654));
#13964=CARTESIAN_POINT('Ctrl Pts',(-12.7257750472573,35.,27.1241033944458));
#13965=CARTESIAN_POINT('Ctrl Pts',(-12.5941333174706,35.,27.0661671459675));
#13966=CARTESIAN_POINT('',(-11.643246114254,35.,26.9092769920826));
#13967=CARTESIAN_POINT('Ctrl Pts',(-12.5941333174706,35.,27.0661671459675));
#13968=CARTESIAN_POINT('Ctrl Pts',(-12.4466454604251,35.,27.0204352398551));
#13969=CARTESIAN_POINT('Ctrl Pts',(-12.1370832138672,35.,26.9244485472614));
#13970=CARTESIAN_POINT('Ctrl Pts',(-11.812949526409,35.,26.9144905831302));
#13971=CARTESIAN_POINT('Ctrl Pts',(-11.643246114254,35.,26.9092769920826));
#13972=CARTESIAN_POINT('',(-10.8356055617333,35.,27.0156891644001));
#13973=CARTESIAN_POINT('Ctrl Pts',(-11.643246114254,35.,26.9092769920826));
#13974=CARTESIAN_POINT('Ctrl Pts',(-11.4992545530263,35.,26.9126653969436));
#13975=CARTESIAN_POINT('Ctrl Pts',(-11.2260968656287,35.,26.9190933349972));
#13976=CARTESIAN_POINT('Ctrl Pts',(-10.960972858737,35.,26.9846770575663));
#13977=CARTESIAN_POINT('Ctrl Pts',(-10.8356055617333,35.,27.0156891644001));
#13978=CARTESIAN_POINT('',(-10.253070294857,35.,27.2885413467884));
#13979=CARTESIAN_POINT('Ctrl Pts',(-10.8356055617333,35.,27.0156891644001));
#13980=CARTESIAN_POINT('Ctrl Pts',(-10.7262416709489,35.,27.0516217947581));
#13981=CARTESIAN_POINT('Ctrl Pts',(-10.5209078464996,35.,27.1190863331997));
#13982=CARTESIAN_POINT('Ctrl Pts',(-10.3383807212021,35.,27.2345672891295));
#13983=CARTESIAN_POINT('Ctrl Pts',(-10.253070294857,35.,27.2885413467884));
#13984=CARTESIAN_POINT('',(-9.89017575979234,35.,27.6527972519398));
#13985=CARTESIAN_POINT('Ctrl Pts',(-10.253070294857,35.,27.2885413467884));
#13986=CARTESIAN_POINT('Ctrl Pts',(-10.181425110209,35.,27.3436934789981));
#13987=CARTESIAN_POINT('Ctrl Pts',(-10.04436215134,35.,27.4492039116354));
#13988=CARTESIAN_POINT('Ctrl Pts',(-9.93999052683845,35.,27.5870200149372));
#13989=CARTESIAN_POINT('Ctrl Pts',(-9.89017575979234,35.,27.6527972519398));
#13990=CARTESIAN_POINT('',(-9.68963235616685,35.,28.1302864849567));
#13991=CARTESIAN_POINT('Ctrl Pts',(-9.89017575979234,35.,27.6527972519398));
#13992=CARTESIAN_POINT('Ctrl Pts',(-9.84824886070269,35.,27.724214454586));
#13993=CARTESIAN_POINT('Ctrl Pts',(-9.76011917682226,35.,27.8743322937177));
#13994=CARTESIAN_POINT('Ctrl Pts',(-9.71387584277543,35.,28.042252694384));
#13995=CARTESIAN_POINT('Ctrl Pts',(-9.68963235616685,35.,28.1302864849567));
#13996=CARTESIAN_POINT('',(-9.62141841650011,35.,28.772851973772));
#13997=CARTESIAN_POINT('Ctrl Pts',(-9.68963235616685,35.,28.1302864849567));
#13998=CARTESIAN_POINT('Ctrl Pts',(-9.6697551407905,35.,28.230136147163));
#13999=CARTESIAN_POINT('Ctrl Pts',(-9.62754150433499,35.,28.4421888547869));
#14000=CARTESIAN_POINT('Ctrl Pts',(-9.62353720420392,35.,28.6584317711714));
#14001=CARTESIAN_POINT('Ctrl Pts',(-9.62141841650011,35.,28.772851973772));
#14002=CARTESIAN_POINT('',(-9.62141841650011,35.,30.1081175357103));
#14003=CARTESIAN_POINT('',(-14.6569735504022,35.,57.2495341036935));
#14004=CARTESIAN_POINT('',(-21.4303068837355,35.,50.4762007703601));
#14005=CARTESIAN_POINT('Ctrl Pts',(-14.6569735504022,35.,57.2495341036935));
#14006=CARTESIAN_POINT('Ctrl Pts',(-20.0756401968828,35.,57.2495341036935));
#14007=CARTESIAN_POINT('Ctrl Pts',(-21.4303068837355,35.,55.8948674168407));
#14008=CARTESIAN_POINT('Ctrl Pts',(-21.4303068837355,35.,50.4762007703601));
#14009=CARTESIAN_POINT('',(-14.6569735504022,35.,43.7028674370268));
#14010=CARTESIAN_POINT('Ctrl Pts',(-21.4303068837355,35.,50.4762007703601));
#14011=CARTESIAN_POINT('Ctrl Pts',(-21.4303068837355,35.,45.0575344266712));
#14012=CARTESIAN_POINT('Ctrl Pts',(-20.0756401968828,35.,43.7028674370268));
#14013=CARTESIAN_POINT('Ctrl Pts',(-14.6569735504022,35.,43.7028674370268));
#14014=CARTESIAN_POINT('',(-7.88364021706885,35.,50.4762007703601));
#14015=CARTESIAN_POINT('Ctrl Pts',(-14.6569735504022,35.,43.7028674370268));
#14016=CARTESIAN_POINT('Ctrl Pts',(-9.23830720671322,35.,43.7028674370268));
#14017=CARTESIAN_POINT('Ctrl Pts',(-7.88364021706885,35.,45.0575344266712));
#14018=CARTESIAN_POINT('Ctrl Pts',(-7.88364021706885,35.,50.4762007703601));
#14019=CARTESIAN_POINT('Ctrl Pts',(-7.88364021706885,35.,50.4762007703601));
#14020=CARTESIAN_POINT('Ctrl Pts',(-7.88364021706886,35.,55.8948674168407));
#14021=CARTESIAN_POINT('Ctrl Pts',(-9.23830720671322,35.,57.2495341036935));
#14022=CARTESIAN_POINT('Ctrl Pts',(-14.6569735504022,35.,57.2495341036935));
#14023=CARTESIAN_POINT('Origin',(0.,0.,59.5));
#14024=CARTESIAN_POINT('',(52.0000004470348,2.50000011175871,59.5));
#14025=CARTESIAN_POINT('',(26.0000002235174,2.50000011175871,59.5));
#14026=CARTESIAN_POINT('',(52.0000004470348,3.75000005587935,59.5));
#14027=CARTESIAN_POINT('',(-24.5,34.5,59.5));
#14028=CARTESIAN_POINT('',(-24.5,0.,59.5));
#14029=CARTESIAN_POINT('',(1.90605498589658,34.5,59.5));
#14030=CARTESIAN_POINT('',(27.5,34.5,59.5));
#14031=CARTESIAN_POINT('',(1.9060549858966,33.,59.5));
#14032=CARTESIAN_POINT('',(1.9060549858966,34.,59.5));
#14033=CARTESIAN_POINT('',(3.19307238589275,33.,59.5));
#14034=CARTESIAN_POINT('',(1.27478184294734,33.,59.5));
#14035=CARTESIAN_POINT('',(3.19307238589276,34.5,59.5));
#14036=CARTESIAN_POINT('',(3.19307238589275,34.,59.5));
#14037=CARTESIAN_POINT('',(108.067722701762,34.5,59.5));
#14038=CARTESIAN_POINT('',(27.5,34.5,59.5));
#14039=CARTESIAN_POINT('',(108.067722701762,32.9999999999999,59.5));
#14040=CARTESIAN_POINT('',(108.067722701762,33.9999999999999,59.5));
#14041=CARTESIAN_POINT('',(109.5,32.9999999999999,59.5));
#14042=CARTESIAN_POINT('',(54.4104879544057,32.9999999999999,59.5));
#14043=CARTESIAN_POINT('',(109.5,0.5,59.5));
#14044=CARTESIAN_POINT('',(109.5,0.,59.5));
#14045=CARTESIAN_POINT('',(27.5,0.5,59.5));
#14046=CARTESIAN_POINT('',(61.5000010505318,20.0000002980232,59.5));
#14047=CARTESIAN_POINT('Origin',(70.5000010505318,20.0000002980232,59.5));
#14048=CARTESIAN_POINT('',(87.4241005449413,20.3079036814907,59.5));
#14049=CARTESIAN_POINT('Origin',(96.4241005449413,20.3079036814907,59.5));
#14050=CARTESIAN_POINT('',(44.0806140899658,19.958039522171,59.5));
#14051=CARTESIAN_POINT('Origin',(50.0806140899658,19.958039522171,59.5));
#14052=CARTESIAN_POINT('Origin',(55.,34.5,30.));
#14053=CARTESIAN_POINT('',(-24.5,34.5,0.499999999999998));
#14054=CARTESIAN_POINT('',(-24.5,34.5,15.));
#14055=CARTESIAN_POINT('',(1.74193106559373,34.5,0.499999999999998));
#14056=CARTESIAN_POINT('',(82.5,34.5,0.499999999999998));
#14057=CARTESIAN_POINT('',(2.5,34.5,2.20675050326015));
#14058=CARTESIAN_POINT('Origin',(2.44804199478421,34.5,1.20810123264809));
#14059=CARTESIAN_POINT('',(2.5,34.5,2.5));
#14060=CARTESIAN_POINT('',(2.5,34.5,15.));
#14061=CARTESIAN_POINT('',(2.5,34.5,15.));
#14062=CARTESIAN_POINT('Origin',(2.54956368589467,34.5,58.7345612022985));
#14063=CARTESIAN_POINT('Origin',(110.,0.,0.5));
#14064=CARTESIAN_POINT('',(-24.5,0.5,0.499999999999999));
#14065=CARTESIAN_POINT('',(-24.5,0.,0.5));
#14066=CARTESIAN_POINT('',(81.5399696743529,0.5,0.499999999999998));
#14067=CARTESIAN_POINT('',(82.5,0.5,0.499999999999998));
#14068=CARTESIAN_POINT('',(83.8742543680824,0.5,0.499999999999998));
#14069=CARTESIAN_POINT('Origin',(82.7071120212177,2.7108321379415,0.5));
#14070=CARTESIAN_POINT('',(109.5,0.5,0.499999999999999));
#14071=CARTESIAN_POINT('',(82.5,0.5,0.499999999999998));
#14072=CARTESIAN_POINT('',(109.5,34.5,0.499999999999999));
#14073=CARTESIAN_POINT('',(109.5,0.,0.499999999999998));
#14074=CARTESIAN_POINT('',(3.1541529239747,34.5,0.499999999999998));
#14075=CARTESIAN_POINT('',(82.5,34.5,0.499999999999998));
#14076=CARTESIAN_POINT('',(3.1541529239747,32.9999999999967,0.5));
#14077=CARTESIAN_POINT('',(3.1541529239747,33.9999999999967,0.5));
#14078=CARTESIAN_POINT('',(1.74193106559372,32.9999999999967,0.5));
#14079=CARTESIAN_POINT('',(56.2240209973921,32.9999999999967,0.5));
#14080=CARTESIAN_POINT('',(1.74193106559372,33.9999999999967,0.5));
#14081=CARTESIAN_POINT('',(79.4222377584815,19.9647630956704,0.5));
#14082=CARTESIAN_POINT('Origin',(70.4222377584815,19.9647630956704,0.5));
#14083=CARTESIAN_POINT('',(91.072626719581,13.2275392343056,0.5));
#14084=CARTESIAN_POINT('',(102.527079962025,27.1029154088211,0.5));
#14085=CARTESIAN_POINT('Origin',(97.0000014454126,20.0000002980232,0.5));
#14086=CARTESIAN_POINT('Origin',(96.5997052361935,20.3304543451034,0.5));
#14087=CARTESIAN_POINT('',(55.6777916128514,19.7791913409397,0.5));
#14088=CARTESIAN_POINT('Origin',(49.6777916128514,19.7791913409397,0.5));
#14089=CARTESIAN_POINT('',(34.0000005066395,2.50000011175871,0.5));
#14090=CARTESIAN_POINT('',(12.0000005066395,2.50000011175871,0.5));
#14091=CARTESIAN_POINT('',(61.0000002533197,2.50000011175871,0.5));
#14092=CARTESIAN_POINT('',(12.0000005066395,7.50000011175871,0.5));
#14093=CARTESIAN_POINT('',(12.0000005066395,3.75000005587935,0.5));
#14094=CARTESIAN_POINT('',(34.0000005066395,7.50000011175871,0.5));
#14095=CARTESIAN_POINT('',(72.0000002533197,7.50000011175871,0.5));
#14096=CARTESIAN_POINT('',(34.0000005066395,1.25000005587935,0.5));
#14097=CARTESIAN_POINT('Origin',(-25.,5.50000008195639,18.0000002682209));
#14098=CARTESIAN_POINT('',(-24.5,5.50000008195639,28.0000004172325));
#14099=CARTESIAN_POINT('',(-24.5,5.50000008195639,18.0000002682209));
#14100=CARTESIAN_POINT('',(-24.5,5.50000008195639,9.00000013411045));
#14101=CARTESIAN_POINT('',(-25.,5.50000008195639,28.0000004172325));
#14102=CARTESIAN_POINT('',(-25.,5.50000008195639,18.0000002682209));
#14103=CARTESIAN_POINT('Origin',(-24.5,0.,0.));
#14104=CARTESIAN_POINT('',(-24.5,0.5,15.));
#14105=CARTESIAN_POINT('',(-24.5,2.51876299915193,2.52343256860492));
#14106=CARTESIAN_POINT('',(-24.5,2.51876299915193,12.5234325686049));
#14107=CARTESIAN_POINT('',(-24.5,2.51876299915193,6.26171628430246));
#14108=CARTESIAN_POINT('',(-24.5,7.51876299915193,12.5234325686049));
#14109=CARTESIAN_POINT('',(-24.5,3.75938149957596,12.5234325686049));
#14110=CARTESIAN_POINT('',(-24.5,7.51876299915193,2.52343256860492));
#14111=CARTESIAN_POINT('',(-24.5,7.51876299915193,1.26171628430246));
#14112=CARTESIAN_POINT('',(-24.5,1.25938149957596,2.52343256860492));
#14113=CARTESIAN_POINT('',(-24.5,1.00000007450581,28.0000004172325));
#14114=CARTESIAN_POINT('',(-24.5,2.5000000372529,28.0000004172325));
#14115=CARTESIAN_POINT('',(-24.5,1.00000007450581,18.0000002682209));
#14116=CARTESIAN_POINT('',(-24.5,0.500000037252903,18.0000002682209));
#14117=CARTESIAN_POINT('',(-24.5,1.00000007450581,14.0000002086163));
#14118=CARTESIAN_POINT('Origin',(-25.,1.00000007450581,18.0000002682209));
#14119=CARTESIAN_POINT('',(-25.,1.00000007450581,18.0000002682209));
#14120=CARTESIAN_POINT('Origin',(-25.,1.00000007450581,28.0000004172325));
#14121=CARTESIAN_POINT('',(-25.,1.,15.));
#14122=CARTESIAN_POINT('',(-25.,1.00000007450581,28.0000004172325));
#14123=CARTESIAN_POINT('Origin',(-25.,5.00000007450581,28.0000004172325));
#14124=CARTESIAN_POINT('Origin',(-25.,7.51876299915193,2.52343256860492));
#14125=CARTESIAN_POINT('',(-25.,7.51876299915193,12.5234325686049));
#14126=CARTESIAN_POINT('',(-25.,7.51876299915193,2.52343256860492));
#14127=CARTESIAN_POINT('Origin',(-25.,2.51876299915193,2.52343256860492));
#14128=CARTESIAN_POINT('',(-25.,2.51876299915193,2.52343256860492));
#14129=CARTESIAN_POINT('Origin',(-25.,2.51876299915193,12.5234325686049));
#14130=CARTESIAN_POINT('',(-25.,2.51876299915193,12.5234325686049));
#14131=CARTESIAN_POINT('Origin',(-25.,7.51876299915193,12.5234325686049));
#14132=CARTESIAN_POINT('Origin',(110.,0.,0.));
#14133=CARTESIAN_POINT('',(110.,1.,0.));
#14134=CARTESIAN_POINT('',(110.,0.,0.));
#14135=CARTESIAN_POINT('',(82.5,1.,0.));
#14136=CARTESIAN_POINT('',(12.0000005066395,2.50000011175871,0.));
#14137=CARTESIAN_POINT('',(34.0000005066395,2.50000011175871,0.));
#14138=CARTESIAN_POINT('',(61.0000002533197,2.50000011175871,0.));
#14139=CARTESIAN_POINT('',(34.0000005066395,7.50000011175871,0.));
#14140=CARTESIAN_POINT('',(34.0000005066395,1.25000005587935,0.));
#14141=CARTESIAN_POINT('',(12.0000005066395,7.50000011175871,0.));
#14142=CARTESIAN_POINT('',(72.0000002533197,7.50000011175871,0.));
#14143=CARTESIAN_POINT('',(12.0000005066395,3.75000005587935,0.));
#14144=CARTESIAN_POINT('',(55.6777916128514,19.7791913409397,0.));
#14145=CARTESIAN_POINT('Origin',(49.6777916128514,19.7791913409397,0.));
#14146=CARTESIAN_POINT('',(78.9222377584815,19.9647630956704,0.));
#14147=CARTESIAN_POINT('Origin',(70.4222377584815,19.9647630956704,0.));
#14148=CARTESIAN_POINT('',(91.3910785885592,13.6132965796826,0.));
#14149=CARTESIAN_POINT('',(102.208628093047,26.7171580634441,0.));
#14150=CARTESIAN_POINT('Origin',(97.0000014454126,20.0000002980232,0.));
#14151=CARTESIAN_POINT('Origin',(96.5997052361935,20.3304543451034,0.));
#14152=CARTESIAN_POINT('Origin',(77.9395056072923,0.125,30.3004271876314));
#14153=CARTESIAN_POINT('',(77.9395056072923,0.25,36.3004271876314));
#14154=CARTESIAN_POINT('',(77.9395056072923,0.125,36.3004271876314));
#14155=CARTESIAN_POINT('Origin',(77.9395056072923,0.25,30.3004271876314));
#14156=CARTESIAN_POINT('Origin',(77.9395056072923,0.25,30.3004271876314));
#14157=CARTESIAN_POINT('',(77.9395056072923,0.249999999999999,32.8004271876314));
#14158=CARTESIAN_POINT('Origin',(77.9395056072923,0.249999999999999,30.3004271876314));
#14159=CARTESIAN_POINT('Origin',(77.9395056072923,12.5,30.3004271876314));
#14160=CARTESIAN_POINT('',(80.2937849965705,2.,31.1414792414424));
#14161=CARTESIAN_POINT('',(80.2937849965705,2.5,31.1414792414424));
#14162=CARTESIAN_POINT('',(80.2937849965705,12.5,31.1414792414424));
#14163=CARTESIAN_POINT('',(80.,2.,31.7161824128099));
#14164=CARTESIAN_POINT('Origin',(77.9395056072923,2.,30.3004271876314));
#14165=CARTESIAN_POINT('',(80.,2.5,31.7161824128099));
#14166=CARTESIAN_POINT('',(80.,12.5,31.7161824128099));
#14167=CARTESIAN_POINT('Origin',(77.9395056072923,2.5,30.3004271876314));
#14168=CARTESIAN_POINT('Origin',(77.9395056072923,12.5,30.3004271876314));
#14169=CARTESIAN_POINT('',(77.9395056072923,0.5,32.8004271876314));
#14170=CARTESIAN_POINT('',(77.9395056072923,12.5,32.8004271876314));
#14171=CARTESIAN_POINT('Origin',(77.9395056072923,0.5,30.3004271876314));
#14172=CARTESIAN_POINT('Origin',(80.,2.5,31.1414792414424));
#14173=CARTESIAN_POINT('',(80.,2.,55.));
#14174=CARTESIAN_POINT('',(80.,2.,30.5707396207212));
#14175=CARTESIAN_POINT('',(80.,2.5,55.));
#14176=CARTESIAN_POINT('',(80.,2.5,55.));
#14177=CARTESIAN_POINT('',(80.,2.5,30.5707396207212));
#14178=CARTESIAN_POINT('Origin',(55.,2.,30.));
#14179=CARTESIAN_POINT('',(75.,2.,40.));
#14180=CARTESIAN_POINT('',(65.,2.,40.));
#14181=CARTESIAN_POINT('',(75.,2.,55.));
#14182=CARTESIAN_POINT('',(75.,2.,42.5));
#14183=CARTESIAN_POINT('',(67.5,2.,55.));
#14184=CARTESIAN_POINT('',(108.,2.,31.1414792414424));
#14185=CARTESIAN_POINT('',(81.5154194080977,2.,31.1414792414424));
#14186=CARTESIAN_POINT('',(108.,2.,34.5467311273299));
#14187=CARTESIAN_POINT('',(108.,2.,45.));
#14188=CARTESIAN_POINT('',(107.5,2.,34.5467311273299));
#14189=CARTESIAN_POINT('',(107.5,2.,34.5467311273299));
#14190=CARTESIAN_POINT('',(107.5,2.,38.1624970666347));
#14191=CARTESIAN_POINT('',(107.5,2.,33.1773070484911));
#14192=CARTESIAN_POINT('',(108.,2.,38.1624970666347));
#14193=CARTESIAN_POINT('',(107.5,2.,38.1624970666347));
#14194=CARTESIAN_POINT('',(108.,2.,45.));
#14195=CARTESIAN_POINT('Origin',(34.0000005066395,7.50000011175871,0.));
#14196=CARTESIAN_POINT('',(34.0000005066395,7.50000011175871,2.));
#14197=CARTESIAN_POINT('',(12.0000005066395,7.50000011175871,2.));
#14198=CARTESIAN_POINT('',(72.0000002533197,7.50000011175871,2.));
#14199=CARTESIAN_POINT('',(34.0000005066395,7.50000011175871,2.5));
#14200=CARTESIAN_POINT('',(34.0000005066395,7.50000011175871,0.));
#14201=CARTESIAN_POINT('',(12.0000005066395,7.50000011175871,2.5));
#14202=CARTESIAN_POINT('',(72.0000002533197,7.50000011175871,2.5));
#14203=CARTESIAN_POINT('',(12.0000005066395,7.50000011175871,0.));
#14204=CARTESIAN_POINT('Origin',(34.0000005066395,7.50000011175871,0.));
#14205=CARTESIAN_POINT('',(12.0000005066395,7.50000011175871,0.));
#14206=CARTESIAN_POINT('',(34.0000005066395,7.50000011175871,0.));
#14207=CARTESIAN_POINT('Origin',(34.0000005066395,2.50000011175871,0.));
#14208=CARTESIAN_POINT('',(34.0000005066395,2.50000011175871,2.));
#14209=CARTESIAN_POINT('',(34.0000005066395,1.25000005587935,2.));
#14210=CARTESIAN_POINT('',(34.0000005066395,2.50000011175871,2.5));
#14211=CARTESIAN_POINT('',(34.0000005066395,2.50000011175871,0.));
#14212=CARTESIAN_POINT('',(34.0000005066395,1.25000005587935,2.5));
#14213=CARTESIAN_POINT('Origin',(34.0000005066395,2.50000011175871,0.));
#14214=CARTESIAN_POINT('',(34.0000005066395,2.50000011175871,0.));
#14215=CARTESIAN_POINT('Origin',(12.0000005066395,7.50000011175871,0.));
#14216=CARTESIAN_POINT('',(12.0000005066395,2.50000011175871,2.));
#14217=CARTESIAN_POINT('',(12.0000005066395,3.75000005587935,2.));
#14218=CARTESIAN_POINT('',(12.0000005066395,2.50000011175871,2.5));
#14219=CARTESIAN_POINT('',(12.0000005066395,3.75000005587935,2.5));
#14220=CARTESIAN_POINT('',(12.0000005066395,2.50000011175871,0.));
#14221=CARTESIAN_POINT('Origin',(12.0000005066395,2.50000011175871,0.));
#14222=CARTESIAN_POINT('',(12.0000005066395,2.50000011175871,0.));
#14223=CARTESIAN_POINT('Origin',(12.0000005066395,7.50000011175871,0.));
#14224=CARTESIAN_POINT('Origin',(110.,0.,2.5));
#14225=CARTESIAN_POINT('',(107.5,2.5,2.5));
#14226=CARTESIAN_POINT('',(82.5,2.5,2.5));
#14227=CARTESIAN_POINT('',(107.5,0.,2.5));
#14228=CARTESIAN_POINT('',(2.5,0.,2.5));
#14229=CARTESIAN_POINT('',(2.5,2.5,2.5));
#14230=CARTESIAN_POINT('',(2.5,0.,2.5));
#14231=CARTESIAN_POINT('',(82.5,2.5,2.5));
#14232=CARTESIAN_POINT('',(78.9222377584815,19.9647630956704,2.5));
#14233=CARTESIAN_POINT('Origin',(70.4222377584815,19.9647630956704,2.5));
#14234=CARTESIAN_POINT('',(102.208628093047,26.7171580634441,2.5));
#14235=CARTESIAN_POINT('',(91.3910785885592,13.6132965796826,2.5));
#14236=CARTESIAN_POINT('Origin',(97.0000014454126,20.0000002980232,2.5));
#14237=CARTESIAN_POINT('Origin',(96.5997052361935,20.3304543451034,2.5));
#14238=CARTESIAN_POINT('',(52.0806140899658,19.958039522171,2.5));
#14239=CARTESIAN_POINT('Origin',(50.0806140899658,19.958039522171,2.5));
#14240=CARTESIAN_POINT('Origin',(52.0000004470348,7.50000011175871,60.));
#14241=CARTESIAN_POINT('',(52.0000004470348,2.50000011175871,60.));
#14242=CARTESIAN_POINT('Origin',(52.0000004470348,2.50000011175871,60.));
#14243=CARTESIAN_POINT('',(52.0000004470348,2.50000011175871,60.));
#14244=CARTESIAN_POINT('',(107.5,2.5,31.1414792414424));
#14245=CARTESIAN_POINT('',(107.5,2.5,45.));
#14246=CARTESIAN_POINT('',(81.5154194080977,2.5,31.1414792414424));
#14247=CARTESIAN_POINT('',(75.,2.5,55.));
#14248=CARTESIAN_POINT('',(67.5,2.5,55.));
#14249=CARTESIAN_POINT('',(75.,2.5,40.));
#14250=CARTESIAN_POINT('',(75.,2.5,42.5));
#14251=CARTESIAN_POINT('',(65.,2.5,40.));
#14252=CARTESIAN_POINT('',(30.0000004470348,2.5,45.));
#14253=CARTESIAN_POINT('Origin',(30.0000004470348,2.50000011175871,60.));
#14254=CARTESIAN_POINT('Origin',(52.0000004470348,7.50000011175871,60.));
#14255=CARTESIAN_POINT('Origin',(51.4499988500029,0.5,7.14999984018505));
#14256=CARTESIAN_POINT('',(51.4499988500029,5.5,5.64999984018505));
#14257=CARTESIAN_POINT('Origin',(51.4499988500029,5.5,7.14999984018505));
#14258=CARTESIAN_POINT('',(51.4499988500029,0.5,5.64999984018505));
#14259=CARTESIAN_POINT('',(52.9423964045085,0.5,6.99917033608925));
#14260=CARTESIAN_POINT('Origin',(51.4499988500029,0.5,7.14999984018505));
#14261=CARTESIAN_POINT('',(52.9423964045085,2.,6.99917033608925));
#14262=CARTESIAN_POINT('',(52.9423964045085,0.5,6.99917033608925));
#14263=CARTESIAN_POINT('',(52.7318537629929,2.,7.92900432158645));
#14264=CARTESIAN_POINT('Origin',(51.4499988500029,2.,7.14999984018505));
#14265=CARTESIAN_POINT('',(52.7318537629929,2.5,7.92900432158645));
#14266=CARTESIAN_POINT('',(52.7318537629929,0.5,7.92900432158645));
#14267=CARTESIAN_POINT('',(50.1563185862492,2.5,6.39079540449323));
#14268=CARTESIAN_POINT('Origin',(51.4499988500029,2.5,7.14999984018505));
#14269=CARTESIAN_POINT('',(50.1563185862492,2.,6.39079540449323));
#14270=CARTESIAN_POINT('',(50.1563185862492,0.5,6.39079540449323));
#14271=CARTESIAN_POINT('',(51.1214820307321,2.,5.68641632720868));
#14272=CARTESIAN_POINT('Origin',(51.4499988500029,2.,7.14999984018505));
#14273=CARTESIAN_POINT('',(51.1214820307321,0.5,5.68641632720868));
#14274=CARTESIAN_POINT('',(51.1214820307321,0.5,5.68641632720868));
#14275=CARTESIAN_POINT('Origin',(51.4499988500029,0.5,7.14999984018505));
#14276=CARTESIAN_POINT('Origin',(55.,2.,30.));
#14277=CARTESIAN_POINT('',(75.,2.,35.));
#14278=CARTESIAN_POINT('',(2.5,2.,35.));
#14279=CARTESIAN_POINT('',(25.,2.,35.));
#14280=CARTESIAN_POINT('',(2.5,2.,2.));
#14281=CARTESIAN_POINT('',(2.5,2.,15.));
#14282=CARTESIAN_POINT('',(80.3102979542384,2.,2.));
#14283=CARTESIAN_POINT('',(82.5,2.,2.));
#14284=CARTESIAN_POINT('',(80.3102979542384,2.,2.5));
#14285=CARTESIAN_POINT('',(80.3102979542384,2.,0.));
#14286=CARTESIAN_POINT('',(85.1039260881969,2.,2.5));
#14287=CARTESIAN_POINT('',(68.8535560106088,2.,2.5));
#14288=CARTESIAN_POINT('',(85.1039260881969,2.,2.));
#14289=CARTESIAN_POINT('',(85.1039260881969,2.,0.));
#14290=CARTESIAN_POINT('',(108.,2.,2.));
#14291=CARTESIAN_POINT('',(82.5,2.,2.));
#14292=CARTESIAN_POINT('',(108.,2.,26.1414792414424));
#14293=CARTESIAN_POINT('',(108.,2.,45.));
#14294=CARTESIAN_POINT('',(80.,2.,26.1414792414424));
#14295=CARTESIAN_POINT('',(67.5,2.,26.1414792414424));
#14296=CARTESIAN_POINT('',(80.,2.,5.));
#14297=CARTESIAN_POINT('',(80.,2.,17.5));
#14298=CARTESIAN_POINT('',(75.,2.,5.));
#14299=CARTESIAN_POINT('',(65.,2.,5.));
#14300=CARTESIAN_POINT('',(75.,2.,32.5));
#14301=CARTESIAN_POINT('',(5.00000000000001,2.,28.));
#14302=CARTESIAN_POINT('Origin',(5.00000000000001,2.,30.));
#14303=CARTESIAN_POINT('Origin',(53.0000007897615,2.,30.0000004470348));
#14304=CARTESIAN_POINT('',(3.60115047319212,2.,6.42941246718691));
#14305=CARTESIAN_POINT('Origin',(4.89714152732139,2.,7.18466552915812));
#14306=CARTESIAN_POINT('Origin',(5.,2.,5.));
#14307=CARTESIAN_POINT('Origin',(53.0000007897615,2.,5.00000007450581));
#14308=CARTESIAN_POINT('Origin',(51.4381734992391,2.,7.16979988589464));
#14309=CARTESIAN_POINT('Origin',(53.0000007897615,3.75,5.00000007450581));
#14310=CARTESIAN_POINT('Origin',(53.0000007897615,0.5,5.00000007450581));
#14311=CARTESIAN_POINT('Origin',(55.,0.5,30.));
#14312=CARTESIAN_POINT('',(109.5,0.5,45.));
#14313=CARTESIAN_POINT('',(83.8742543680824,0.5,2.5));
#14314=CARTESIAN_POINT('',(83.8742543680824,0.5,0.));
#14315=CARTESIAN_POINT('',(81.5399696743529,0.5,2.5));
#14316=CARTESIAN_POINT('',(68.8535560106088,0.5,2.5));
#14317=CARTESIAN_POINT('',(81.5399696743529,0.5,0.));
#14318=CARTESIAN_POINT('',(5.00000000000001,0.5,28.));
#14319=CARTESIAN_POINT('Origin',(5.00000000000001,0.5,30.));
#14320=CARTESIAN_POINT('Origin',(51.463776299433,0.5,30.1035604910197));
#14321=CARTESIAN_POINT('Origin',(53.0000007897615,0.5,30.0000004470348));
#14322=CARTESIAN_POINT('',(3.60115047319212,0.5,6.42941246718691));
#14323=CARTESIAN_POINT('Origin',(4.89714152732139,0.5,7.18466552915812));
#14324=CARTESIAN_POINT('Origin',(5.,0.5,5.));
#14325=CARTESIAN_POINT('Origin',(4.89714152732139,0.5,7.18466552915812));
#14326=CARTESIAN_POINT('',(4.89714152732139,5.5,5.68466552915812));
#14327=CARTESIAN_POINT('Origin',(4.89714152732139,5.5,7.18466552915812));
#14328=CARTESIAN_POINT('',(4.89714152732139,2.5,5.68466552915812));
#14329=CARTESIAN_POINT('',(4.89714152732139,0.5,5.68466552915812));
#14330=CARTESIAN_POINT('Origin',(4.89714152732139,2.5,7.18466552915812));
#14331=CARTESIAN_POINT('',(3.60115047319212,0.5,6.42941246718691));
#14332=CARTESIAN_POINT('Origin',(4.89714152732139,2.5,7.18466552915812));
#14333=CARTESIAN_POINT('Origin',(4.89714152732139,2.5,7.18466552915812));
#14334=CARTESIAN_POINT('Origin',(5.00000000000001,2.5,30.));
#14335=CARTESIAN_POINT('',(7.00000000000001,5.5,30.));
#14336=CARTESIAN_POINT('Origin',(5.00000000000001,5.5,30.));
#14337=CARTESIAN_POINT('',(7.00000000000001,2.5,30.));
#14338=CARTESIAN_POINT('',(7.00000000000001,2.5,30.));
#14339=CARTESIAN_POINT('Origin',(5.00000000000001,2.5,30.));
#14340=CARTESIAN_POINT('Origin',(5.00000000000001,5.5,30.));
#14341=CARTESIAN_POINT('',(5.00000000000001,5.5,28.5));
#14342=CARTESIAN_POINT('Origin',(5.00000000000001,5.5,30.));
#14343=CARTESIAN_POINT('Origin',(4.89714152732139,2.5,7.18466552915812));
#14344=CARTESIAN_POINT('',(6.89714152732139,5.5,7.18466552915812));
#14345=CARTESIAN_POINT('Origin',(4.89714152732139,5.5,7.18466552915812));
#14346=CARTESIAN_POINT('',(6.89714152732139,2.5,7.18466552915812));
#14347=CARTESIAN_POINT('',(6.89714152732139,2.5,7.18466552915812));
#14348=CARTESIAN_POINT('Origin',(4.89714152732139,2.5,7.18466552915812));
#14349=CARTESIAN_POINT('Origin',(4.89714152732139,5.5,7.18466552915812));
#14350=CARTESIAN_POINT('Origin',(51.4499988500029,2.5,7.14999984018505));
#14351=CARTESIAN_POINT('Origin',(51.4381734992391,2.5,7.16979988589464));
#14352=CARTESIAN_POINT('Origin',(51.4499988500029,2.5,7.14999984018505));
#14353=CARTESIAN_POINT('',(53.4499988500029,5.5,7.14999984018505));
#14354=CARTESIAN_POINT('Origin',(51.4499988500029,5.5,7.14999984018505));
#14355=CARTESIAN_POINT('',(53.4499988500029,2.5,7.14999984018505));
#14356=CARTESIAN_POINT('',(53.4499988500029,2.5,7.14999984018505));
#14357=CARTESIAN_POINT('Origin',(51.4499988500029,2.5,7.14999984018505));
#14358=CARTESIAN_POINT('Origin',(51.4499988500029,5.5,7.14999984018505));
#14359=CARTESIAN_POINT('Origin',(51.463776299433,2.75,30.1035604910197));
#14360=CARTESIAN_POINT('Origin',(51.4347146868421,2.5,30.1542177740263));
#14361=CARTESIAN_POINT('Origin',(51.4347146868421,2.5,30.1542177740263));
#14362=CARTESIAN_POINT('',(53.4347146868421,5.5,30.1542177740263));
#14363=CARTESIAN_POINT('Origin',(51.4347146868421,5.5,30.1542177740263));
#14364=CARTESIAN_POINT('',(53.4347146868421,2.5,30.1542177740263));
#14365=CARTESIAN_POINT('',(53.4347146868421,2.5,30.1542177740263));
#14366=CARTESIAN_POINT('Origin',(51.4347146868421,2.5,30.1542177740263));
#14367=CARTESIAN_POINT('Origin',(51.4347146868421,5.5,30.1542177740263));
#14368=CARTESIAN_POINT('Origin',(5.00000000000001,3.75,30.));
#14369=CARTESIAN_POINT('',(5.00000000000001,3.75,28.5));
#14370=CARTESIAN_POINT('Origin',(51.4381734992391,1.25,7.16979988589464));
#14371=CARTESIAN_POINT('Origin',(82.5,1.,1.));
#14372=CARTESIAN_POINT('Origin',(-24.,1.,1.));
#14373=CARTESIAN_POINT('Origin',(109.,1.,0.999999999999996));
#14374=CARTESIAN_POINT('Origin',(109.,1.,45.));
#14375=CARTESIAN_POINT('',(110.,1.,45.));
#14376=CARTESIAN_POINT('Origin',(-24.,1.,15.));
#14377=CARTESIAN_POINT('Origin',(50.0806140899658,19.958039522171,59.));
#14378=CARTESIAN_POINT('',(44.0806140899658,19.958039522171,59.));
#14379=CARTESIAN_POINT('Origin',(50.0806140899658,19.958039522171,37.));
#14380=CARTESIAN_POINT('',(52.0806140899658,19.958039522171,37.));
#14381=CARTESIAN_POINT('Origin',(50.0806140899658,19.958039522171,37.));
#14382=CARTESIAN_POINT('',(52.0806140899658,19.958039522171,2.));
#14383=CARTESIAN_POINT('Origin',(50.0806140899658,19.958039522171,2.));
#14384=CARTESIAN_POINT('',(52.0806140899658,19.958039522171,37.));
#14385=CARTESIAN_POINT('Origin',(49.6777916128514,19.7791913409397,0.));
#14386=CARTESIAN_POINT('',(55.6777916128514,19.7791913409397,0.));
#14387=CARTESIAN_POINT('Origin',(-14.1437345291009,35.,49.8018305959522));
#14388=CARTESIAN_POINT('',(-10.5778919451267,36.,49.8018305959522));
#14389=CARTESIAN_POINT('',(-14.1437345291009,36.,49.8018305959522));
#14390=CARTESIAN_POINT('',(-14.1437345291009,36.,49.8018305959522));
#14391=CARTESIAN_POINT('',(-10.5778919451267,37.,49.8018305959522));
#14392=CARTESIAN_POINT('',(-10.5778919451267,35.,49.8018305959522));
#14393=CARTESIAN_POINT('',(-14.1437345291009,37.,49.8018305959522));
#14394=CARTESIAN_POINT('',(22.2110540274366,37.,49.8018305959522));
#14395=CARTESIAN_POINT('',(-14.1437345291009,35.,49.8018305959522));
#14396=CARTESIAN_POINT('Ctrl Pts',(-10.5778919451267,35.,49.8018305959522));
#14397=CARTESIAN_POINT('Ctrl Pts',(-10.5778919451267,37.,49.8018305959522));
#14398=CARTESIAN_POINT('Ctrl Pts',(-10.5194725458652,35.,49.8018305959522));
#14399=CARTESIAN_POINT('Ctrl Pts',(-10.5194725458652,37.,49.8018305959522));
#14400=CARTESIAN_POINT('Ctrl Pts',(-10.4720586117934,35.,49.7544699532011));
#14401=CARTESIAN_POINT('Ctrl Pts',(-10.4720586117934,37.,49.7544699532011));
#14402=CARTESIAN_POINT('Ctrl Pts',(-10.4720586117934,35.,49.6959972626188));
#14403=CARTESIAN_POINT('Ctrl Pts',(-10.4720586117934,37.,49.6959972626188));
#14404=CARTESIAN_POINT('',(-10.4720586117934,36.,49.6959972626189));
#14405=CARTESIAN_POINT('Ctrl Pts',(-10.4720586117934,36.,49.6959972626188));
#14406=CARTESIAN_POINT('Ctrl Pts',(-10.4720586117934,36.,49.7544699532011));
#14407=CARTESIAN_POINT('Ctrl Pts',(-10.5194725458652,36.,49.8018305959522));
#14408=CARTESIAN_POINT('Ctrl Pts',(-10.5778919451267,36.,49.8018305959522));
#14409=CARTESIAN_POINT('',(-10.4720586117934,37.,49.6959972626189));
#14410=CARTESIAN_POINT('',(-10.4720586117934,35.,49.6959972626189));
#14411=CARTESIAN_POINT('Ctrl Pts',(-10.5778919451267,37.,49.8018305959522));
#14412=CARTESIAN_POINT('Ctrl Pts',(-10.5194725458652,37.,49.8018305959522));
#14413=CARTESIAN_POINT('Ctrl Pts',(-10.4720586117934,37.,49.7544699532011));
#14414=CARTESIAN_POINT('Ctrl Pts',(-10.4720586117934,37.,49.6959972626188));
#14415=CARTESIAN_POINT('Origin',(-10.4720586117934,35.,49.6959972626189));
#14416=CARTESIAN_POINT('',(-10.4720586117934,36.,48.0420341036935));
#14417=CARTESIAN_POINT('',(-10.4720586117934,36.,49.6959972626189));
#14418=CARTESIAN_POINT('',(-10.4720586117934,37.,48.0420341036935));
#14419=CARTESIAN_POINT('',(-10.4720586117934,35.,48.0420341036935));
#14420=CARTESIAN_POINT('',(-10.4720586117934,37.,39.0210170518467));
#14421=CARTESIAN_POINT('Ctrl Pts',(-10.4720586117934,35.,48.0420341036935));
#14422=CARTESIAN_POINT('Ctrl Pts',(-10.4720586117934,37.,48.0420341036935));
#14423=CARTESIAN_POINT('Ctrl Pts',(-10.4720586117934,35.,47.9835614131112));
#14424=CARTESIAN_POINT('Ctrl Pts',(-10.4720586117934,37.,47.9835614131112));
#14425=CARTESIAN_POINT('Ctrl Pts',(-10.5194725458652,35.,47.9362007703601));
#14426=CARTESIAN_POINT('Ctrl Pts',(-10.5194725458652,37.,47.9362007703601));
#14427=CARTESIAN_POINT('Ctrl Pts',(-10.5778919451267,35.,47.9362007703601));
#14428=CARTESIAN_POINT('Ctrl Pts',(-10.5778919451267,37.,47.9362007703601));
#14429=CARTESIAN_POINT('',(-10.5778919451267,36.,47.9362007703601));
#14430=CARTESIAN_POINT('Ctrl Pts',(-10.5778919451267,36.,47.9362007703601));
#14431=CARTESIAN_POINT('Ctrl Pts',(-10.5194725458652,36.,47.9362007703601));
#14432=CARTESIAN_POINT('Ctrl Pts',(-10.4720586117934,36.,47.9835614131112));
#14433=CARTESIAN_POINT('Ctrl Pts',(-10.4720586117934,36.,48.0420341036935));
#14434=CARTESIAN_POINT('',(-10.5778919451267,37.,47.9362007703601));
#14435=CARTESIAN_POINT('',(-10.5778919451267,35.,47.9362007703601));
#14436=CARTESIAN_POINT('Ctrl Pts',(-10.4720586117934,37.,48.0420341036935));
#14437=CARTESIAN_POINT('Ctrl Pts',(-10.4720586117934,37.,47.9835614131112));
#14438=CARTESIAN_POINT('Ctrl Pts',(-10.5194725458652,37.,47.9362007703601));
#14439=CARTESIAN_POINT('Ctrl Pts',(-10.5778919451267,37.,47.9362007703601));
#14440=CARTESIAN_POINT('Origin',(-10.5778919451267,35.,47.9362007703601));
#14441=CARTESIAN_POINT('',(-14.4105932403436,36.,47.9362007703601));
#14442=CARTESIAN_POINT('',(-10.5778919451267,36.,47.9362007703601));
#14443=CARTESIAN_POINT('',(-14.4105932403436,37.,47.9362007703601));
#14444=CARTESIAN_POINT('',(-14.4105932403436,35.,47.9362007703601));
#14445=CARTESIAN_POINT('',(20.2947033798282,37.,47.9362007703601));
#14446=CARTESIAN_POINT('Ctrl Pts',(-14.4105932403436,35.,47.9362007703601));
#14447=CARTESIAN_POINT('Ctrl Pts',(-14.4105932403436,37.,47.9362007703601));
#14448=CARTESIAN_POINT('Ctrl Pts',(-15.6560400717289,35.,47.9362007703601));
#14449=CARTESIAN_POINT('Ctrl Pts',(-15.6560400717289,37.,47.9362007703601));
#14450=CARTESIAN_POINT('Ctrl Pts',(-16.4567118876011,35.,48.4046193685352));
#14451=CARTESIAN_POINT('Ctrl Pts',(-16.4567118876011,37.,48.4046193685352));
#14452=CARTESIAN_POINT('Ctrl Pts',(-16.4567118876011,35.,49.6241363388518));
#14453=CARTESIAN_POINT('Ctrl Pts',(-16.4567118876011,37.,49.6241363388518));
#14454=CARTESIAN_POINT('',(-16.4567118876011,36.,49.6241363388518));
#14455=CARTESIAN_POINT('Ctrl Pts',(-16.4567118876011,36.,49.6241363388518));
#14456=CARTESIAN_POINT('Ctrl Pts',(-16.4567118876011,36.,48.4046193685352));
#14457=CARTESIAN_POINT('Ctrl Pts',(-15.6560400717289,36.,47.9362007703601));
#14458=CARTESIAN_POINT('Ctrl Pts',(-14.4105932403436,36.,47.9362007703601));
#14459=CARTESIAN_POINT('',(-16.4567118876011,37.,49.6241363388518));
#14460=CARTESIAN_POINT('',(-16.4567118876011,35.,49.6241363388518));
#14461=CARTESIAN_POINT('Ctrl Pts',(-14.4105932403436,37.,47.9362007703601));
#14462=CARTESIAN_POINT('Ctrl Pts',(-15.6560400717289,37.,47.9362007703601));
#14463=CARTESIAN_POINT('Ctrl Pts',(-16.4567118876011,37.,48.4046193685352));
#14464=CARTESIAN_POINT('Ctrl Pts',(-16.4567118876011,37.,49.6241363388518));
#14465=CARTESIAN_POINT('Ctrl Pts',(-16.4567118876011,35.,49.6241363388518));
#14466=CARTESIAN_POINT('Ctrl Pts',(-16.4567118876011,37.,49.6241363388518));
#14467=CARTESIAN_POINT('Ctrl Pts',(-16.4567118876011,35.,50.1136155055184));
#14468=CARTESIAN_POINT('Ctrl Pts',(-16.4567118876011,37.,50.1136155055184));
#14469=CARTESIAN_POINT('Ctrl Pts',(-16.338860957705,35.,50.591294681849));
#14470=CARTESIAN_POINT('Ctrl Pts',(-16.338860957705,37.,50.591294681849));
#14471=CARTESIAN_POINT('Ctrl Pts',(-16.0779975200525,35.,50.9718710158486));
#14472=CARTESIAN_POINT('Ctrl Pts',(-16.0779975200525,37.,50.9718710158486));
#14473=CARTESIAN_POINT('',(-16.0779975200525,36.,50.9718710158486));
#14474=CARTESIAN_POINT('Ctrl Pts',(-16.0779975200525,36.,50.9718710158486));
#14475=CARTESIAN_POINT('Ctrl Pts',(-16.338860957705,36.,50.591294681849));
#14476=CARTESIAN_POINT('Ctrl Pts',(-16.4567118876011,36.,50.1136155055184));
#14477=CARTESIAN_POINT('Ctrl Pts',(-16.4567118876011,36.,49.6241363388518));
#14478=CARTESIAN_POINT('',(-16.0779975200525,37.,50.9718710158486));
#14479=CARTESIAN_POINT('',(-16.0779975200525,35.,50.9718710158486));
#14480=CARTESIAN_POINT('Ctrl Pts',(-16.4567118876011,37.,49.6241363388518));
#14481=CARTESIAN_POINT('Ctrl Pts',(-16.4567118876011,37.,50.1136155055184));
#14482=CARTESIAN_POINT('Ctrl Pts',(-16.338860957705,37.,50.591294681849));
#14483=CARTESIAN_POINT('Ctrl Pts',(-16.0779975200525,37.,50.9718710158486));
#14484=CARTESIAN_POINT('Ctrl Pts',(-16.0779975200525,35.,50.9718710158486));
#14485=CARTESIAN_POINT('Ctrl Pts',(-16.0779975200525,37.,50.9718710158486));
#14486=CARTESIAN_POINT('Ctrl Pts',(-16.0261923004022,35.,51.0474360901335));
#14487=CARTESIAN_POINT('Ctrl Pts',(-16.0261923004022,37.,51.0474360901335));
#14488=CARTESIAN_POINT('Ctrl Pts',(-16.0772038023502,35.,51.1586671883085));
#14489=CARTESIAN_POINT('Ctrl Pts',(-16.0772038023502,37.,51.1586671883085));
#14490=CARTESIAN_POINT('Ctrl Pts',(-16.1688874825667,35.,51.1586671883085));
#14491=CARTESIAN_POINT('Ctrl Pts',(-16.1688874825667,37.,51.1586671883085));
#14492=CARTESIAN_POINT('',(-16.1688874825667,36.,51.1586671883085));
#14493=CARTESIAN_POINT('Ctrl Pts',(-16.1688874825667,36.,51.1586671883085));
#14494=CARTESIAN_POINT('Ctrl Pts',(-16.0772038023502,36.,51.1586671883085));
#14495=CARTESIAN_POINT('Ctrl Pts',(-16.0261923004022,36.,51.0474360901335));
#14496=CARTESIAN_POINT('Ctrl Pts',(-16.0779975200525,36.,50.9718710158486));
#14497=CARTESIAN_POINT('',(-16.1688874825667,37.,51.1586671883085));
#14498=CARTESIAN_POINT('',(-16.1688874825667,35.,51.1586671883085));
#14499=CARTESIAN_POINT('Ctrl Pts',(-16.0779975200525,37.,50.9718710158486));
#14500=CARTESIAN_POINT('Ctrl Pts',(-16.0261923004022,37.,51.0474360901335));
#14501=CARTESIAN_POINT('Ctrl Pts',(-16.0772038023502,37.,51.1586671883085));
#14502=CARTESIAN_POINT('Ctrl Pts',(-16.1688874825667,37.,51.1586671883085));
#14503=CARTESIAN_POINT('Origin',(-16.1688874825667,35.,51.1586671883085));
#14504=CARTESIAN_POINT('',(-18.870823052012,36.,51.1586671883085));
#14505=CARTESIAN_POINT('',(-16.1688874825667,36.,51.1586671883085));
#14506=CARTESIAN_POINT('',(-18.870823052012,37.,51.1586671883085));
#14507=CARTESIAN_POINT('',(-18.870823052012,35.,51.1586671883085));
#14508=CARTESIAN_POINT('',(18.064588473994,37.,51.1586671883085));
#14509=CARTESIAN_POINT('Ctrl Pts',(-18.870823052012,35.,51.1586671883085));
#14510=CARTESIAN_POINT('Ctrl Pts',(-18.870823052012,37.,51.1586671883085));
#14511=CARTESIAN_POINT('Ctrl Pts',(-18.9363495756021,35.,51.1586671883085));
#14512=CARTESIAN_POINT('Ctrl Pts',(-18.9363495756021,37.,51.1586671883085));
#14513=CARTESIAN_POINT('Ctrl Pts',(-18.9861283120345,35.,51.217616271001));
#14514=CARTESIAN_POINT('Ctrl Pts',(-18.9861283120345,37.,51.217616271001));
#14515=CARTESIAN_POINT('Ctrl Pts',(-18.9751587781142,35.,51.2821746689299));
#14516=CARTESIAN_POINT('Ctrl Pts',(-18.9751587781142,37.,51.2821746689299));
#14517=CARTESIAN_POINT('',(-18.9751587781142,36.,51.2821746689299));
#14518=CARTESIAN_POINT('Ctrl Pts',(-18.9751587781142,36.,51.2821746689299));
#14519=CARTESIAN_POINT('Ctrl Pts',(-18.9861283120345,36.,51.217616271001));
#14520=CARTESIAN_POINT('Ctrl Pts',(-18.9363495756021,36.,51.1586671883085));
#14521=CARTESIAN_POINT('Ctrl Pts',(-18.870823052012,36.,51.1586671883085));
#14522=CARTESIAN_POINT('',(-18.9751587781142,37.,51.2821746689299));
#14523=CARTESIAN_POINT('',(-18.9751587781142,35.,51.2821746689299));
#14524=CARTESIAN_POINT('Ctrl Pts',(-18.870823052012,37.,51.1586671883085));
#14525=CARTESIAN_POINT('Ctrl Pts',(-18.9363495756021,37.,51.1586671883085));
#14526=CARTESIAN_POINT('Ctrl Pts',(-18.9861283120345,37.,51.217616271001));
#14527=CARTESIAN_POINT('Ctrl Pts',(-18.9751587781142,37.,51.2821746689299));
#14528=CARTESIAN_POINT('Ctrl Pts',(-15.0576055885186,35.,50.2702491941272));
#14529=CARTESIAN_POINT('Ctrl Pts',(-15.0576055885186,37.,50.2702491941272));
#14530=CARTESIAN_POINT('Ctrl Pts',(-15.0576055885186,35.,49.9068177277067));
#14531=CARTESIAN_POINT('Ctrl Pts',(-15.0576055885186,37.,49.9068177277067));
#14532=CARTESIAN_POINT('Ctrl Pts',(-14.6936448423893,35.,49.8018305959522));
#14533=CARTESIAN_POINT('Ctrl Pts',(-14.6936448423893,37.,49.8018305959522));
#14534=CARTESIAN_POINT('Ctrl Pts',(-14.1437345291009,35.,49.8018305959522));
#14535=CARTESIAN_POINT('Ctrl Pts',(-14.1437345291009,37.,49.8018305959522));
#14536=CARTESIAN_POINT('',(-15.0576055885186,36.,50.2702491941272));
#14537=CARTESIAN_POINT('Ctrl Pts',(-14.1437345291009,36.,49.8018305959522));
#14538=CARTESIAN_POINT('Ctrl Pts',(-14.6936448423893,36.,49.8018305959522));
#14539=CARTESIAN_POINT('Ctrl Pts',(-15.0576055885186,36.,49.9068177277067));
#14540=CARTESIAN_POINT('Ctrl Pts',(-15.0576055885186,36.,50.2702491941272));
#14541=CARTESIAN_POINT('',(-15.0576055885186,37.,50.2702491941272));
#14542=CARTESIAN_POINT('Ctrl Pts',(-15.0576055885186,37.,50.2702491941272));
#14543=CARTESIAN_POINT('Ctrl Pts',(-15.0576055885186,37.,49.9068177277067));
#14544=CARTESIAN_POINT('Ctrl Pts',(-14.6936448423893,37.,49.8018305959522));
#14545=CARTESIAN_POINT('Ctrl Pts',(-14.1437345291009,37.,49.8018305959522));
#14546=CARTESIAN_POINT('',(-15.0576055885186,35.,50.2702491941272));
#14547=CARTESIAN_POINT('Ctrl Pts',(-13.5776321324538,35.,51.1586671883085));
#14548=CARTESIAN_POINT('Ctrl Pts',(-13.5776321324538,37.,51.1586671883085));
#14549=CARTESIAN_POINT('Ctrl Pts',(-14.4915031918715,35.,51.1586671883085));
#14550=CARTESIAN_POINT('Ctrl Pts',(-14.4915031918715,37.,51.1586671883085));
#14551=CARTESIAN_POINT('Ctrl Pts',(-15.0576055885186,35.,50.6740561030526));
#14552=CARTESIAN_POINT('Ctrl Pts',(-15.0576055885186,37.,50.6740561030526));
#14553=CARTESIAN_POINT('Ctrl Pts',(-15.0576055885186,35.,50.2702491941272));
#14554=CARTESIAN_POINT('Ctrl Pts',(-15.0576055885186,37.,50.2702491941272));
#14555=CARTESIAN_POINT('',(-13.5776321324538,36.,51.1586671883085));
#14556=CARTESIAN_POINT('Ctrl Pts',(-15.0576055885186,36.,50.2702491941272));
#14557=CARTESIAN_POINT('Ctrl Pts',(-15.0576055885186,36.,50.6740561030526));
#14558=CARTESIAN_POINT('Ctrl Pts',(-14.4915031918715,36.,51.1586671883085));
#14559=CARTESIAN_POINT('Ctrl Pts',(-13.5776321324538,36.,51.1586671883085));
#14560=CARTESIAN_POINT('',(-13.5776321324538,37.,51.1586671883085));
#14561=CARTESIAN_POINT('Ctrl Pts',(-13.5776321324538,37.,51.1586671883085));
#14562=CARTESIAN_POINT('Ctrl Pts',(-14.4915031918715,37.,51.1586671883085));
#14563=CARTESIAN_POINT('Ctrl Pts',(-15.0576055885186,37.,50.6740561030526));
#14564=CARTESIAN_POINT('Ctrl Pts',(-15.0576055885186,37.,50.2702491941272));
#14565=CARTESIAN_POINT('',(-13.5776321324538,35.,51.1586671883085));
#14566=CARTESIAN_POINT('Origin',(-10.5778919451267,35.,51.1586671883085));
#14567=CARTESIAN_POINT('',(-10.5778919451267,36.,51.1586671883085));
#14568=CARTESIAN_POINT('',(-10.5778919451267,36.,51.1586671883085));
#14569=CARTESIAN_POINT('',(-10.5778919451267,37.,51.1586671883085));
#14570=CARTESIAN_POINT('',(20.7111839337731,37.,51.1586671883085));
#14571=CARTESIAN_POINT('',(-10.5778919451267,35.,51.1586671883085));
#14572=CARTESIAN_POINT('Ctrl Pts',(-10.4720586117934,35.,51.2645005216419));
#14573=CARTESIAN_POINT('Ctrl Pts',(-10.4720586117934,37.,51.2645005216419));
#14574=CARTESIAN_POINT('Ctrl Pts',(-10.4720586117934,35.,51.2060274273375));
#14575=CARTESIAN_POINT('Ctrl Pts',(-10.4720586117934,37.,51.2060274273375));
#14576=CARTESIAN_POINT('Ctrl Pts',(-10.5194725458652,35.,51.1586671883085));
#14577=CARTESIAN_POINT('Ctrl Pts',(-10.5194725458652,37.,51.1586671883085));
#14578=CARTESIAN_POINT('Ctrl Pts',(-10.5778919451267,35.,51.1586671883085));
#14579=CARTESIAN_POINT('Ctrl Pts',(-10.5778919451267,37.,51.1586671883085));
#14580=CARTESIAN_POINT('',(-10.4720586117934,36.,51.2645005216419));
#14581=CARTESIAN_POINT('Ctrl Pts',(-10.5778919451267,36.,51.1586671883085));
#14582=CARTESIAN_POINT('Ctrl Pts',(-10.5194725458652,36.,51.1586671883085));
#14583=CARTESIAN_POINT('Ctrl Pts',(-10.4720586117934,36.,51.2060274273375));
#14584=CARTESIAN_POINT('Ctrl Pts',(-10.4720586117934,36.,51.2645005216419));
#14585=CARTESIAN_POINT('',(-10.4720586117934,37.,51.2645005216419));
#14586=CARTESIAN_POINT('Ctrl Pts',(-10.4720586117934,37.,51.2645005216419));
#14587=CARTESIAN_POINT('Ctrl Pts',(-10.4720586117934,37.,51.2060274273375));
#14588=CARTESIAN_POINT('Ctrl Pts',(-10.5194725458652,37.,51.1586671883085));
#14589=CARTESIAN_POINT('Ctrl Pts',(-10.5778919451267,37.,51.1586671883085));
#14590=CARTESIAN_POINT('',(-10.4720586117934,35.,51.2645005216419));
#14591=CARTESIAN_POINT('Origin',(-10.4720586117934,35.,52.9103674370268));
#14592=CARTESIAN_POINT('',(-10.4720586117934,36.,52.9103674370268));
#14593=CARTESIAN_POINT('',(-10.4720586117934,36.,52.9103674370268));
#14594=CARTESIAN_POINT('',(-10.4720586117934,37.,52.9103674370268));
#14595=CARTESIAN_POINT('',(-10.4720586117934,37.,40.6322502608209));
#14596=CARTESIAN_POINT('',(-10.4720586117934,35.,52.9103674370268));
#14597=CARTESIAN_POINT('Ctrl Pts',(-10.5778919451267,35.,53.0162007703601));
#14598=CARTESIAN_POINT('Ctrl Pts',(-10.5778919451267,37.,53.0162007703601));
#14599=CARTESIAN_POINT('Ctrl Pts',(-10.5194725458652,35.,53.0162007703601));
#14600=CARTESIAN_POINT('Ctrl Pts',(-10.5194725458652,37.,53.0162007703601));
#14601=CARTESIAN_POINT('Ctrl Pts',(-10.4720586117934,35.,52.9688191340585));
#14602=CARTESIAN_POINT('Ctrl Pts',(-10.4720586117934,37.,52.9688191340585));
#14603=CARTESIAN_POINT('Ctrl Pts',(-10.4720586117934,35.,52.9103674370268));
#14604=CARTESIAN_POINT('Ctrl Pts',(-10.4720586117934,37.,52.9103674370268));
#14605=CARTESIAN_POINT('',(-10.5778919451267,36.,53.0162007703601));
#14606=CARTESIAN_POINT('Ctrl Pts',(-10.4720586117934,36.,52.9103674370268));
#14607=CARTESIAN_POINT('Ctrl Pts',(-10.4720586117934,36.,52.9688191340585));
#14608=CARTESIAN_POINT('Ctrl Pts',(-10.5194725458652,36.,53.0162007703601));
#14609=CARTESIAN_POINT('Ctrl Pts',(-10.5778919451267,36.,53.0162007703601));
#14610=CARTESIAN_POINT('',(-10.5778919451267,37.,53.0162007703601));
#14611=CARTESIAN_POINT('Ctrl Pts',(-10.5778919451267,37.,53.0162007703601));
#14612=CARTESIAN_POINT('Ctrl Pts',(-10.5194725458652,37.,53.0162007703601));
#14613=CARTESIAN_POINT('Ctrl Pts',(-10.4720586117934,37.,52.9688191340585));
#14614=CARTESIAN_POINT('Ctrl Pts',(-10.4720586117934,37.,52.9103674370268));
#14615=CARTESIAN_POINT('',(-10.5778919451267,35.,53.0162007703601));
#14616=CARTESIAN_POINT('Origin',(-18.5913595303725,35.,53.0162007703601));
#14617=CARTESIAN_POINT('',(-18.5913595303725,36.,53.0162007703601));
#14618=CARTESIAN_POINT('',(-18.5913595303725,36.,53.0162007703601));
#14619=CARTESIAN_POINT('',(-18.5913595303725,37.,53.0162007703601));
#14620=CARTESIAN_POINT('',(22.2110540274366,37.,53.0162007703601));
#14621=CARTESIAN_POINT('',(-18.5913595303725,35.,53.0162007703601));
#14622=CARTESIAN_POINT('Ctrl Pts',(-18.6956952564747,35.,52.9280839751382));
#14623=CARTESIAN_POINT('Ctrl Pts',(-18.6956952564747,37.,52.9280839751382));
#14624=CARTESIAN_POINT('Ctrl Pts',(-18.6870592364501,35.,52.9789687083383));
#14625=CARTESIAN_POINT('Ctrl Pts',(-18.6870592364501,37.,52.9789687083383));
#14626=CARTESIAN_POINT('Ctrl Pts',(-18.6429691466521,35.,53.0162007703601));
#14627=CARTESIAN_POINT('Ctrl Pts',(-18.6429691466521,37.,53.0162007703601));
#14628=CARTESIAN_POINT('Ctrl Pts',(-18.5913595303725,35.,53.0162007703601));
#14629=CARTESIAN_POINT('Ctrl Pts',(-18.5913595303725,37.,53.0162007703601));
#14630=CARTESIAN_POINT('',(-18.6956952564747,36.,52.9280839751382));
#14631=CARTESIAN_POINT('Ctrl Pts',(-18.5913595303725,36.,53.0162007703601));
#14632=CARTESIAN_POINT('Ctrl Pts',(-18.6429691466521,36.,53.0162007703601));
#14633=CARTESIAN_POINT('Ctrl Pts',(-18.6870592364501,36.,52.9789687083383));
#14634=CARTESIAN_POINT('Ctrl Pts',(-18.6956952564747,36.,52.9280839751382));
#14635=CARTESIAN_POINT('',(-18.6956952564747,37.,52.9280839751382));
#14636=CARTESIAN_POINT('Ctrl Pts',(-18.6956952564747,37.,52.9280839751382));
#14637=CARTESIAN_POINT('Ctrl Pts',(-18.6870592364501,37.,52.9789687083383));
#14638=CARTESIAN_POINT('Ctrl Pts',(-18.6429691466521,37.,53.0162007703601));
#14639=CARTESIAN_POINT('Ctrl Pts',(-18.5913595303725,37.,53.0162007703601));
#14640=CARTESIAN_POINT('',(-18.6956952564747,35.,52.9280839751382));
#14641=CARTESIAN_POINT('Origin',(-18.9751587781142,35.,51.2821746689299));
#14642=CARTESIAN_POINT('',(-18.9751587781142,36.,51.2821746689299));
#14643=CARTESIAN_POINT('',(-19.5551216321604,37.,47.8664649794156));
#14644=CARTESIAN_POINT('Origin',(55.,37.,30.));
#14645=CARTESIAN_POINT('Ctrl Pts',(-21.4303068837355,35.,50.4762007703601));
#14646=CARTESIAN_POINT('Ctrl Pts',(-21.4303068837355,36.,50.4762007703601));
#14647=CARTESIAN_POINT('Ctrl Pts',(-21.4303068837355,35.,55.8948674168407));
#14648=CARTESIAN_POINT('Ctrl Pts',(-21.4303068837355,36.,55.8948674168407));
#14649=CARTESIAN_POINT('Ctrl Pts',(-20.0756401968828,35.,57.2495341036935));
#14650=CARTESIAN_POINT('Ctrl Pts',(-20.0756401968828,36.,57.2495341036935));
#14651=CARTESIAN_POINT('Ctrl Pts',(-14.6569735504022,35.,57.2495341036935));
#14652=CARTESIAN_POINT('Ctrl Pts',(-14.6569735504022,36.,57.2495341036935));
#14653=CARTESIAN_POINT('',(-14.6569735504022,36.,57.2495341036935));
#14654=CARTESIAN_POINT('',(-14.6569735504022,35.,57.2495341036935));
#14655=CARTESIAN_POINT('',(-21.4303068837355,36.,50.4762007703601));
#14656=CARTESIAN_POINT('Ctrl Pts',(-21.4303068837355,36.,50.4762007703601));
#14657=CARTESIAN_POINT('Ctrl Pts',(-21.4303068837355,36.,55.8948674168407));
#14658=CARTESIAN_POINT('Ctrl Pts',(-20.0756401968828,36.,57.2495341036935));
#14659=CARTESIAN_POINT('Ctrl Pts',(-14.6569735504022,36.,57.2495341036935));
#14660=CARTESIAN_POINT('',(-21.4303068837355,35.,50.4762007703601));
#14661=CARTESIAN_POINT('Ctrl Pts',(-14.6569735504022,35.,43.7028674370268));
#14662=CARTESIAN_POINT('Ctrl Pts',(-14.6569735504022,36.,43.7028674370268));
#14663=CARTESIAN_POINT('Ctrl Pts',(-20.0756401968828,35.,43.7028674370268));
#14664=CARTESIAN_POINT('Ctrl Pts',(-20.0756401968828,36.,43.7028674370268));
#14665=CARTESIAN_POINT('Ctrl Pts',(-21.4303068837355,35.,45.0575344266712));
#14666=CARTESIAN_POINT('Ctrl Pts',(-21.4303068837355,36.,45.0575344266712));
#14667=CARTESIAN_POINT('Ctrl Pts',(-21.4303068837355,35.,50.4762007703601));
#14668=CARTESIAN_POINT('Ctrl Pts',(-21.4303068837355,36.,50.4762007703601));
#14669=CARTESIAN_POINT('',(-14.6569735504022,36.,43.7028674370268));
#14670=CARTESIAN_POINT('Ctrl Pts',(-14.6569735504022,36.,43.7028674370268));
#14671=CARTESIAN_POINT('Ctrl Pts',(-20.0756401968828,36.,43.7028674370268));
#14672=CARTESIAN_POINT('Ctrl Pts',(-21.4303068837355,36.,45.0575344266712));
#14673=CARTESIAN_POINT('Ctrl Pts',(-21.4303068837355,36.,50.4762007703601));
#14674=CARTESIAN_POINT('',(-14.6569735504022,35.,43.7028674370268));
#14675=CARTESIAN_POINT('Ctrl Pts',(-7.88364021706885,35.,50.4762007703601));
#14676=CARTESIAN_POINT('Ctrl Pts',(-7.88364021706885,36.,50.4762007703601));
#14677=CARTESIAN_POINT('Ctrl Pts',(-7.88364021706885,35.,45.0575344266712));
#14678=CARTESIAN_POINT('Ctrl Pts',(-7.88364021706885,36.,45.0575344266712));
#14679=CARTESIAN_POINT('Ctrl Pts',(-9.23830720671322,35.,43.7028674370268));
#14680=CARTESIAN_POINT('Ctrl Pts',(-9.23830720671322,36.,43.7028674370268));
#14681=CARTESIAN_POINT('Ctrl Pts',(-14.6569735504022,35.,43.7028674370268));
#14682=CARTESIAN_POINT('Ctrl Pts',(-14.6569735504022,36.,43.7028674370268));
#14683=CARTESIAN_POINT('',(-7.88364021706885,36.,50.4762007703601));
#14684=CARTESIAN_POINT('Ctrl Pts',(-7.88364021706885,36.,50.4762007703601));
#14685=CARTESIAN_POINT('Ctrl Pts',(-7.88364021706885,36.,45.0575344266712));
#14686=CARTESIAN_POINT('Ctrl Pts',(-9.23830720671322,36.,43.7028674370268));
#14687=CARTESIAN_POINT('Ctrl Pts',(-14.6569735504022,36.,43.7028674370268));
#14688=CARTESIAN_POINT('',(-7.88364021706885,35.,50.4762007703601));
#14689=CARTESIAN_POINT('Ctrl Pts',(-14.6569735504022,35.,57.2495341036935));
#14690=CARTESIAN_POINT('Ctrl Pts',(-14.6569735504022,36.,57.2495341036935));
#14691=CARTESIAN_POINT('Ctrl Pts',(-9.23830720671322,35.,57.2495341036935));
#14692=CARTESIAN_POINT('Ctrl Pts',(-9.23830720671322,36.,57.2495341036935));
#14693=CARTESIAN_POINT('Ctrl Pts',(-7.88364021706886,35.,55.8948674168407));
#14694=CARTESIAN_POINT('Ctrl Pts',(-7.88364021706886,36.,55.8948674168407));
#14695=CARTESIAN_POINT('Ctrl Pts',(-7.88364021706885,35.,50.4762007703601));
#14696=CARTESIAN_POINT('Ctrl Pts',(-7.88364021706885,36.,50.4762007703601));
#14697=CARTESIAN_POINT('Ctrl Pts',(-14.6569735504022,36.,57.2495341036935));
#14698=CARTESIAN_POINT('Ctrl Pts',(-9.23830720671322,36.,57.2495341036935));
#14699=CARTESIAN_POINT('Ctrl Pts',(-7.88364021706886,36.,55.8948674168407));
#14700=CARTESIAN_POINT('Ctrl Pts',(-7.88364021706885,36.,50.4762007703601));
#14701=CARTESIAN_POINT('Origin',(-14.6569735504022,36.,50.4762007703601));
#14702=CARTESIAN_POINT('Origin',(-13.6214181780815,35.,39.233970195055));
#14703=CARTESIAN_POINT('',(-9.62141841650011,36.,39.233970195055));
#14704=CARTESIAN_POINT('',(-9.62141841650011,35.,39.233970195055));
#14705=CARTESIAN_POINT('',(-13.6214181780815,36.,39.233970195055));
#14706=CARTESIAN_POINT('',(-9.62141841650011,36.,39.233970195055));
#14707=CARTESIAN_POINT('',(-13.6214181780815,35.,39.233970195055));
#14708=CARTESIAN_POINT('Origin',(-13.6214181780815,35.,38.4372444450855));
#14709=CARTESIAN_POINT('',(-13.6214181780815,36.,38.4372444450855));
#14710=CARTESIAN_POINT('',(-13.6214181780815,36.,39.233970195055));
#14711=CARTESIAN_POINT('',(-13.6214181780815,35.,38.4372444450855));
#14712=CARTESIAN_POINT('Origin',(-10.7892212271691,35.,37.4904502928257));
#14713=CARTESIAN_POINT('',(-10.7892212271691,36.,37.4904502928257));
#14714=CARTESIAN_POINT('',(-13.6214181780815,36.,38.4372444450855));
#14715=CARTESIAN_POINT('',(-10.7892212271691,35.,37.4904502928257));
#14716=CARTESIAN_POINT('Ctrl Pts',(-10.197134912014,35.,37.2994543612003));
#14717=CARTESIAN_POINT('Ctrl Pts',(-10.197134912014,36.,37.2994543612003));
#14718=CARTESIAN_POINT('Ctrl Pts',(-10.2792752936595,35.,37.3251960176741));
#14719=CARTESIAN_POINT('Ctrl Pts',(-10.2792752936595,36.,37.3251960176741));
#14720=CARTESIAN_POINT('Ctrl Pts',(-10.4771675815517,35.,37.3872127163026));
#14721=CARTESIAN_POINT('Ctrl Pts',(-10.4771675815517,36.,37.3872127163026));
#14722=CARTESIAN_POINT('Ctrl Pts',(-10.6740563205442,35.,37.4523499660792));
#14723=CARTESIAN_POINT('Ctrl Pts',(-10.6740563205442,36.,37.4523499660792));
#14724=CARTESIAN_POINT('Ctrl Pts',(-10.7892212271691,35.,37.4904502928257));
#14725=CARTESIAN_POINT('Ctrl Pts',(-10.7892212271691,36.,37.4904502928257));
#14726=CARTESIAN_POINT('',(-10.197134912014,36.,37.2994543612003));
#14727=CARTESIAN_POINT('Ctrl Pts',(-10.197134912014,36.,37.2994543612003));
#14728=CARTESIAN_POINT('Ctrl Pts',(-10.2792752936595,36.,37.3251960176741));
#14729=CARTESIAN_POINT('Ctrl Pts',(-10.4771675815517,36.,37.3872127163026));
#14730=CARTESIAN_POINT('Ctrl Pts',(-10.6740563205442,36.,37.4523499660792));
#14731=CARTESIAN_POINT('Ctrl Pts',(-10.7892212271691,36.,37.4904502928257));
#14732=CARTESIAN_POINT('',(-10.197134912014,35.,37.2994543612003));
#14733=CARTESIAN_POINT('Ctrl Pts',(-10.838335454464,35.,37.0866306126118));
#14734=CARTESIAN_POINT('Ctrl Pts',(-10.838335454464,36.,37.0866306126118));
#14735=CARTESIAN_POINT('Ctrl Pts',(-10.7145616562695,35.,37.1289085782567));
#14736=CARTESIAN_POINT('Ctrl Pts',(-10.7145616562695,36.,37.1289085782567));
#14737=CARTESIAN_POINT('Ctrl Pts',(-10.5014418229275,35.,37.2017048657078));
#14738=CARTESIAN_POINT('Ctrl Pts',(-10.5014418229275,36.,37.2017048657078));
#14739=CARTESIAN_POINT('Ctrl Pts',(-10.2870247765924,35.,37.2705799301661));
#14740=CARTESIAN_POINT('Ctrl Pts',(-10.2870247765924,36.,37.2705799301661));
#14741=CARTESIAN_POINT('Ctrl Pts',(-10.197134912014,35.,37.2994543612003));
#14742=CARTESIAN_POINT('Ctrl Pts',(-10.197134912014,36.,37.2994543612003));
#14743=CARTESIAN_POINT('',(-10.838335454464,36.,37.0866306126118));
#14744=CARTESIAN_POINT('Ctrl Pts',(-10.838335454464,36.,37.0866306126118));
#14745=CARTESIAN_POINT('Ctrl Pts',(-10.7145616562695,36.,37.1289085782567));
#14746=CARTESIAN_POINT('Ctrl Pts',(-10.5014418229275,36.,37.2017048657078));
#14747=CARTESIAN_POINT('Ctrl Pts',(-10.2870247765924,36.,37.2705799301661));
#14748=CARTESIAN_POINT('Ctrl Pts',(-10.197134912014,36.,37.2994543612003));
#14749=CARTESIAN_POINT('',(-10.838335454464,35.,37.0866306126118));
#14750=CARTESIAN_POINT('Origin',(-13.6214181780815,35.,36.1289225518703));
#14751=CARTESIAN_POINT('',(-13.6214181780815,36.,36.1289225518703));
#14752=CARTESIAN_POINT('',(-10.838335454464,36.,37.0866306126118));
#14753=CARTESIAN_POINT('',(-13.6214181780815,35.,36.1289225518703));
#14754=CARTESIAN_POINT('Origin',(-13.6214181780815,35.,35.4167805612087));
#14755=CARTESIAN_POINT('',(-13.6214181780815,36.,35.4167805612087));
#14756=CARTESIAN_POINT('',(-13.6214181780815,36.,36.1289225518703));
#14757=CARTESIAN_POINT('',(-13.6214181780815,35.,35.4167805612087));
#14758=CARTESIAN_POINT('Origin',(-9.62141841650011,35.,35.4167805612087));
#14759=CARTESIAN_POINT('',(-9.62141841650011,36.,35.4167805612087));
#14760=CARTESIAN_POINT('',(-13.6214181780815,36.,35.4167805612087));
#14761=CARTESIAN_POINT('',(-9.62141841650011,35.,35.4167805612087));
#14762=CARTESIAN_POINT('Origin',(-9.62141841650011,35.,35.9270124137402));
#14763=CARTESIAN_POINT('',(-9.62141841650011,36.,35.9270124137402));
#14764=CARTESIAN_POINT('',(-9.62141841650011,36.,35.4167805612087));
#14765=CARTESIAN_POINT('',(-9.62141841650011,35.,35.9270124137402));
#14766=CARTESIAN_POINT('Origin',(-12.9693040251732,35.,35.9270124137402));
#14767=CARTESIAN_POINT('',(-12.9693040251732,36.,35.9270124137402));
#14768=CARTESIAN_POINT('',(-9.62141841650011,36.,35.9270124137402));
#14769=CARTESIAN_POINT('',(-12.9693040251732,35.,35.9270124137402));
#14770=CARTESIAN_POINT('Origin',(-9.62141841650011,35.,37.0893593132496));
#14771=CARTESIAN_POINT('',(-9.62141841650011,36.,37.0893593132496));
#14772=CARTESIAN_POINT('',(-12.9693040251732,36.,35.9270124137402));
#14773=CARTESIAN_POINT('',(-9.62141841650011,35.,37.0893593132496));
#14774=CARTESIAN_POINT('Origin',(-9.62141841650011,35.,37.5668485462666));
#14775=CARTESIAN_POINT('',(-9.62141841650011,36.,37.5668485462666));
#14776=CARTESIAN_POINT('',(-9.62141841650011,36.,37.0893593132496));
#14777=CARTESIAN_POINT('',(-9.62141841650011,35.,37.5668485462666));
#14778=CARTESIAN_POINT('Origin',(-13.0266031622887,35.,38.7237383425236));
#14779=CARTESIAN_POINT('',(-13.0266031622887,36.,38.7237383425236));
#14780=CARTESIAN_POINT('',(-9.62141841650011,36.,37.5668485462666));
#14781=CARTESIAN_POINT('',(-13.0266031622887,35.,38.7237383425236));
#14782=CARTESIAN_POINT('Origin',(-9.62141841650011,35.,38.7237383425236));
#14783=CARTESIAN_POINT('',(-9.62141841650011,36.,38.7237383425236));
#14784=CARTESIAN_POINT('',(-13.0266031622887,36.,38.7237383425236));
#14785=CARTESIAN_POINT('',(-9.62141841650011,35.,38.7237383425236));
#14786=CARTESIAN_POINT('Origin',(-9.62141841650011,35.,39.233970195055));
#14787=CARTESIAN_POINT('',(-9.62141841650011,36.,38.7237383425236));
#14788=CARTESIAN_POINT('Origin',(-8.50136309862138,36.,25.4999999701977));
#14789=CARTESIAN_POINT('Origin',(-10.0934514403343,35.,28.8328786194324));
#14790=CARTESIAN_POINT('',(-10.0934514403343,35.,29.6869035065174));
#14791=CARTESIAN_POINT('',(-10.0934514403343,35.,28.8328786194324));
#14792=CARTESIAN_POINT('',(-10.0934514403343,35.,29.4164393097162));
#14793=CARTESIAN_POINT('',(-10.0934514403343,36.,29.6869035065174));
#14794=CARTESIAN_POINT('',(-10.0934514403343,35.,29.6869035065174));
#14795=CARTESIAN_POINT('',(-10.0934514403343,36.,28.8328786194324));
#14796=CARTESIAN_POINT('',(-10.0934514403343,36.,29.6869035065174));
#14797=CARTESIAN_POINT('',(-10.0934514403343,35.,28.8328786194324));
#14798=CARTESIAN_POINT('Ctrl Pts',(-10.1671203970909,35.,28.2121427357197));
#14799=CARTESIAN_POINT('Ctrl Pts',(-10.1671203970909,36.,28.2121427357197));
#14800=CARTESIAN_POINT('Ctrl Pts',(-10.1457227841599,35.,28.3010046183973));
#14801=CARTESIAN_POINT('Ctrl Pts',(-10.1457227841599,36.,28.3010046183973));
#14802=CARTESIAN_POINT('Ctrl Pts',(-10.0966576194398,35.,28.5047667354599));
#14803=CARTESIAN_POINT('Ctrl Pts',(-10.0966576194398,36.,28.5047667354599));
#14804=CARTESIAN_POINT('Ctrl Pts',(-10.0946074938469,35.,28.7145711626473));
#14805=CARTESIAN_POINT('Ctrl Pts',(-10.0946074938469,36.,28.7145711626473));
#14806=CARTESIAN_POINT('Ctrl Pts',(-10.0934514403343,35.,28.8328786194324));
#14807=CARTESIAN_POINT('Ctrl Pts',(-10.0934514403343,36.,28.8328786194324));
#14808=CARTESIAN_POINT('',(-10.1671203970909,35.,28.2121427357197));
#14809=CARTESIAN_POINT('Ctrl Pts',(-10.0934514403343,35.,28.8328786194324));
#14810=CARTESIAN_POINT('Ctrl Pts',(-10.0946074938469,35.,28.7145711626473));
#14811=CARTESIAN_POINT('Ctrl Pts',(-10.0966576194398,35.,28.5047667354599));
#14812=CARTESIAN_POINT('Ctrl Pts',(-10.1457227841599,35.,28.3010046183973));
#14813=CARTESIAN_POINT('Ctrl Pts',(-10.1671203970909,35.,28.2121427357197));
#14814=CARTESIAN_POINT('',(-10.1671203970909,36.,28.2121427357197));
#14815=CARTESIAN_POINT('Ctrl Pts',(-10.1671203970909,36.,28.2121427357197));
#14816=CARTESIAN_POINT('Ctrl Pts',(-10.1457227841599,36.,28.3010046183973));
#14817=CARTESIAN_POINT('Ctrl Pts',(-10.0966576194398,36.,28.5047667354599));
#14818=CARTESIAN_POINT('Ctrl Pts',(-10.0946074938469,36.,28.7145711626473));
#14819=CARTESIAN_POINT('Ctrl Pts',(-10.0934514403343,36.,28.8328786194324));
#14820=CARTESIAN_POINT('',(-10.1671203970909,35.,28.2121427357197));
#14821=CARTESIAN_POINT('Ctrl Pts',(-10.3744873404503,35.,27.8533430397511));
#14822=CARTESIAN_POINT('Ctrl Pts',(-10.3744873404503,36.,27.8533430397511));
#14823=CARTESIAN_POINT('Ctrl Pts',(-10.3318010543668,35.,27.9036919120215));
#14824=CARTESIAN_POINT('Ctrl Pts',(-10.3318010543668,36.,27.9036919120215));
#14825=CARTESIAN_POINT('Ctrl Pts',(-10.2411305461296,35.,28.0106386215337));
#14826=CARTESIAN_POINT('Ctrl Pts',(-10.2411305461296,36.,28.0106386215337));
#14827=CARTESIAN_POINT('Ctrl Pts',(-10.1927330784836,35.,28.1424082365597));
#14828=CARTESIAN_POINT('Ctrl Pts',(-10.1927330784836,36.,28.1424082365597));
#14829=CARTESIAN_POINT('Ctrl Pts',(-10.1671203970909,35.,28.2121427357197));
#14830=CARTESIAN_POINT('Ctrl Pts',(-10.1671203970909,36.,28.2121427357197));
#14831=CARTESIAN_POINT('',(-10.3744873404503,35.,27.8533430397511));
#14832=CARTESIAN_POINT('Ctrl Pts',(-10.1671203970909,35.,28.2121427357197));
#14833=CARTESIAN_POINT('Ctrl Pts',(-10.1927330784836,35.,28.1424082365597));
#14834=CARTESIAN_POINT('Ctrl Pts',(-10.2411305461296,35.,28.0106386215337));
#14835=CARTESIAN_POINT('Ctrl Pts',(-10.3318010543668,35.,27.9036919120215));
#14836=CARTESIAN_POINT('Ctrl Pts',(-10.3744873404503,35.,27.8533430397511));
#14837=CARTESIAN_POINT('',(-10.3744873404503,36.,27.8533430397511));
#14838=CARTESIAN_POINT('Ctrl Pts',(-10.3744873404503,36.,27.8533430397511));
#14839=CARTESIAN_POINT('Ctrl Pts',(-10.3318010543668,36.,27.9036919120215));
#14840=CARTESIAN_POINT('Ctrl Pts',(-10.2411305461296,36.,28.0106386215337));
#14841=CARTESIAN_POINT('Ctrl Pts',(-10.1927330784836,36.,28.1424082365597));
#14842=CARTESIAN_POINT('Ctrl Pts',(-10.1671203970909,36.,28.2121427357197));
#14843=CARTESIAN_POINT('',(-10.3744873404503,35.,27.8533430397511));
#14844=CARTESIAN_POINT('Ctrl Pts',(-10.880626142025,35.,27.5600273907185));
#14845=CARTESIAN_POINT('Ctrl Pts',(-10.880626142025,36.,27.5600273907185));
#14846=CARTESIAN_POINT('Ctrl Pts',(-10.7822073930905,35.,27.5964391633156));
#14847=CARTESIAN_POINT('Ctrl Pts',(-10.7822073930905,36.,27.5964391633156));
#14848=CARTESIAN_POINT('Ctrl Pts',(-10.5964000154002,35.,27.6651819187008));
#14849=CARTESIAN_POINT('Ctrl Pts',(-10.5964000154002,36.,27.6651819187008));
#14850=CARTESIAN_POINT('Ctrl Pts',(-10.4454717029952,35.,27.7931549624521));
#14851=CARTESIAN_POINT('Ctrl Pts',(-10.4454717029952,36.,27.7931549624521));
#14852=CARTESIAN_POINT('Ctrl Pts',(-10.3744873404503,35.,27.8533430397511));
#14853=CARTESIAN_POINT('Ctrl Pts',(-10.3744873404503,36.,27.8533430397511));
#14854=CARTESIAN_POINT('',(-10.880626142025,35.,27.5600273907185));
#14855=CARTESIAN_POINT('Ctrl Pts',(-10.3744873404503,35.,27.8533430397511));
#14856=CARTESIAN_POINT('Ctrl Pts',(-10.4454717029952,35.,27.7931549624521));
#14857=CARTESIAN_POINT('Ctrl Pts',(-10.5964000154002,35.,27.6651819187008));
#14858=CARTESIAN_POINT('Ctrl Pts',(-10.7822073930905,35.,27.5964391633156));
#14859=CARTESIAN_POINT('Ctrl Pts',(-10.880626142025,35.,27.5600273907185));
#14860=CARTESIAN_POINT('',(-10.880626142025,36.,27.5600273907185));
#14861=CARTESIAN_POINT('Ctrl Pts',(-10.880626142025,36.,27.5600273907185));
#14862=CARTESIAN_POINT('Ctrl Pts',(-10.7822073930905,36.,27.5964391633156));
#14863=CARTESIAN_POINT('Ctrl Pts',(-10.5964000154002,36.,27.6651819187008));
#14864=CARTESIAN_POINT('Ctrl Pts',(-10.4454717029952,36.,27.7931549624521));
#14865=CARTESIAN_POINT('Ctrl Pts',(-10.3744873404503,36.,27.8533430397511));
#14866=CARTESIAN_POINT('',(-10.880626142025,35.,27.5600273907185));
#14867=CARTESIAN_POINT('Ctrl Pts',(-11.6514310240746,35.,27.4549801647663));
#14868=CARTESIAN_POINT('Ctrl Pts',(-11.6514310240746,36.,27.4549801647663));
#14869=CARTESIAN_POINT('Ctrl Pts',(-11.5108704831389,35.,27.4578530654346));
#14870=CARTESIAN_POINT('Ctrl Pts',(-11.5108704831389,36.,27.4578530654346));
#14871=CARTESIAN_POINT('Ctrl Pts',(-11.2497080938527,35.,27.4631909333577));
#14872=CARTESIAN_POINT('Ctrl Pts',(-11.2497080938527,36.,27.4631909333577));
#14873=CARTESIAN_POINT('Ctrl Pts',(-10.9972215723848,35.,27.5294361131862));
#14874=CARTESIAN_POINT('Ctrl Pts',(-10.9972215723848,36.,27.5294361131862));
#14875=CARTESIAN_POINT('Ctrl Pts',(-10.880626142025,35.,27.5600273907185));
#14876=CARTESIAN_POINT('Ctrl Pts',(-10.880626142025,36.,27.5600273907185));
#14877=CARTESIAN_POINT('',(-11.6514310240746,35.,27.4549801647663));
#14878=CARTESIAN_POINT('Ctrl Pts',(-10.880626142025,35.,27.5600273907185));
#14879=CARTESIAN_POINT('Ctrl Pts',(-10.9972215723848,35.,27.5294361131862));
#14880=CARTESIAN_POINT('Ctrl Pts',(-11.2497080938527,35.,27.4631909333577));
#14881=CARTESIAN_POINT('Ctrl Pts',(-11.5108704831389,35.,27.4578530654346));
#14882=CARTESIAN_POINT('Ctrl Pts',(-11.6514310240746,35.,27.4549801647663));
#14883=CARTESIAN_POINT('',(-11.6514310240746,36.,27.4549801647663));
#14884=CARTESIAN_POINT('Ctrl Pts',(-11.6514310240746,36.,27.4549801647663));
#14885=CARTESIAN_POINT('Ctrl Pts',(-11.5108704831389,36.,27.4578530654346));
#14886=CARTESIAN_POINT('Ctrl Pts',(-11.2497080938527,36.,27.4631909333577));
#14887=CARTESIAN_POINT('Ctrl Pts',(-10.9972215723848,36.,27.5294361131862));
#14888=CARTESIAN_POINT('Ctrl Pts',(-10.880626142025,36.,27.5600273907185));
#14889=CARTESIAN_POINT('',(-11.6514310240746,35.,27.4549801647663));
#14890=CARTESIAN_POINT('Ctrl Pts',(-12.6159605383873,35.,27.6609821617603));
#14891=CARTESIAN_POINT('Ctrl Pts',(-12.6159605383873,36.,27.6609821617603));
#14892=CARTESIAN_POINT('Ctrl Pts',(-12.4813495424546,35.,27.6011193129044));
#14893=CARTESIAN_POINT('Ctrl Pts',(-12.4813495424546,36.,27.6011193129044));
#14894=CARTESIAN_POINT('Ctrl Pts',(-12.1753804687719,35.,27.4650518223881));
#14895=CARTESIAN_POINT('Ctrl Pts',(-12.1753804687719,36.,27.4650518223881));
#14896=CARTESIAN_POINT('Ctrl Pts',(-11.8395262736577,35.,27.4585958398534));
#14897=CARTESIAN_POINT('Ctrl Pts',(-11.8395262736577,36.,27.4585958398534));
#14898=CARTESIAN_POINT('Ctrl Pts',(-11.6514310240746,35.,27.4549801647663));
#14899=CARTESIAN_POINT('Ctrl Pts',(-11.6514310240746,36.,27.4549801647663));
#14900=CARTESIAN_POINT('',(-12.6159605383873,35.,27.6609821617603));
#14901=CARTESIAN_POINT('Ctrl Pts',(-11.6514310240746,35.,27.4549801647663));
#14902=CARTESIAN_POINT('Ctrl Pts',(-11.8395262736577,35.,27.4585958398534));
#14903=CARTESIAN_POINT('Ctrl Pts',(-12.1753804687719,35.,27.4650518223881));
#14904=CARTESIAN_POINT('Ctrl Pts',(-12.4813495424546,35.,27.6011193129044));
#14905=CARTESIAN_POINT('Ctrl Pts',(-12.6159605383873,35.,27.6609821617603));
#14906=CARTESIAN_POINT('',(-12.6159605383873,36.,27.6609821617603));
#14907=CARTESIAN_POINT('Ctrl Pts',(-12.6159605383873,36.,27.6609821617603));
#14908=CARTESIAN_POINT('Ctrl Pts',(-12.4813495424546,36.,27.6011193129044));
#14909=CARTESIAN_POINT('Ctrl Pts',(-12.1753804687719,36.,27.4650518223881));
#14910=CARTESIAN_POINT('Ctrl Pts',(-11.8395262736577,36.,27.4585958398534));
#14911=CARTESIAN_POINT('Ctrl Pts',(-11.6514310240746,36.,27.4549801647663));
#14912=CARTESIAN_POINT('',(-12.6159605383873,35.,27.6609821617603));
#14913=CARTESIAN_POINT('Ctrl Pts',(-13.0675300955773,35.,28.1616647541523));
#14914=CARTESIAN_POINT('Ctrl Pts',(-13.0675300955773,36.,28.1616647541523));
#14915=CARTESIAN_POINT('Ctrl Pts',(-13.0170169515322,35.,28.0653327762116));
#14916=CARTESIAN_POINT('Ctrl Pts',(-13.0170169515322,36.,28.0653327762116));
#14917=CARTESIAN_POINT('Ctrl Pts',(-12.9095482135534,35.,27.8603826331945));
#14918=CARTESIAN_POINT('Ctrl Pts',(-12.9095482135534,36.,27.8603826331945));
#14919=CARTESIAN_POINT('Ctrl Pts',(-12.7176575330851,35.,27.7300532788456));
#14920=CARTESIAN_POINT('Ctrl Pts',(-12.7176575330851,36.,27.7300532788456));
#14921=CARTESIAN_POINT('Ctrl Pts',(-12.6159605383873,35.,27.6609821617603));
#14922=CARTESIAN_POINT('Ctrl Pts',(-12.6159605383873,36.,27.6609821617603));
#14923=CARTESIAN_POINT('',(-13.0675300955773,35.,28.1616647541523));
#14924=CARTESIAN_POINT('Ctrl Pts',(-12.6159605383873,35.,27.6609821617603));
#14925=CARTESIAN_POINT('Ctrl Pts',(-12.7176575330851,35.,27.7300532788456));
#14926=CARTESIAN_POINT('Ctrl Pts',(-12.9095482135534,35.,27.8603826331945));
#14927=CARTESIAN_POINT('Ctrl Pts',(-13.0170169515322,35.,28.0653327762116));
#14928=CARTESIAN_POINT('Ctrl Pts',(-13.0675300955773,35.,28.1616647541523));
#14929=CARTESIAN_POINT('',(-13.0675300955773,36.,28.1616647541523));
#14930=CARTESIAN_POINT('Ctrl Pts',(-13.0675300955773,36.,28.1616647541523));
#14931=CARTESIAN_POINT('Ctrl Pts',(-13.0170169515322,36.,28.0653327762116));
#14932=CARTESIAN_POINT('Ctrl Pts',(-12.9095482135534,36.,27.8603826331945));
#14933=CARTESIAN_POINT('Ctrl Pts',(-12.7176575330851,36.,27.7300532788456));
#14934=CARTESIAN_POINT('Ctrl Pts',(-12.6159605383873,36.,27.6609821617603));
#14935=CARTESIAN_POINT('',(-13.0675300955773,35.,28.1616647541523));
#14936=CARTESIAN_POINT('Ctrl Pts',(-13.1493863463402,35.,28.8465209305286));
#14937=CARTESIAN_POINT('Ctrl Pts',(-13.1493863463402,36.,28.8465209305286));
#14938=CARTESIAN_POINT('Ctrl Pts',(-13.1492006913161,35.,28.709883631836));
#14939=CARTESIAN_POINT('Ctrl Pts',(-13.1492006913161,36.,28.709883631836));
#14940=CARTESIAN_POINT('Ctrl Pts',(-13.1488855728983,35.,28.4779646219561));
#14941=CARTESIAN_POINT('Ctrl Pts',(-13.1488855728983,36.,28.4779646219561));
#14942=CARTESIAN_POINT('Ctrl Pts',(-13.0912210247058,35.,28.2537721081775));
#14943=CARTESIAN_POINT('Ctrl Pts',(-13.0912210247058,36.,28.2537721081775));
#14944=CARTESIAN_POINT('Ctrl Pts',(-13.0675300955773,35.,28.1616647541523));
#14945=CARTESIAN_POINT('Ctrl Pts',(-13.0675300955773,36.,28.1616647541523));
#14946=CARTESIAN_POINT('',(-13.1493863463402,35.,28.8465209305286));
#14947=CARTESIAN_POINT('Ctrl Pts',(-13.0675300955773,35.,28.1616647541523));
#14948=CARTESIAN_POINT('Ctrl Pts',(-13.0912210247058,35.,28.2537721081775));
#14949=CARTESIAN_POINT('Ctrl Pts',(-13.1488855728983,35.,28.4779646219561));
#14950=CARTESIAN_POINT('Ctrl Pts',(-13.1492006913161,35.,28.709883631836));
#14951=CARTESIAN_POINT('Ctrl Pts',(-13.1493863463402,35.,28.8465209305286));
#14952=CARTESIAN_POINT('',(-13.1493863463402,36.,28.8465209305286));
#14953=CARTESIAN_POINT('Ctrl Pts',(-13.1493863463402,36.,28.8465209305286));
#14954=CARTESIAN_POINT('Ctrl Pts',(-13.1492006913161,36.,28.709883631836));
#14955=CARTESIAN_POINT('Ctrl Pts',(-13.1488855728983,36.,28.4779646219561));
#14956=CARTESIAN_POINT('Ctrl Pts',(-13.0912210247058,36.,28.2537721081775));
#14957=CARTESIAN_POINT('Ctrl Pts',(-13.0675300955773,36.,28.1616647541523));
#14958=CARTESIAN_POINT('',(-13.1493863463402,35.,28.8465209305286));
#14959=CARTESIAN_POINT('Origin',(-13.1493863463402,35.,29.6869035065174));
#14960=CARTESIAN_POINT('',(-13.1493863463402,35.,29.6869035065174));
#14961=CARTESIAN_POINT('',(-13.1493863463402,35.,29.8434517532587));
#14962=CARTESIAN_POINT('',(-13.1493863463402,36.,29.6869035065174));
#14963=CARTESIAN_POINT('',(-13.1493863463402,36.,28.8465209305286));
#14964=CARTESIAN_POINT('',(-13.1493863463402,35.,29.6869035065174));
#14965=CARTESIAN_POINT('Origin',(-10.0934514403343,35.,29.6869035065174));
#14966=CARTESIAN_POINT('',(22.4532742798328,35.,29.6869035065174));
#14967=CARTESIAN_POINT('',(-13.1493863463402,36.,29.6869035065174));
#14968=CARTESIAN_POINT('Origin',(-13.6214181780815,35.,30.2162350714207));
#14969=CARTESIAN_POINT('',(-9.62141841650011,36.,30.2162350714207));
#14970=CARTESIAN_POINT('',(-9.62141841650011,35.,30.2162350714207));
#14971=CARTESIAN_POINT('',(-13.6214181780815,36.,30.2162350714207));
#14972=CARTESIAN_POINT('',(-9.62141841650011,36.,30.2162350714207));
#14973=CARTESIAN_POINT('',(-13.6214181780815,35.,30.2162350714207));
#14974=CARTESIAN_POINT('Origin',(-13.6214181780815,35.,28.8383360207081));
#14975=CARTESIAN_POINT('',(-13.6214181780815,36.,28.8383360207081));
#14976=CARTESIAN_POINT('',(-13.6214181780815,36.,30.2162350714207));
#14977=CARTESIAN_POINT('',(-13.6214181780815,35.,28.8383360207081));
#14978=CARTESIAN_POINT('Ctrl Pts',(-13.5641202330589,35.,28.1261940300465));
#14979=CARTESIAN_POINT('Ctrl Pts',(-13.5641202330589,36.,28.1261940300465));
#14980=CARTESIAN_POINT('Ctrl Pts',(-13.5807382246925,35.,28.2262637651347));
#14981=CARTESIAN_POINT('Ctrl Pts',(-13.5807382246925,36.,28.2262637651347));
#14982=CARTESIAN_POINT('Ctrl Pts',(-13.6198640318452,35.,28.4618704042051));
#14983=CARTESIAN_POINT('Ctrl Pts',(-13.6198640318452,36.,28.4618704042051));
#14984=CARTESIAN_POINT('Ctrl Pts',(-13.6208506236322,35.,28.7008555631555));
#14985=CARTESIAN_POINT('Ctrl Pts',(-13.6208506236322,36.,28.7008555631555));
#14986=CARTESIAN_POINT('Ctrl Pts',(-13.6214181780815,35.,28.8383360207081));
#14987=CARTESIAN_POINT('Ctrl Pts',(-13.6214181780815,36.,28.8383360207081));
#14988=CARTESIAN_POINT('',(-13.5641202330589,36.,28.1261940300465));
#14989=CARTESIAN_POINT('Ctrl Pts',(-13.5641202330589,36.,28.1261940300465));
#14990=CARTESIAN_POINT('Ctrl Pts',(-13.5807382246925,36.,28.2262637651347));
#14991=CARTESIAN_POINT('Ctrl Pts',(-13.6198640318452,36.,28.4618704042051));
#14992=CARTESIAN_POINT('Ctrl Pts',(-13.6208506236322,36.,28.7008555631555));
#14993=CARTESIAN_POINT('Ctrl Pts',(-13.6214181780815,36.,28.8383360207081));
#14994=CARTESIAN_POINT('',(-13.5641202330589,35.,28.1261940300465));
#14995=CARTESIAN_POINT('Ctrl Pts',(-13.2776257395744,35.,27.5395639240742));
#14996=CARTESIAN_POINT('Ctrl Pts',(-13.2776257395744,36.,27.5395639240742));
#14997=CARTESIAN_POINT('Ctrl Pts',(-13.3417234946052,35.,27.6261353446706));
#14998=CARTESIAN_POINT('Ctrl Pts',(-13.3417234946052,36.,27.6261353446706));
#14999=CARTESIAN_POINT('Ctrl Pts',(-13.4733391825891,35.,27.8038975311322));
#15000=CARTESIAN_POINT('Ctrl Pts',(-13.4733391825891,36.,27.8038975311322));
#15001=CARTESIAN_POINT('Ctrl Pts',(-13.5333401525773,35.,28.0169166850038));
#15002=CARTESIAN_POINT('Ctrl Pts',(-13.5333401525773,36.,28.0169166850038));
#15003=CARTESIAN_POINT('Ctrl Pts',(-13.5641202330589,35.,28.1261940300465));
#15004=CARTESIAN_POINT('Ctrl Pts',(-13.5641202330589,36.,28.1261940300465));
#15005=CARTESIAN_POINT('',(-13.2776257395744,36.,27.5395639240742));
#15006=CARTESIAN_POINT('Ctrl Pts',(-13.2776257395744,36.,27.5395639240742));
#15007=CARTESIAN_POINT('Ctrl Pts',(-13.3417234946052,36.,27.6261353446706));
#15008=CARTESIAN_POINT('Ctrl Pts',(-13.4733391825891,36.,27.8038975311322));
#15009=CARTESIAN_POINT('Ctrl Pts',(-13.5333401525773,36.,28.0169166850038));
#15010=CARTESIAN_POINT('Ctrl Pts',(-13.5641202330589,36.,28.1261940300465));
#15011=CARTESIAN_POINT('',(-13.2776257395744,35.,27.5395639240742));
#15012=CARTESIAN_POINT('Ctrl Pts',(-12.5941333174706,35.,27.0661671459675));
#15013=CARTESIAN_POINT('Ctrl Pts',(-12.5941333174706,36.,27.0661671459675));
#15014=CARTESIAN_POINT('Ctrl Pts',(-12.7257750472573,35.,27.1241033944458));
#15015=CARTESIAN_POINT('Ctrl Pts',(-12.7257750472573,36.,27.1241033944458));
#15016=CARTESIAN_POINT('Ctrl Pts',(-12.9842635686459,35.,27.2378656127654));
#15017=CARTESIAN_POINT('Ctrl Pts',(-12.9842635686459,36.,27.2378656127654));
#15018=CARTESIAN_POINT('Ctrl Pts',(-13.1810551712794,35.,27.4402492193714));
#15019=CARTESIAN_POINT('Ctrl Pts',(-13.1810551712794,36.,27.4402492193714));
#15020=CARTESIAN_POINT('Ctrl Pts',(-13.2776257395744,35.,27.5395639240742));
#15021=CARTESIAN_POINT('Ctrl Pts',(-13.2776257395744,36.,27.5395639240742));
#15022=CARTESIAN_POINT('',(-12.5941333174706,36.,27.0661671459675));
#15023=CARTESIAN_POINT('Ctrl Pts',(-12.5941333174706,36.,27.0661671459675));
#15024=CARTESIAN_POINT('Ctrl Pts',(-12.7257750472573,36.,27.1241033944458));
#15025=CARTESIAN_POINT('Ctrl Pts',(-12.9842635686459,36.,27.2378656127654));
#15026=CARTESIAN_POINT('Ctrl Pts',(-13.1810551712794,36.,27.4402492193714));
#15027=CARTESIAN_POINT('Ctrl Pts',(-13.2776257395744,36.,27.5395639240742));
#15028=CARTESIAN_POINT('',(-12.5941333174706,35.,27.0661671459675));
#15029=CARTESIAN_POINT('Ctrl Pts',(-11.643246114254,35.,26.9092769920826));
#15030=CARTESIAN_POINT('Ctrl Pts',(-11.643246114254,36.,26.9092769920826));
#15031=CARTESIAN_POINT('Ctrl Pts',(-11.812949526409,35.,26.9144905831302));
#15032=CARTESIAN_POINT('Ctrl Pts',(-11.812949526409,36.,26.9144905831302));
#15033=CARTESIAN_POINT('Ctrl Pts',(-12.1370832138672,35.,26.9244485472614));
#15034=CARTESIAN_POINT('Ctrl Pts',(-12.1370832138672,36.,26.9244485472614));
#15035=CARTESIAN_POINT('Ctrl Pts',(-12.4466454604251,35.,27.0204352398551));
#15036=CARTESIAN_POINT('Ctrl Pts',(-12.4466454604251,36.,27.0204352398551));
#15037=CARTESIAN_POINT('Ctrl Pts',(-12.5941333174706,35.,27.0661671459675));
#15038=CARTESIAN_POINT('Ctrl Pts',(-12.5941333174706,36.,27.0661671459675));
#15039=CARTESIAN_POINT('',(-11.643246114254,36.,26.9092769920826));
#15040=CARTESIAN_POINT('Ctrl Pts',(-11.643246114254,36.,26.9092769920826));
#15041=CARTESIAN_POINT('Ctrl Pts',(-11.812949526409,36.,26.9144905831302));
#15042=CARTESIAN_POINT('Ctrl Pts',(-12.1370832138672,36.,26.9244485472614));
#15043=CARTESIAN_POINT('Ctrl Pts',(-12.4466454604251,36.,27.0204352398551));
#15044=CARTESIAN_POINT('Ctrl Pts',(-12.5941333174706,36.,27.0661671459675));
#15045=CARTESIAN_POINT('',(-11.643246114254,35.,26.9092769920826));
#15046=CARTESIAN_POINT('Ctrl Pts',(-10.8356055617333,35.,27.0156891644001));
#15047=CARTESIAN_POINT('Ctrl Pts',(-10.8356055617333,36.,27.0156891644001));
#15048=CARTESIAN_POINT('Ctrl Pts',(-10.960972858737,35.,26.9846770575663));
#15049=CARTESIAN_POINT('Ctrl Pts',(-10.960972858737,36.,26.9846770575663));
#15050=CARTESIAN_POINT('Ctrl Pts',(-11.2260968656287,35.,26.9190933349972));
#15051=CARTESIAN_POINT('Ctrl Pts',(-11.2260968656287,36.,26.9190933349972));
#15052=CARTESIAN_POINT('Ctrl Pts',(-11.4992545530263,35.,26.9126653969436));
#15053=CARTESIAN_POINT('Ctrl Pts',(-11.4992545530263,36.,26.9126653969436));
#15054=CARTESIAN_POINT('Ctrl Pts',(-11.643246114254,35.,26.9092769920826));
#15055=CARTESIAN_POINT('Ctrl Pts',(-11.643246114254,36.,26.9092769920826));
#15056=CARTESIAN_POINT('',(-10.8356055617333,36.,27.0156891644001));
#15057=CARTESIAN_POINT('Ctrl Pts',(-10.8356055617333,36.,27.0156891644001));
#15058=CARTESIAN_POINT('Ctrl Pts',(-10.960972858737,36.,26.9846770575663));
#15059=CARTESIAN_POINT('Ctrl Pts',(-11.2260968656287,36.,26.9190933349972));
#15060=CARTESIAN_POINT('Ctrl Pts',(-11.4992545530263,36.,26.9126653969436));
#15061=CARTESIAN_POINT('Ctrl Pts',(-11.643246114254,36.,26.9092769920826));
#15062=CARTESIAN_POINT('',(-10.8356055617333,35.,27.0156891644001));
#15063=CARTESIAN_POINT('Ctrl Pts',(-10.253070294857,35.,27.2885413467884));
#15064=CARTESIAN_POINT('Ctrl Pts',(-10.253070294857,36.,27.2885413467884));
#15065=CARTESIAN_POINT('Ctrl Pts',(-10.3383807212021,35.,27.2345672891295));
#15066=CARTESIAN_POINT('Ctrl Pts',(-10.3383807212021,36.,27.2345672891295));
#15067=CARTESIAN_POINT('Ctrl Pts',(-10.5209078464996,35.,27.1190863331997));
#15068=CARTESIAN_POINT('Ctrl Pts',(-10.5209078464996,36.,27.1190863331997));
#15069=CARTESIAN_POINT('Ctrl Pts',(-10.7262416709489,35.,27.0516217947581));
#15070=CARTESIAN_POINT('Ctrl Pts',(-10.7262416709489,36.,27.0516217947581));
#15071=CARTESIAN_POINT('Ctrl Pts',(-10.8356055617333,35.,27.0156891644001));
#15072=CARTESIAN_POINT('Ctrl Pts',(-10.8356055617333,36.,27.0156891644001));
#15073=CARTESIAN_POINT('',(-10.253070294857,36.,27.2885413467884));
#15074=CARTESIAN_POINT('Ctrl Pts',(-10.253070294857,36.,27.2885413467884));
#15075=CARTESIAN_POINT('Ctrl Pts',(-10.3383807212021,36.,27.2345672891295));
#15076=CARTESIAN_POINT('Ctrl Pts',(-10.5209078464996,36.,27.1190863331997));
#15077=CARTESIAN_POINT('Ctrl Pts',(-10.7262416709489,36.,27.0516217947581));
#15078=CARTESIAN_POINT('Ctrl Pts',(-10.8356055617333,36.,27.0156891644001));
#15079=CARTESIAN_POINT('',(-10.253070294857,35.,27.2885413467884));
#15080=CARTESIAN_POINT('Ctrl Pts',(-9.89017575979234,35.,27.6527972519398));
#15081=CARTESIAN_POINT('Ctrl Pts',(-9.89017575979234,36.,27.6527972519398));
#15082=CARTESIAN_POINT('Ctrl Pts',(-9.93999052683845,35.,27.5870200149372));
#15083=CARTESIAN_POINT('Ctrl Pts',(-9.93999052683845,36.,27.5870200149372));
#15084=CARTESIAN_POINT('Ctrl Pts',(-10.04436215134,35.,27.4492039116354));
#15085=CARTESIAN_POINT('Ctrl Pts',(-10.04436215134,36.,27.4492039116354));
#15086=CARTESIAN_POINT('Ctrl Pts',(-10.181425110209,35.,27.3436934789981));
#15087=CARTESIAN_POINT('Ctrl Pts',(-10.181425110209,36.,27.3436934789981));
#15088=CARTESIAN_POINT('Ctrl Pts',(-10.253070294857,35.,27.2885413467884));
#15089=CARTESIAN_POINT('Ctrl Pts',(-10.253070294857,36.,27.2885413467884));
#15090=CARTESIAN_POINT('',(-9.89017575979234,36.,27.6527972519398));
#15091=CARTESIAN_POINT('Ctrl Pts',(-9.89017575979234,36.,27.6527972519398));
#15092=CARTESIAN_POINT('Ctrl Pts',(-9.93999052683845,36.,27.5870200149372));
#15093=CARTESIAN_POINT('Ctrl Pts',(-10.04436215134,36.,27.4492039116354));
#15094=CARTESIAN_POINT('Ctrl Pts',(-10.181425110209,36.,27.3436934789981));
#15095=CARTESIAN_POINT('Ctrl Pts',(-10.253070294857,36.,27.2885413467884));
#15096=CARTESIAN_POINT('',(-9.89017575979234,35.,27.6527972519398));
#15097=CARTESIAN_POINT('Ctrl Pts',(-9.68963235616685,35.,28.1302864849567));
#15098=CARTESIAN_POINT('Ctrl Pts',(-9.68963235616685,36.,28.1302864849567));
#15099=CARTESIAN_POINT('Ctrl Pts',(-9.71387584277543,35.,28.042252694384));
#15100=CARTESIAN_POINT('Ctrl Pts',(-9.71387584277543,36.,28.042252694384));
#15101=CARTESIAN_POINT('Ctrl Pts',(-9.76011917682226,35.,27.8743322937177));
#15102=CARTESIAN_POINT('Ctrl Pts',(-9.76011917682226,36.,27.8743322937177));
#15103=CARTESIAN_POINT('Ctrl Pts',(-9.84824886070269,35.,27.724214454586));
#15104=CARTESIAN_POINT('Ctrl Pts',(-9.84824886070269,36.,27.724214454586));
#15105=CARTESIAN_POINT('Ctrl Pts',(-9.89017575979234,35.,27.6527972519398));
#15106=CARTESIAN_POINT('Ctrl Pts',(-9.89017575979234,36.,27.6527972519398));
#15107=CARTESIAN_POINT('',(-9.68963235616685,36.,28.1302864849567));
#15108=CARTESIAN_POINT('Ctrl Pts',(-9.68963235616685,36.,28.1302864849567));
#15109=CARTESIAN_POINT('Ctrl Pts',(-9.71387584277543,36.,28.042252694384));
#15110=CARTESIAN_POINT('Ctrl Pts',(-9.76011917682226,36.,27.8743322937177));
#15111=CARTESIAN_POINT('Ctrl Pts',(-9.84824886070269,36.,27.724214454586));
#15112=CARTESIAN_POINT('Ctrl Pts',(-9.89017575979234,36.,27.6527972519398));
#15113=CARTESIAN_POINT('',(-9.68963235616685,35.,28.1302864849567));
#15114=CARTESIAN_POINT('Ctrl Pts',(-9.62141841650011,35.,28.772851973772));
#15115=CARTESIAN_POINT('Ctrl Pts',(-9.62141841650011,36.,28.772851973772));
#15116=CARTESIAN_POINT('Ctrl Pts',(-9.62353720420392,35.,28.6584317711714));
#15117=CARTESIAN_POINT('Ctrl Pts',(-9.62353720420392,36.,28.6584317711714));
#15118=CARTESIAN_POINT('Ctrl Pts',(-9.62754150433499,35.,28.4421888547869));
#15119=CARTESIAN_POINT('Ctrl Pts',(-9.62754150433499,36.,28.4421888547869));
#15120=CARTESIAN_POINT('Ctrl Pts',(-9.6697551407905,35.,28.230136147163));
#15121=CARTESIAN_POINT('Ctrl Pts',(-9.6697551407905,36.,28.230136147163));
#15122=CARTESIAN_POINT('Ctrl Pts',(-9.68963235616685,35.,28.1302864849567));
#15123=CARTESIAN_POINT('Ctrl Pts',(-9.68963235616685,36.,28.1302864849567));
#15124=CARTESIAN_POINT('',(-9.62141841650011,36.,28.772851973772));
#15125=CARTESIAN_POINT('Ctrl Pts',(-9.62141841650011,36.,28.772851973772));
#15126=CARTESIAN_POINT('Ctrl Pts',(-9.62353720420392,36.,28.6584317711714));
#15127=CARTESIAN_POINT('Ctrl Pts',(-9.62754150433499,36.,28.4421888547869));
#15128=CARTESIAN_POINT('Ctrl Pts',(-9.6697551407905,36.,28.230136147163));
#15129=CARTESIAN_POINT('Ctrl Pts',(-9.68963235616685,36.,28.1302864849567));
#15130=CARTESIAN_POINT('',(-9.62141841650011,35.,28.772851973772));
#15131=CARTESIAN_POINT('Origin',(-9.62141841650011,35.,30.2162350714207));
#15132=CARTESIAN_POINT('',(-9.62141841650011,36.,28.772851973772));
#15133=CARTESIAN_POINT('Origin',(-8.50136309862138,36.,25.4999999701977));
#15134=CARTESIAN_POINT('Origin',(55.,35.,30.));
#15135=CARTESIAN_POINT('Origin',(-13.6214181780815,35.,22.1671219170094));
#15136=CARTESIAN_POINT('',(-9.6214184165001,36.,22.1671219170094));
#15137=CARTESIAN_POINT('',(-9.6214184165001,35.,22.1671219170094));
#15138=CARTESIAN_POINT('',(-13.6214181780815,36.,22.1671219170094));
#15139=CARTESIAN_POINT('',(-9.6214184165001,36.,22.1671219170094));
#15140=CARTESIAN_POINT('',(-13.6214181780815,35.,22.1671219170094));
#15141=CARTESIAN_POINT('Origin',(-13.6214181780815,35.,21.6377909481525));
#15142=CARTESIAN_POINT('',(-13.6214181780815,36.,21.6377909481525));
#15143=CARTESIAN_POINT('',(-13.6214181780815,36.,22.1671219170094));
#15144=CARTESIAN_POINT('',(-13.6214181780815,35.,21.6377909481525));
#15145=CARTESIAN_POINT('Origin',(-10.0934514403343,35.,21.6377909481525));
#15146=CARTESIAN_POINT('',(-10.0934514403343,36.,21.6377909481525));
#15147=CARTESIAN_POINT('',(-13.6214181780815,36.,21.6377909481525));
#15148=CARTESIAN_POINT('',(-10.0934514403343,35.,21.6377909481525));
#15149=CARTESIAN_POINT('Origin',(-10.0934514403343,35.,19.6678037941456));
#15150=CARTESIAN_POINT('',(-10.0934514403343,36.,19.6678037941456));
#15151=CARTESIAN_POINT('',(-10.0934514403343,36.,21.6377909481525));
#15152=CARTESIAN_POINT('',(-10.0934514403343,35.,19.6678037941456));
#15153=CARTESIAN_POINT('Origin',(-9.6214184165001,35.,19.6678037941456));
#15154=CARTESIAN_POINT('',(-9.6214184165001,36.,19.6678037941456));
#15155=CARTESIAN_POINT('',(-10.0934514403343,36.,19.6678037941456));
#15156=CARTESIAN_POINT('',(-9.6214184165001,35.,19.6678037941456));
#15157=CARTESIAN_POINT('Origin',(-9.6214184165001,35.,22.1671219170094));
#15158=CARTESIAN_POINT('',(-9.6214184165001,36.,19.6678037941456));
#15159=CARTESIAN_POINT('Origin',(-8.50136309862138,36.,25.4999999701977));
#15160=CARTESIAN_POINT('Origin',(-11.856070458889,35.,13.6350627243519));
#15161=CARTESIAN_POINT('',(-11.856070458889,35.,14.7728510200977));
#15162=CARTESIAN_POINT('',(-11.856070458889,35.,13.6350627243519));
#15163=CARTESIAN_POINT('',(-11.856070458889,35.,21.8175313621759));
#15164=CARTESIAN_POINT('',(-11.856070458889,36.,14.7728510200977));
#15165=CARTESIAN_POINT('',(-11.856070458889,35.,14.7728510200977));
#15166=CARTESIAN_POINT('',(-11.856070458889,36.,13.6350627243519));
#15167=CARTESIAN_POINT('',(-11.856070458889,36.,14.7728510200977));
#15168=CARTESIAN_POINT('',(-11.856070458889,35.,13.6350627243519));
#15169=CARTESIAN_POINT('Ctrl Pts',(-11.9311055541039,35.,13.0675311386585));
#15170=CARTESIAN_POINT('Ctrl Pts',(-11.9311055541039,36.,13.0675311386585));
#15171=CARTESIAN_POINT('Ctrl Pts',(-11.9093105278409,35.,13.1484972470295));
#15172=CARTESIAN_POINT('Ctrl Pts',(-11.9093105278409,36.,13.1484972470295));
#15173=CARTESIAN_POINT('Ctrl Pts',(-11.8593482038453,35.,13.334101746436));
#15174=CARTESIAN_POINT('Ctrl Pts',(-11.8593482038453,36.,13.334101746436));
#15175=CARTESIAN_POINT('Ctrl Pts',(-11.8572521517736,35.,13.5265602475277));
#15176=CARTESIAN_POINT('Ctrl Pts',(-11.8572521517736,36.,13.5265602475277));
#15177=CARTESIAN_POINT('Ctrl Pts',(-11.856070458889,35.,13.6350627243519));
#15178=CARTESIAN_POINT('Ctrl Pts',(-11.856070458889,36.,13.6350627243519));
#15179=CARTESIAN_POINT('',(-11.9311055541039,35.,13.0675311386585));
#15180=CARTESIAN_POINT('Ctrl Pts',(-11.856070458889,35.,13.6350627243519));
#15181=CARTESIAN_POINT('Ctrl Pts',(-11.8572521517736,35.,13.5265602475277));
#15182=CARTESIAN_POINT('Ctrl Pts',(-11.8593482038453,35.,13.334101746436));
#15183=CARTESIAN_POINT('Ctrl Pts',(-11.9093105278409,35.,13.1484972470295));
#15184=CARTESIAN_POINT('Ctrl Pts',(-11.9311055541039,35.,13.0675311386585));
#15185=CARTESIAN_POINT('',(-11.9311055541039,36.,13.0675311386585));
#15186=CARTESIAN_POINT('Ctrl Pts',(-11.9311055541039,36.,13.0675311386585));
#15187=CARTESIAN_POINT('Ctrl Pts',(-11.9093105278409,36.,13.1484972470295));
#15188=CARTESIAN_POINT('Ctrl Pts',(-11.8593482038453,36.,13.334101746436));
#15189=CARTESIAN_POINT('Ctrl Pts',(-11.8572521517736,36.,13.5265602475277));
#15190=CARTESIAN_POINT('Ctrl Pts',(-11.856070458889,36.,13.6350627243519));
#15191=CARTESIAN_POINT('',(-11.9311055541039,35.,13.0675311386585));
#15192=CARTESIAN_POINT('Ctrl Pts',(-12.1712145209312,35.,12.7564807236195));
#15193=CARTESIAN_POINT('Ctrl Pts',(-12.1712145209312,36.,12.7564807236195));
#15194=CARTESIAN_POINT('Ctrl Pts',(-12.1196142918372,35.,12.7969575908662));
#15195=CARTESIAN_POINT('Ctrl Pts',(-12.1196142918372,36.,12.7969575908662));
#15196=CARTESIAN_POINT('Ctrl Pts',(-12.0134251141923,35.,12.8802557723283));
#15197=CARTESIAN_POINT('Ctrl Pts',(-12.0134251141923,36.,12.8802557723283));
#15198=CARTESIAN_POINT('Ctrl Pts',(-11.9590554894385,35.,13.0039455901804));
#15199=CARTESIAN_POINT('Ctrl Pts',(-11.9590554894385,36.,13.0039455901804));
#15200=CARTESIAN_POINT('Ctrl Pts',(-11.9311055541039,35.,13.0675311386585));
#15201=CARTESIAN_POINT('Ctrl Pts',(-11.9311055541039,36.,13.0675311386585));
#15202=CARTESIAN_POINT('',(-12.1712145209312,35.,12.7564807236195));
#15203=CARTESIAN_POINT('Ctrl Pts',(-11.9311055541039,35.,13.0675311386585));
#15204=CARTESIAN_POINT('Ctrl Pts',(-11.9590554894385,35.,13.0039455901804));
#15205=CARTESIAN_POINT('Ctrl Pts',(-12.0134251141923,35.,12.8802557723283));
#15206=CARTESIAN_POINT('Ctrl Pts',(-12.1196142918372,35.,12.7969575908662));
#15207=CARTESIAN_POINT('Ctrl Pts',(-12.1712145209312,35.,12.7564807236195));
#15208=CARTESIAN_POINT('',(-12.1712145209312,36.,12.7564807236195));
#15209=CARTESIAN_POINT('Ctrl Pts',(-12.1712145209312,36.,12.7564807236195));
#15210=CARTESIAN_POINT('Ctrl Pts',(-12.1196142918372,36.,12.7969575908662));
#15211=CARTESIAN_POINT('Ctrl Pts',(-12.0134251141923,36.,12.8802557723283));
#15212=CARTESIAN_POINT('Ctrl Pts',(-11.9590554894385,36.,13.0039455901804));
#15213=CARTESIAN_POINT('Ctrl Pts',(-11.9311055541039,36.,13.0675311386585));
#15214=CARTESIAN_POINT('',(-12.1712145209312,35.,12.7564807236195));
#15215=CARTESIAN_POINT('Ctrl Pts',(-12.530013024807,35.,12.6500697433949));
#15216=CARTESIAN_POINT('Ctrl Pts',(-12.530013024807,36.,12.6500697433949));
#15217=CARTESIAN_POINT('Ctrl Pts',(-12.4665321627027,35.,12.6545677922448));
#15218=CARTESIAN_POINT('Ctrl Pts',(-12.4665321627027,36.,12.6545677922448));
#15219=CARTESIAN_POINT('Ctrl Pts',(-12.3391062215589,35.,12.6635967828573));
#15220=CARTESIAN_POINT('Ctrl Pts',(-12.3391062215589,36.,12.6635967828573));
#15221=CARTESIAN_POINT('Ctrl Pts',(-12.2273141751863,35.,12.7254443058387));
#15222=CARTESIAN_POINT('Ctrl Pts',(-12.2273141751863,36.,12.7254443058387));
#15223=CARTESIAN_POINT('Ctrl Pts',(-12.1712145209312,35.,12.7564807236195));
#15224=CARTESIAN_POINT('Ctrl Pts',(-12.1712145209312,36.,12.7564807236195));
#15225=CARTESIAN_POINT('',(-12.530013024807,35.,12.6500697433949));
#15226=CARTESIAN_POINT('Ctrl Pts',(-12.1712145209312,35.,12.7564807236195));
#15227=CARTESIAN_POINT('Ctrl Pts',(-12.2273141751863,35.,12.7254443058387));
#15228=CARTESIAN_POINT('Ctrl Pts',(-12.3391062215589,35.,12.6635967828573));
#15229=CARTESIAN_POINT('Ctrl Pts',(-12.4665321627027,35.,12.6545677922448));
#15230=CARTESIAN_POINT('Ctrl Pts',(-12.530013024807,35.,12.6500697433949));
#15231=CARTESIAN_POINT('',(-12.530013024807,36.,12.6500697433949));
#15232=CARTESIAN_POINT('Ctrl Pts',(-12.530013024807,36.,12.6500697433949));
#15233=CARTESIAN_POINT('Ctrl Pts',(-12.4665321627027,36.,12.6545677922448));
#15234=CARTESIAN_POINT('Ctrl Pts',(-12.3391062215589,36.,12.6635967828573));
#15235=CARTESIAN_POINT('Ctrl Pts',(-12.2273141751863,36.,12.7254443058387));
#15236=CARTESIAN_POINT('Ctrl Pts',(-12.1712145209312,36.,12.7564807236195));
#15237=CARTESIAN_POINT('',(-12.530013024807,35.,12.6500697433949));
#15238=CARTESIAN_POINT('Ctrl Pts',(-12.9965886473656,35.,12.856070548296));
#15239=CARTESIAN_POINT('Ctrl Pts',(-12.9965886473656,36.,12.856070548296));
#15240=CARTESIAN_POINT('Ctrl Pts',(-12.9310479297718,35.,12.7959879249238));
#15241=CARTESIAN_POINT('Ctrl Pts',(-12.9310479297718,36.,12.7959879249238));
#15242=CARTESIAN_POINT('Ctrl Pts',(-12.7988375691747,35.,12.6747877673227));
#15243=CARTESIAN_POINT('Ctrl Pts',(-12.7988375691747,36.,12.6747877673227));
#15244=CARTESIAN_POINT('Ctrl Pts',(-12.6201298594765,35.,12.6583558546237));
#15245=CARTESIAN_POINT('Ctrl Pts',(-12.6201298594765,36.,12.6583558546237));
#15246=CARTESIAN_POINT('Ctrl Pts',(-12.530013024807,35.,12.6500697433949));
#15247=CARTESIAN_POINT('Ctrl Pts',(-12.530013024807,36.,12.6500697433949));
#15248=CARTESIAN_POINT('',(-12.9965886473656,35.,12.856070548296));
#15249=CARTESIAN_POINT('Ctrl Pts',(-12.530013024807,35.,12.6500697433949));
#15250=CARTESIAN_POINT('Ctrl Pts',(-12.6201298594765,35.,12.6583558546237));
#15251=CARTESIAN_POINT('Ctrl Pts',(-12.7988375691747,35.,12.6747877673227));
#15252=CARTESIAN_POINT('Ctrl Pts',(-12.9310479297718,35.,12.7959879249238));
#15253=CARTESIAN_POINT('Ctrl Pts',(-12.9965886473656,35.,12.856070548296));
#15254=CARTESIAN_POINT('',(-12.9965886473656,36.,12.856070548296));
#15255=CARTESIAN_POINT('Ctrl Pts',(-12.9965886473656,36.,12.856070548296));
#15256=CARTESIAN_POINT('Ctrl Pts',(-12.9310479297718,36.,12.7959879249238));
#15257=CARTESIAN_POINT('Ctrl Pts',(-12.7988375691747,36.,12.6747877673227));
#15258=CARTESIAN_POINT('Ctrl Pts',(-12.6201298594765,36.,12.6583558546237));
#15259=CARTESIAN_POINT('Ctrl Pts',(-12.530013024807,36.,12.6500697433949));
#15260=CARTESIAN_POINT('',(-12.9965886473656,35.,12.856070548296));
#15261=CARTESIAN_POINT('Ctrl Pts',(-13.1793996691704,35.,13.5068221390247));
#15262=CARTESIAN_POINT('Ctrl Pts',(-13.1793996691704,36.,13.5068221390247));
#15263=CARTESIAN_POINT('Ctrl Pts',(-13.1765983337968,35.,13.3746594325928));
#15264=CARTESIAN_POINT('Ctrl Pts',(-13.1765983337968,36.,13.3746594325928));
#15265=CARTESIAN_POINT('Ctrl Pts',(-13.1716370625079,35.,13.1405942624314));
#15266=CARTESIAN_POINT('Ctrl Pts',(-13.1716370625079,36.,13.1405942624314));
#15267=CARTESIAN_POINT('Ctrl Pts',(-13.0496826450473,35.,12.9423695382435));
#15268=CARTESIAN_POINT('Ctrl Pts',(-13.0496826450473,36.,12.9423695382435));
#15269=CARTESIAN_POINT('Ctrl Pts',(-12.9965886473656,35.,12.856070548296));
#15270=CARTESIAN_POINT('Ctrl Pts',(-12.9965886473656,36.,12.856070548296));
#15271=CARTESIAN_POINT('',(-13.1793996691704,35.,13.5068221390247));
#15272=CARTESIAN_POINT('Ctrl Pts',(-12.9965886473656,35.,12.856070548296));
#15273=CARTESIAN_POINT('Ctrl Pts',(-13.0496826450473,35.,12.9423695382435));
#15274=CARTESIAN_POINT('Ctrl Pts',(-13.1716370625079,35.,13.1405942624314));
#15275=CARTESIAN_POINT('Ctrl Pts',(-13.1765983337968,35.,13.3746594325928));
#15276=CARTESIAN_POINT('Ctrl Pts',(-13.1793996691704,35.,13.5068221390247));
#15277=CARTESIAN_POINT('',(-13.1793996691704,36.,13.5068221390247));
#15278=CARTESIAN_POINT('Ctrl Pts',(-13.1793996691704,36.,13.5068221390247));
#15279=CARTESIAN_POINT('Ctrl Pts',(-13.1765983337968,36.,13.3746594325928));
#15280=CARTESIAN_POINT('Ctrl Pts',(-13.1716370625079,36.,13.1405942624314));
#15281=CARTESIAN_POINT('Ctrl Pts',(-13.0496826450473,36.,12.9423695382435));
#15282=CARTESIAN_POINT('Ctrl Pts',(-12.9965886473656,36.,12.856070548296));
#15283=CARTESIAN_POINT('',(-13.1793996691704,35.,13.5068221390247));
#15284=CARTESIAN_POINT('Origin',(-13.1793996691704,35.,14.7728510200977));
#15285=CARTESIAN_POINT('',(-13.1793996691704,35.,14.7728510200977));
#15286=CARTESIAN_POINT('',(-13.1793996691704,35.,22.3864255100489));
#15287=CARTESIAN_POINT('',(-13.1793996691704,36.,14.7728510200977));
#15288=CARTESIAN_POINT('',(-13.1793996691704,36.,13.5068221390247));
#15289=CARTESIAN_POINT('',(-13.1793996691704,35.,14.7728510200977));
#15290=CARTESIAN_POINT('Origin',(-11.856070458889,35.,14.7728510200977));
#15291=CARTESIAN_POINT('',(21.5719647705555,35.,14.7728510200977));
#15292=CARTESIAN_POINT('',(-13.1793996691704,36.,14.7728510200977));
#15293=CARTESIAN_POINT('Origin',(-13.6214181780815,35.,15.3021831810474));
#15294=CARTESIAN_POINT('',(-9.6214184165001,36.,15.3021831810474));
#15295=CARTESIAN_POINT('',(-9.6214184165001,35.,15.3021831810474));
#15296=CARTESIAN_POINT('',(-13.6214181780815,36.,15.3021831810474));
#15297=CARTESIAN_POINT('',(-9.6214184165001,36.,15.3021831810474));
#15298=CARTESIAN_POINT('',(-13.6214181780815,35.,15.3021831810474));
#15299=CARTESIAN_POINT('Origin',(-13.6214181780815,35.,13.5286493599415));
#15300=CARTESIAN_POINT('',(-13.6214181780815,36.,13.5286493599415));
#15301=CARTESIAN_POINT('',(-13.6214181780815,36.,15.3021831810474));
#15302=CARTESIAN_POINT('',(-13.6214181780815,35.,13.5286493599415));
#15303=CARTESIAN_POINT('Ctrl Pts',(-13.5136422514916,35.,12.7155537903309));
#15304=CARTESIAN_POINT('Ctrl Pts',(-13.5136422514916,36.,12.7155537903309));
#15305=CARTESIAN_POINT('Ctrl Pts',(-13.5449115378947,35.,12.8290673161358));
#15306=CARTESIAN_POINT('Ctrl Pts',(-13.5449115378947,36.,12.8290673161358));
#15307=CARTESIAN_POINT('Ctrl Pts',(-13.6180791892639,35.,13.0946799679466));
#15308=CARTESIAN_POINT('Ctrl Pts',(-13.6180791892639,36.,13.0946799679466));
#15309=CARTESIAN_POINT('Ctrl Pts',(-13.6202023701779,35.,13.3706304369877));
#15310=CARTESIAN_POINT('Ctrl Pts',(-13.6202023701779,36.,13.3706304369877));
#15311=CARTESIAN_POINT('Ctrl Pts',(-13.6214181780815,35.,13.5286493599415));
#15312=CARTESIAN_POINT('Ctrl Pts',(-13.6214181780815,36.,13.5286493599415));
#15313=CARTESIAN_POINT('',(-13.5136422514916,36.,12.7155537903309));
#15314=CARTESIAN_POINT('Ctrl Pts',(-13.5136422514916,36.,12.7155537903309));
#15315=CARTESIAN_POINT('Ctrl Pts',(-13.5449115378947,36.,12.8290673161358));
#15316=CARTESIAN_POINT('Ctrl Pts',(-13.6180791892639,36.,13.0946799679466));
#15317=CARTESIAN_POINT('Ctrl Pts',(-13.6202023701779,36.,13.3706304369877));
#15318=CARTESIAN_POINT('Ctrl Pts',(-13.6214181780815,36.,13.5286493599415));
#15319=CARTESIAN_POINT('',(-13.5136422514916,35.,12.7155537903309));
#15320=CARTESIAN_POINT('Ctrl Pts',(-13.1330141425133,35.,12.270805388689));
#15321=CARTESIAN_POINT('Ctrl Pts',(-13.1330141425133,36.,12.270805388689));
#15322=CARTESIAN_POINT('Ctrl Pts',(-13.2167360495375,35.,12.3300565361144));
#15323=CARTESIAN_POINT('Ctrl Pts',(-13.2167360495375,36.,12.3300565361144));
#15324=CARTESIAN_POINT('Ctrl Pts',(-13.3811302097561,35.,12.4464005489205));
#15325=CARTESIAN_POINT('Ctrl Pts',(-13.3811302097561,36.,12.4464005489205));
#15326=CARTESIAN_POINT('Ctrl Pts',(-13.4700212394022,35.,12.6269525081856));
#15327=CARTESIAN_POINT('Ctrl Pts',(-13.4700212394022,36.,12.6269525081856));
#15328=CARTESIAN_POINT('Ctrl Pts',(-13.5136422514916,35.,12.7155537903309));
#15329=CARTESIAN_POINT('Ctrl Pts',(-13.5136422514916,36.,12.7155537903309));
#15330=CARTESIAN_POINT('',(-13.1330141425133,36.,12.270805388689));
#15331=CARTESIAN_POINT('Ctrl Pts',(-13.1330141425133,36.,12.270805388689));
#15332=CARTESIAN_POINT('Ctrl Pts',(-13.2167360495375,36.,12.3300565361144));
#15333=CARTESIAN_POINT('Ctrl Pts',(-13.3811302097561,36.,12.4464005489205));
#15334=CARTESIAN_POINT('Ctrl Pts',(-13.4700212394022,36.,12.6269525081856));
#15335=CARTESIAN_POINT('Ctrl Pts',(-13.5136422514916,36.,12.7155537903309));
#15336=CARTESIAN_POINT('',(-13.1330141425133,35.,12.270805388689));
#15337=CARTESIAN_POINT('Ctrl Pts',(-12.530013024807,35.,12.1043653786182));
#15338=CARTESIAN_POINT('Ctrl Pts',(-12.530013024807,36.,12.1043653786182));
#15339=CARTESIAN_POINT('Ctrl Pts',(-12.6372784258267,35.,12.1110591640243));
#15340=CARTESIAN_POINT('Ctrl Pts',(-12.6372784258267,36.,12.1110591640243));
#15341=CARTESIAN_POINT('Ctrl Pts',(-12.8499833519137,35.,12.124332792953));
#15342=CARTESIAN_POINT('Ctrl Pts',(-12.8499833519137,36.,12.124332792953));
#15343=CARTESIAN_POINT('Ctrl Pts',(-13.039211996878,35.,12.2222613990839));
#15344=CARTESIAN_POINT('Ctrl Pts',(-13.039211996878,36.,12.2222613990839));
#15345=CARTESIAN_POINT('Ctrl Pts',(-13.1330141425133,35.,12.270805388689));
#15346=CARTESIAN_POINT('Ctrl Pts',(-13.1330141425133,36.,12.270805388689));
#15347=CARTESIAN_POINT('',(-12.530013024807,36.,12.1043653786182));
#15348=CARTESIAN_POINT('Ctrl Pts',(-12.530013024807,36.,12.1043653786182));
#15349=CARTESIAN_POINT('Ctrl Pts',(-12.6372784258267,36.,12.1110591640243));
#15350=CARTESIAN_POINT('Ctrl Pts',(-12.8499833519137,36.,12.124332792953));
#15351=CARTESIAN_POINT('Ctrl Pts',(-13.039211996878,36.,12.2222613990839));
#15352=CARTESIAN_POINT('Ctrl Pts',(-13.1330141425133,36.,12.270805388689));
#15353=CARTESIAN_POINT('',(-12.530013024807,35.,12.1043653786182));
#15354=CARTESIAN_POINT('Ctrl Pts',(-11.8124136328697,35.,12.3799462616444));
#15355=CARTESIAN_POINT('Ctrl Pts',(-11.8124136328697,36.,12.3799462616444));
#15356=CARTESIAN_POINT('Ctrl Pts',(-11.9164218867685,35.,12.2995747888023));
#15357=CARTESIAN_POINT('Ctrl Pts',(-11.9164218867685,36.,12.2995747888023));
#15358=CARTESIAN_POINT('Ctrl Pts',(-12.1278811670555,35.,12.1361714706453));
#15359=CARTESIAN_POINT('Ctrl Pts',(-12.1278811670555,36.,12.1361714706453));
#15360=CARTESIAN_POINT('Ctrl Pts',(-12.3945220107056,35.,12.1150818627273));
#15361=CARTESIAN_POINT('Ctrl Pts',(-12.3945220107056,36.,12.1150818627273));
#15362=CARTESIAN_POINT('Ctrl Pts',(-12.530013024807,35.,12.1043653786182));
#15363=CARTESIAN_POINT('Ctrl Pts',(-12.530013024807,36.,12.1043653786182));
#15364=CARTESIAN_POINT('',(-11.8124136328697,36.,12.3799462616444));
#15365=CARTESIAN_POINT('Ctrl Pts',(-11.8124136328697,36.,12.3799462616444));
#15366=CARTESIAN_POINT('Ctrl Pts',(-11.9164218867685,36.,12.2995747888023));
#15367=CARTESIAN_POINT('Ctrl Pts',(-12.1278811670555,36.,12.1361714706453));
#15368=CARTESIAN_POINT('Ctrl Pts',(-12.3945220107056,36.,12.1150818627273));
#15369=CARTESIAN_POINT('Ctrl Pts',(-12.530013024807,36.,12.1043653786182));
#15370=CARTESIAN_POINT('',(-11.8124136328697,35.,12.3799462616444));
#15371=CARTESIAN_POINT('Ctrl Pts',(-11.4413365721703,35.,13.2312412559986));
#15372=CARTESIAN_POINT('Ctrl Pts',(-11.4413365721703,36.,13.2312412559986));
#15373=CARTESIAN_POINT('Ctrl Pts',(-11.4708657057843,35.,13.0576930827487));
#15374=CARTESIAN_POINT('Ctrl Pts',(-11.4708657057843,36.,13.0576930827487));
#15375=CARTESIAN_POINT('Ctrl Pts',(-11.5245814674295,35.,12.741995628495));
#15376=CARTESIAN_POINT('Ctrl Pts',(-11.5245814674295,36.,12.741995628495));
#15377=CARTESIAN_POINT('Ctrl Pts',(-11.7230493713902,35.,12.4923529978347));
#15378=CARTESIAN_POINT('Ctrl Pts',(-11.7230493713902,36.,12.4923529978347));
#15379=CARTESIAN_POINT('Ctrl Pts',(-11.8124136328697,35.,12.3799462616444));
#15380=CARTESIAN_POINT('Ctrl Pts',(-11.8124136328697,36.,12.3799462616444));
#15381=CARTESIAN_POINT('',(-11.4413365721703,36.,13.2312412559986));
#15382=CARTESIAN_POINT('Ctrl Pts',(-11.4413365721703,36.,13.2312412559986));
#15383=CARTESIAN_POINT('Ctrl Pts',(-11.4708657057843,36.,13.0576930827487));
#15384=CARTESIAN_POINT('Ctrl Pts',(-11.5245814674295,36.,12.741995628495));
#15385=CARTESIAN_POINT('Ctrl Pts',(-11.7230493713902,36.,12.4923529978347));
#15386=CARTESIAN_POINT('Ctrl Pts',(-11.8124136328697,36.,12.3799462616444));
#15387=CARTESIAN_POINT('',(-11.4413365721703,35.,13.2312412559986));
#15388=CARTESIAN_POINT('Ctrl Pts',(-11.2421545386314,35.,12.912005931139));
#15389=CARTESIAN_POINT('Ctrl Pts',(-11.2421545386314,36.,12.912005931139));
#15390=CARTESIAN_POINT('Ctrl Pts',(-11.2765505466574,35.,12.9558932587291));
#15391=CARTESIAN_POINT('Ctrl Pts',(-11.2765505466574,36.,12.9558932587291));
#15392=CARTESIAN_POINT('Ctrl Pts',(-11.3542985103877,35.,13.0550951879505));
#15393=CARTESIAN_POINT('Ctrl Pts',(-11.3542985103877,36.,13.0550951879505));
#15394=CARTESIAN_POINT('Ctrl Pts',(-11.4101782508716,35.,13.1681836043077));
#15395=CARTESIAN_POINT('Ctrl Pts',(-11.4101782508716,36.,13.1681836043077));
#15396=CARTESIAN_POINT('Ctrl Pts',(-11.4413365721703,35.,13.2312412559986));
#15397=CARTESIAN_POINT('Ctrl Pts',(-11.4413365721703,36.,13.2312412559986));
#15398=CARTESIAN_POINT('',(-11.2421545386314,36.,12.912005931139));
#15399=CARTESIAN_POINT('Ctrl Pts',(-11.2421545386314,36.,12.912005931139));
#15400=CARTESIAN_POINT('Ctrl Pts',(-11.2765505466574,36.,12.9558932587291));
#15401=CARTESIAN_POINT('Ctrl Pts',(-11.3542985103877,36.,13.0550951879505));
#15402=CARTESIAN_POINT('Ctrl Pts',(-11.4101782508716,36.,13.1681836043077));
#15403=CARTESIAN_POINT('Ctrl Pts',(-11.4413365721703,36.,13.2312412559986));
#15404=CARTESIAN_POINT('',(-11.2421545386314,35.,12.912005931139));
#15405=CARTESIAN_POINT('Ctrl Pts',(-10.7100948691368,35.,12.4727149307728));
#15406=CARTESIAN_POINT('Ctrl Pts',(-10.7100948691368,36.,12.4727149307728));
#15407=CARTESIAN_POINT('Ctrl Pts',(-10.8101795605721,35.,12.5408255257604));
#15408=CARTESIAN_POINT('Ctrl Pts',(-10.8101795605721,36.,12.5408255257604));
#15409=CARTESIAN_POINT('Ctrl Pts',(-11.0011911086322,35.,12.6708145380788));
#15410=CARTESIAN_POINT('Ctrl Pts',(-11.0011911086322,36.,12.6708145380788));
#15411=CARTESIAN_POINT('Ctrl Pts',(-11.1644423614776,35.,12.8342202345064));
#15412=CARTESIAN_POINT('Ctrl Pts',(-11.1644423614776,36.,12.8342202345064));
#15413=CARTESIAN_POINT('Ctrl Pts',(-11.2421545386314,35.,12.912005931139));
#15414=CARTESIAN_POINT('Ctrl Pts',(-11.2421545386314,36.,12.912005931139));
#15415=CARTESIAN_POINT('',(-10.7100948691368,36.,12.4727149307728));
#15416=CARTESIAN_POINT('Ctrl Pts',(-10.7100948691368,36.,12.4727149307728));
#15417=CARTESIAN_POINT('Ctrl Pts',(-10.8101795605721,36.,12.5408255257604));
#15418=CARTESIAN_POINT('Ctrl Pts',(-11.0011911086322,36.,12.6708145380788));
#15419=CARTESIAN_POINT('Ctrl Pts',(-11.1644423614776,36.,12.8342202345064));
#15420=CARTESIAN_POINT('Ctrl Pts',(-11.2421545386314,36.,12.912005931139));
#15421=CARTESIAN_POINT('',(-10.7100948691368,35.,12.4727149307728));
#15422=CARTESIAN_POINT('Origin',(-9.6214184165001,35.,11.7769451439381));
#15423=CARTESIAN_POINT('',(-9.6214184165001,36.,11.7769451439381));
#15424=CARTESIAN_POINT('',(-10.7100948691368,36.,12.4727149307728));
#15425=CARTESIAN_POINT('',(-9.6214184165001,35.,11.7769451439381));
#15426=CARTESIAN_POINT('Origin',(-9.6214184165001,35.,12.4427028000355));
#15427=CARTESIAN_POINT('',(-9.6214184165001,36.,12.4427028000355));
#15428=CARTESIAN_POINT('',(-9.6214184165001,36.,11.7769451439381));
#15429=CARTESIAN_POINT('',(-9.6214184165001,35.,12.4427028000355));
#15430=CARTESIAN_POINT('Origin',(-10.4536160826683,35.,12.9720325767994));
#15431=CARTESIAN_POINT('',(-10.4536160826683,36.,12.9720325767994));
#15432=CARTESIAN_POINT('',(-9.6214184165001,36.,12.4427028000355));
#15433=CARTESIAN_POINT('',(-10.4536160826683,35.,12.9720325767994));
#15434=CARTESIAN_POINT('Ctrl Pts',(-11.0047754645348,35.,13.3540244400501));
#15435=CARTESIAN_POINT('Ctrl Pts',(-11.0047754645348,36.,13.3540244400501));
#15436=CARTESIAN_POINT('Ctrl Pts',(-10.9275376532949,35.,13.2964284081365));
#15437=CARTESIAN_POINT('Ctrl Pts',(-10.9275376532949,36.,13.2964284081365));
#15438=CARTESIAN_POINT('Ctrl Pts',(-10.7482547579437,35.,13.1627376264268));
#15439=CARTESIAN_POINT('Ctrl Pts',(-10.7482547579437,36.,13.1627376264268));
#15440=CARTESIAN_POINT('Ctrl Pts',(-10.5604893075013,35.,13.041206332168));
#15441=CARTESIAN_POINT('Ctrl Pts',(-10.5604893075013,36.,13.041206332168));
#15442=CARTESIAN_POINT('Ctrl Pts',(-10.4536160826683,35.,12.9720325767994));
#15443=CARTESIAN_POINT('Ctrl Pts',(-10.4536160826683,36.,12.9720325767994));
#15444=CARTESIAN_POINT('',(-11.0047754645348,36.,13.3540244400501));
#15445=CARTESIAN_POINT('Ctrl Pts',(-11.0047754645348,36.,13.3540244400501));
#15446=CARTESIAN_POINT('Ctrl Pts',(-10.9275376532949,36.,13.2964284081365));
#15447=CARTESIAN_POINT('Ctrl Pts',(-10.7482547579437,36.,13.1627376264268));
#15448=CARTESIAN_POINT('Ctrl Pts',(-10.5604893075013,36.,13.041206332168));
#15449=CARTESIAN_POINT('Ctrl Pts',(-10.4536160826683,36.,12.9720325767994));
#15450=CARTESIAN_POINT('',(-11.0047754645348,35.,13.3540244400501));
#15451=CARTESIAN_POINT('Ctrl Pts',(-11.2721690535545,35.,13.6227841675282));
#15452=CARTESIAN_POINT('Ctrl Pts',(-11.2721690535545,36.,13.6227841675282));
#15453=CARTESIAN_POINT('Ctrl Pts',(-11.2384978848924,35.,13.5792961995999));
#15454=CARTESIAN_POINT('Ctrl Pts',(-11.2384978848924,36.,13.5792961995999));
#15455=CARTESIAN_POINT('Ctrl Pts',(-11.1606368331014,35.,13.4787348274325));
#15456=CARTESIAN_POINT('Ctrl Pts',(-11.1606368331014,36.,13.4787348274325));
#15457=CARTESIAN_POINT('Ctrl Pts',(-11.0612067869641,35.,13.3991772071879));
#15458=CARTESIAN_POINT('Ctrl Pts',(-11.0612067869641,36.,13.3991772071879));
#15459=CARTESIAN_POINT('Ctrl Pts',(-11.0047754645348,35.,13.3540244400501));
#15460=CARTESIAN_POINT('Ctrl Pts',(-11.0047754645348,36.,13.3540244400501));
#15461=CARTESIAN_POINT('',(-11.2721690535545,36.,13.6227841675282));
#15462=CARTESIAN_POINT('Ctrl Pts',(-11.2721690535545,36.,13.6227841675282));
#15463=CARTESIAN_POINT('Ctrl Pts',(-11.2384978848924,36.,13.5792961995999));
#15464=CARTESIAN_POINT('Ctrl Pts',(-11.1606368331014,36.,13.4787348274325));
#15465=CARTESIAN_POINT('Ctrl Pts',(-11.0612067869641,36.,13.3991772071879));
#15466=CARTESIAN_POINT('Ctrl Pts',(-11.0047754645348,36.,13.3540244400501));
#15467=CARTESIAN_POINT('',(-11.2721690535545,35.,13.6227841675282));
#15468=CARTESIAN_POINT('Ctrl Pts',(-11.3785800337791,35.,13.864256888628));
#15469=CARTESIAN_POINT('Ctrl Pts',(-11.3785800337791,36.,13.864256888628));
#15470=CARTESIAN_POINT('Ctrl Pts',(-11.3663014800116,35.,13.8229734308109));
#15471=CARTESIAN_POINT('Ctrl Pts',(-11.3663014800116,36.,13.8229734308109));
#15472=CARTESIAN_POINT('Ctrl Pts',(-11.3410332002626,35.,13.7380153827474));
#15473=CARTESIAN_POINT('Ctrl Pts',(-11.3410332002626,36.,13.7380153827474));
#15474=CARTESIAN_POINT('Ctrl Pts',(-11.2955504708189,35.,13.6619085777433));
#15475=CARTESIAN_POINT('Ctrl Pts',(-11.2955504708189,36.,13.6619085777433));
#15476=CARTESIAN_POINT('Ctrl Pts',(-11.2721690535545,35.,13.6227841675282));
#15477=CARTESIAN_POINT('Ctrl Pts',(-11.2721690535545,36.,13.6227841675282));
#15478=CARTESIAN_POINT('',(-11.3785800337791,36.,13.864256888628));
#15479=CARTESIAN_POINT('Ctrl Pts',(-11.3785800337791,36.,13.864256888628));
#15480=CARTESIAN_POINT('Ctrl Pts',(-11.3663014800116,36.,13.8229734308109));
#15481=CARTESIAN_POINT('Ctrl Pts',(-11.3410332002626,36.,13.7380153827474));
#15482=CARTESIAN_POINT('Ctrl Pts',(-11.2955504708189,36.,13.6619085777433));
#15483=CARTESIAN_POINT('Ctrl Pts',(-11.2721690535545,36.,13.6227841675282));
#15484=CARTESIAN_POINT('',(-11.3785800337791,35.,13.864256888628));
#15485=CARTESIAN_POINT('Ctrl Pts',(-11.397679746151,35.,14.1589350998402));
#15486=CARTESIAN_POINT('Ctrl Pts',(-11.397679746151,36.,14.1589350998402));
#15487=CARTESIAN_POINT('Ctrl Pts',(-11.3977076776669,35.,14.1001531478823));
#15488=CARTESIAN_POINT('Ctrl Pts',(-11.3977076776669,36.,14.1001531478823));
#15489=CARTESIAN_POINT('Ctrl Pts',(-11.3977545766612,35.,14.0014540853361));
#15490=CARTESIAN_POINT('Ctrl Pts',(-11.3977545766612,36.,14.0014540853361));
#15491=CARTESIAN_POINT('Ctrl Pts',(-11.384101700778,35.,13.9037653785074));
#15492=CARTESIAN_POINT('Ctrl Pts',(-11.384101700778,36.,13.9037653785074));
#15493=CARTESIAN_POINT('Ctrl Pts',(-11.3785800337791,35.,13.864256888628));
#15494=CARTESIAN_POINT('Ctrl Pts',(-11.3785800337791,36.,13.864256888628));
#15495=CARTESIAN_POINT('',(-11.397679746151,36.,14.1589350998402));
#15496=CARTESIAN_POINT('Ctrl Pts',(-11.397679746151,36.,14.1589350998402));
#15497=CARTESIAN_POINT('Ctrl Pts',(-11.3977076776669,36.,14.1001531478823));
#15498=CARTESIAN_POINT('Ctrl Pts',(-11.3977545766612,36.,14.0014540853361));
#15499=CARTESIAN_POINT('Ctrl Pts',(-11.384101700778,36.,13.9037653785074));
#15500=CARTESIAN_POINT('Ctrl Pts',(-11.3785800337791,36.,13.864256888628));
#15501=CARTESIAN_POINT('',(-11.397679746151,35.,14.1589350998402));
#15502=CARTESIAN_POINT('Origin',(-11.397679746151,35.,14.7728510200977));
#15503=CARTESIAN_POINT('',(-11.397679746151,36.,14.7728510200977));
#15504=CARTESIAN_POINT('',(-11.397679746151,36.,14.1589350998402));
#15505=CARTESIAN_POINT('',(-11.397679746151,35.,14.7728510200977));
#15506=CARTESIAN_POINT('Origin',(-9.6214184165001,35.,14.7728510200977));
#15507=CARTESIAN_POINT('',(-9.6214184165001,36.,14.7728510200977));
#15508=CARTESIAN_POINT('',(-11.397679746151,36.,14.7728510200977));
#15509=CARTESIAN_POINT('',(-9.6214184165001,35.,14.7728510200977));
#15510=CARTESIAN_POINT('Origin',(-9.6214184165001,35.,15.3021831810474));
#15511=CARTESIAN_POINT('',(-9.6214184165001,36.,14.7728510200977));
#15512=CARTESIAN_POINT('Origin',(-8.50136309862138,36.,25.4999999701977));
#15513=CARTESIAN_POINT('Origin',(55.,35.,30.));
#15514=CARTESIAN_POINT('Origin',(-5.61323255300522,35.,11.6159625351429));
#15515=CARTESIAN_POINT('',(-5.61323255300522,35.,12.7537508308887));
#15516=CARTESIAN_POINT('',(-5.61323255300522,35.,11.6159625351429));
#15517=CARTESIAN_POINT('',(-5.61323255300522,35.,20.8079812675714));
#15518=CARTESIAN_POINT('',(-5.61323255300522,36.,12.7537508308887));
#15519=CARTESIAN_POINT('',(-5.61323255300522,35.,12.7537508308887));
#15520=CARTESIAN_POINT('',(-5.61323255300522,36.,11.6159625351429));
#15521=CARTESIAN_POINT('',(-5.61323255300522,36.,12.7537508308887));
#15522=CARTESIAN_POINT('',(-5.61323255300522,35.,11.6159625351429));
#15523=CARTESIAN_POINT('Ctrl Pts',(-5.68826764822007,35.,11.0484321415424));
#15524=CARTESIAN_POINT('Ctrl Pts',(-5.68826764822007,36.,11.0484321415424));
#15525=CARTESIAN_POINT('Ctrl Pts',(-5.66647261954494,35.,11.1293982492378));
#15526=CARTESIAN_POINT('Ctrl Pts',(-5.66647261954494,36.,11.1293982492378));
#15527=CARTESIAN_POINT('Ctrl Pts',(-5.6165103935225,35.,11.3150023625946));
#15528=CARTESIAN_POINT('Ctrl Pts',(-5.6165103935225,36.,11.3150023625946));
#15529=CARTESIAN_POINT('Ctrl Pts',(-5.61441427913017,35.,11.507460459891));
#15530=CARTESIAN_POINT('Ctrl Pts',(-5.61441427913017,36.,11.507460459891));
#15531=CARTESIAN_POINT('Ctrl Pts',(-5.61323255300522,35.,11.6159625351429));
#15532=CARTESIAN_POINT('Ctrl Pts',(-5.61323255300522,36.,11.6159625351429));
#15533=CARTESIAN_POINT('',(-5.68826764822007,35.,11.0484321415424));
#15534=CARTESIAN_POINT('Ctrl Pts',(-5.61323255300522,35.,11.6159625351429));
#15535=CARTESIAN_POINT('Ctrl Pts',(-5.61441427913017,35.,11.507460459891));
#15536=CARTESIAN_POINT('Ctrl Pts',(-5.6165103935225,35.,11.3150023625946));
#15537=CARTESIAN_POINT('Ctrl Pts',(-5.66647261954494,35.,11.1293982492378));
#15538=CARTESIAN_POINT('Ctrl Pts',(-5.68826764822007,35.,11.0484321415424));
#15539=CARTESIAN_POINT('',(-5.68826764822007,36.,11.0484321415424));
#15540=CARTESIAN_POINT('Ctrl Pts',(-5.68826764822007,36.,11.0484321415424));
#15541=CARTESIAN_POINT('Ctrl Pts',(-5.66647261954494,36.,11.1293982492378));
#15542=CARTESIAN_POINT('Ctrl Pts',(-5.6165103935225,36.,11.3150023625946));
#15543=CARTESIAN_POINT('Ctrl Pts',(-5.61441427913017,36.,11.507460459891));
#15544=CARTESIAN_POINT('Ctrl Pts',(-5.61323255300522,36.,11.6159625351429));
#15545=CARTESIAN_POINT('',(-5.68826764822007,35.,11.0484321415424));
#15546=CARTESIAN_POINT('Ctrl Pts',(-5.92837661504746,35.,10.7373817265034));
#15547=CARTESIAN_POINT('Ctrl Pts',(-5.92837661504746,36.,10.7373817265034));
#15548=CARTESIAN_POINT('Ctrl Pts',(-5.8767763859534,35.,10.7778585937501));
#15549=CARTESIAN_POINT('Ctrl Pts',(-5.8767763859534,36.,10.7778585937501));
#15550=CARTESIAN_POINT('Ctrl Pts',(-5.77058720830854,35.,10.8611567752123));
#15551=CARTESIAN_POINT('Ctrl Pts',(-5.77058720830854,36.,10.8611567752123));
#15552=CARTESIAN_POINT('Ctrl Pts',(-5.71621758355471,35.,10.9848465930643));
#15553=CARTESIAN_POINT('Ctrl Pts',(-5.71621758355471,36.,10.9848465930643));
#15554=CARTESIAN_POINT('Ctrl Pts',(-5.68826764822007,35.,11.0484321415424));
#15555=CARTESIAN_POINT('Ctrl Pts',(-5.68826764822007,36.,11.0484321415424));
#15556=CARTESIAN_POINT('',(-5.92837661504746,35.,10.7373817265034));
#15557=CARTESIAN_POINT('Ctrl Pts',(-5.68826764822007,35.,11.0484321415424));
#15558=CARTESIAN_POINT('Ctrl Pts',(-5.71621758355471,35.,10.9848465930643));
#15559=CARTESIAN_POINT('Ctrl Pts',(-5.77058720830854,35.,10.8611567752123));
#15560=CARTESIAN_POINT('Ctrl Pts',(-5.8767763859534,35.,10.7778585937501));
#15561=CARTESIAN_POINT('Ctrl Pts',(-5.92837661504746,35.,10.7373817265034));
#15562=CARTESIAN_POINT('',(-5.92837661504746,36.,10.7373817265034));
#15563=CARTESIAN_POINT('Ctrl Pts',(-5.92837661504746,36.,10.7373817265034));
#15564=CARTESIAN_POINT('Ctrl Pts',(-5.8767763859534,36.,10.7778585937501));
#15565=CARTESIAN_POINT('Ctrl Pts',(-5.77058720830854,36.,10.8611567752123));
#15566=CARTESIAN_POINT('Ctrl Pts',(-5.71621758355471,36.,10.9848465930643));
#15567=CARTESIAN_POINT('Ctrl Pts',(-5.68826764822007,36.,11.0484321415424));
#15568=CARTESIAN_POINT('',(-5.92837661504746,35.,10.7373817265034));
#15569=CARTESIAN_POINT('Ctrl Pts',(-6.28717511892319,35.,10.6309707462788));
#15570=CARTESIAN_POINT('Ctrl Pts',(-6.28717511892319,36.,10.6309707462788));
#15571=CARTESIAN_POINT('Ctrl Pts',(-6.22369425681889,35.,10.6354687951287));
#15572=CARTESIAN_POINT('Ctrl Pts',(-6.22369425681889,36.,10.6354687951287));
#15573=CARTESIAN_POINT('Ctrl Pts',(-6.09626831567509,35.,10.6444977857413));
#15574=CARTESIAN_POINT('Ctrl Pts',(-6.09626831567509,36.,10.6444977857413));
#15575=CARTESIAN_POINT('Ctrl Pts',(-5.98447626930246,35.,10.7063453087226));
#15576=CARTESIAN_POINT('Ctrl Pts',(-5.98447626930246,36.,10.7063453087226));
#15577=CARTESIAN_POINT('Ctrl Pts',(-5.92837661504746,35.,10.7373817265034));
#15578=CARTESIAN_POINT('Ctrl Pts',(-5.92837661504746,36.,10.7373817265034));
#15579=CARTESIAN_POINT('',(-6.28717511892319,35.,10.6309707462788));
#15580=CARTESIAN_POINT('Ctrl Pts',(-5.92837661504746,35.,10.7373817265034));
#15581=CARTESIAN_POINT('Ctrl Pts',(-5.98447626930246,35.,10.7063453087226));
#15582=CARTESIAN_POINT('Ctrl Pts',(-6.09626831567509,35.,10.6444977857413));
#15583=CARTESIAN_POINT('Ctrl Pts',(-6.22369425681889,35.,10.6354687951287));
#15584=CARTESIAN_POINT('Ctrl Pts',(-6.28717511892319,35.,10.6309707462788));
#15585=CARTESIAN_POINT('',(-6.28717511892319,36.,10.6309707462788));
#15586=CARTESIAN_POINT('Ctrl Pts',(-6.28717511892319,36.,10.6309707462788));
#15587=CARTESIAN_POINT('Ctrl Pts',(-6.22369425681889,36.,10.6354687951287));
#15588=CARTESIAN_POINT('Ctrl Pts',(-6.09626831567509,36.,10.6444977857413));
#15589=CARTESIAN_POINT('Ctrl Pts',(-5.98447626930246,36.,10.7063453087226));
#15590=CARTESIAN_POINT('Ctrl Pts',(-5.92837661504746,36.,10.7373817265034));
#15591=CARTESIAN_POINT('',(-6.28717511892319,35.,10.6309707462788));
#15592=CARTESIAN_POINT('Ctrl Pts',(-6.75375074148179,35.,10.8369691669941));
#15593=CARTESIAN_POINT('Ctrl Pts',(-6.75375074148179,36.,10.8369691669941));
#15594=CARTESIAN_POINT('Ctrl Pts',(-6.68820998127888,35.,10.7768869429234));
#15595=CARTESIAN_POINT('Ctrl Pts',(-6.68820998127888,36.,10.7768869429234));
#15596=CARTESIAN_POINT('Ctrl Pts',(-6.55599941078212,35.,10.6556874771787));
#15597=CARTESIAN_POINT('Ctrl Pts',(-6.55599941078212,36.,10.6556874771787));
#15598=CARTESIAN_POINT('Ctrl Pts',(-6.37729192415741,35.,10.6392564291281));
#15599=CARTESIAN_POINT('Ctrl Pts',(-6.37729192415741,36.,10.6392564291281));
#15600=CARTESIAN_POINT('Ctrl Pts',(-6.28717511892319,35.,10.6309707462788));
#15601=CARTESIAN_POINT('Ctrl Pts',(-6.28717511892319,36.,10.6309707462788));
#15602=CARTESIAN_POINT('',(-6.75375074148179,35.,10.8369691669941));
#15603=CARTESIAN_POINT('Ctrl Pts',(-6.28717511892319,35.,10.6309707462788));
#15604=CARTESIAN_POINT('Ctrl Pts',(-6.37729192415741,35.,10.6392564291281));
#15605=CARTESIAN_POINT('Ctrl Pts',(-6.55599941078212,35.,10.6556874771787));
#15606=CARTESIAN_POINT('Ctrl Pts',(-6.68820998127888,35.,10.7768869429234));
#15607=CARTESIAN_POINT('Ctrl Pts',(-6.75375074148179,35.,10.8369691669941));
#15608=CARTESIAN_POINT('',(-6.75375074148179,36.,10.8369691669941));
#15609=CARTESIAN_POINT('Ctrl Pts',(-6.75375074148179,36.,10.8369691669941));
#15610=CARTESIAN_POINT('Ctrl Pts',(-6.68820998127888,36.,10.7768869429234));
#15611=CARTESIAN_POINT('Ctrl Pts',(-6.55599941078212,36.,10.6556874771787));
#15612=CARTESIAN_POINT('Ctrl Pts',(-6.37729192415741,36.,10.6392564291281));
#15613=CARTESIAN_POINT('Ctrl Pts',(-6.28717511892319,36.,10.6309707462788));
#15614=CARTESIAN_POINT('',(-6.75375074148179,35.,10.8369691669941));
#15615=CARTESIAN_POINT('Ctrl Pts',(-6.9365605711937,35.,11.4877219498158));
#15616=CARTESIAN_POINT('Ctrl Pts',(-6.9365605711937,36.,11.4877219498158));
#15617=CARTESIAN_POINT('Ctrl Pts',(-6.93375995104096,35.,11.3555583645349));
#15618=CARTESIAN_POINT('Ctrl Pts',(-6.93375995104096,36.,11.3555583645349));
#15619=CARTESIAN_POINT('Ctrl Pts',(-6.92879996648839,35.,11.1214925842235));
#15620=CARTESIAN_POINT('Ctrl Pts',(-6.92879996648839,36.,11.1214925842235));
#15621=CARTESIAN_POINT('Ctrl Pts',(-6.80684479084295,35.,10.9232677516249));
#15622=CARTESIAN_POINT('Ctrl Pts',(-6.80684479084295,36.,10.9232677516249));
#15623=CARTESIAN_POINT('Ctrl Pts',(-6.75375074148179,35.,10.8369691669941));
#15624=CARTESIAN_POINT('Ctrl Pts',(-6.75375074148179,36.,10.8369691669941));
#15625=CARTESIAN_POINT('',(-6.9365605711937,35.,11.4877219498158));
#15626=CARTESIAN_POINT('Ctrl Pts',(-6.75375074148179,35.,10.8369691669941));
#15627=CARTESIAN_POINT('Ctrl Pts',(-6.80684479084295,35.,10.9232677516249));
#15628=CARTESIAN_POINT('Ctrl Pts',(-6.92879996648839,35.,11.1214925842235));
#15629=CARTESIAN_POINT('Ctrl Pts',(-6.93375995104096,35.,11.3555583645349));
#15630=CARTESIAN_POINT('Ctrl Pts',(-6.9365605711937,35.,11.4877219498158));
#15631=CARTESIAN_POINT('',(-6.9365605711937,36.,11.4877219498158));
#15632=CARTESIAN_POINT('Ctrl Pts',(-6.9365605711937,36.,11.4877219498158));
#15633=CARTESIAN_POINT('Ctrl Pts',(-6.93375995104096,36.,11.3555583645349));
#15634=CARTESIAN_POINT('Ctrl Pts',(-6.92879996648839,36.,11.1214925842235));
#15635=CARTESIAN_POINT('Ctrl Pts',(-6.80684479084295,36.,10.9232677516249));
#15636=CARTESIAN_POINT('Ctrl Pts',(-6.75375074148179,36.,10.8369691669941));
#15637=CARTESIAN_POINT('',(-6.9365605711937,35.,11.4877219498158));
#15638=CARTESIAN_POINT('Origin',(-6.9365605711937,35.,12.7537508308887));
#15639=CARTESIAN_POINT('',(-6.9365605711937,35.,12.7537508308887));
#15640=CARTESIAN_POINT('',(-6.9365605711937,35.,21.3768754154444));
#15641=CARTESIAN_POINT('',(-6.9365605711937,36.,12.7537508308887));
#15642=CARTESIAN_POINT('',(-6.9365605711937,36.,11.4877219498158));
#15643=CARTESIAN_POINT('',(-6.9365605711937,35.,12.7537508308887));
#15644=CARTESIAN_POINT('Origin',(-5.61323255300522,35.,12.7537508308887));
#15645=CARTESIAN_POINT('',(24.6933837234974,35.,12.7537508308887));
#15646=CARTESIAN_POINT('',(-6.9365605711937,36.,12.7537508308887));
#15647=CARTESIAN_POINT('Origin',(-7.37858146429062,35.,13.2830829918385));
#15648=CARTESIAN_POINT('',(-3.37858051061631,36.,13.2830829918385));
#15649=CARTESIAN_POINT('',(-3.37858051061631,35.,13.2830829918385));
#15650=CARTESIAN_POINT('',(-7.37858146429062,36.,13.2830829918385));
#15651=CARTESIAN_POINT('',(-3.37858051061631,36.,13.2830829918385));
#15652=CARTESIAN_POINT('',(-7.37858146429062,35.,13.2830829918385));
#15653=CARTESIAN_POINT('Origin',(-7.37858146429062,35.,11.5095491707325));
#15654=CARTESIAN_POINT('',(-7.37858146429062,36.,11.5095491707325));
#15655=CARTESIAN_POINT('',(-7.37858146429062,36.,13.2830829918385));
#15656=CARTESIAN_POINT('',(-7.37858146429062,35.,11.5095491707325));
#15657=CARTESIAN_POINT('Ctrl Pts',(-7.27080434560776,35.,10.6964547932148));
#15658=CARTESIAN_POINT('Ctrl Pts',(-7.27080434560776,36.,10.6964547932148));
#15659=CARTESIAN_POINT('Ctrl Pts',(-7.30207410557221,35.,10.8099675028022));
#15660=CARTESIAN_POINT('Ctrl Pts',(-7.30207410557221,36.,10.8099675028022));
#15661=CARTESIAN_POINT('Ctrl Pts',(-7.37524321452586,35.,11.0755795134113));
#15662=CARTESIAN_POINT('Ctrl Pts',(-7.37524321452586,36.,11.0755795134113));
#15663=CARTESIAN_POINT('Ctrl Pts',(-7.37736592273903,35.,11.3515297929821));
#15664=CARTESIAN_POINT('Ctrl Pts',(-7.37736592273903,36.,11.3515297929821));
#15665=CARTESIAN_POINT('Ctrl Pts',(-7.37858146429062,35.,11.5095491707325));
#15666=CARTESIAN_POINT('Ctrl Pts',(-7.37858146429062,36.,11.5095491707325));
#15667=CARTESIAN_POINT('',(-7.27080434560776,36.,10.6964547932148));
#15668=CARTESIAN_POINT('Ctrl Pts',(-7.27080434560776,36.,10.6964547932148));
#15669=CARTESIAN_POINT('Ctrl Pts',(-7.30207410557221,36.,10.8099675028022));
#15670=CARTESIAN_POINT('Ctrl Pts',(-7.37524321452586,36.,11.0755795134113));
#15671=CARTESIAN_POINT('Ctrl Pts',(-7.37736592273903,36.,11.3515297929821));
#15672=CARTESIAN_POINT('Ctrl Pts',(-7.37858146429062,36.,11.5095491707325));
#15673=CARTESIAN_POINT('',(-7.27080434560776,35.,10.6964547932148));
#15674=CARTESIAN_POINT('Ctrl Pts',(-6.89017623662949,35.,10.2517040073872));
#15675=CARTESIAN_POINT('Ctrl Pts',(-6.89017623662949,36.,10.2517040073872));
#15676=CARTESIAN_POINT('Ctrl Pts',(-6.97389821344524,35.,10.3109551190055));
#15677=CARTESIAN_POINT('Ctrl Pts',(-6.97389821344524,36.,10.3109551190055));
#15678=CARTESIAN_POINT('Ctrl Pts',(-7.13829307794269,35.,10.4272994629433));
#15679=CARTESIAN_POINT('Ctrl Pts',(-7.13829307794269,36.,10.4272994629433));
#15680=CARTESIAN_POINT('Ctrl Pts',(-7.22718348354881,35.,10.6078526106149));
#15681=CARTESIAN_POINT('Ctrl Pts',(-7.22718348354881,36.,10.6078526106149));
#15682=CARTESIAN_POINT('Ctrl Pts',(-7.27080434560776,35.,10.6964547932148));
#15683=CARTESIAN_POINT('Ctrl Pts',(-7.27080434560776,36.,10.6964547932148));
#15684=CARTESIAN_POINT('',(-6.89017623662949,36.,10.2517040073872));
#15685=CARTESIAN_POINT('Ctrl Pts',(-6.89017623662949,36.,10.2517040073872));
#15686=CARTESIAN_POINT('Ctrl Pts',(-6.97389821344524,36.,10.3109551190055));
#15687=CARTESIAN_POINT('Ctrl Pts',(-7.13829307794269,36.,10.4272994629433));
#15688=CARTESIAN_POINT('Ctrl Pts',(-7.22718348354881,36.,10.6078526106149));
#15689=CARTESIAN_POINT('Ctrl Pts',(-7.27080434560776,36.,10.6964547932148));
#15690=CARTESIAN_POINT('',(-6.89017623662949,35.,10.2517040073872));
#15691=CARTESIAN_POINT('Ctrl Pts',(-6.28717511892319,35.,10.0852639973164));
#15692=CARTESIAN_POINT('Ctrl Pts',(-6.28717511892319,36.,10.0852639973164));
#15693=CARTESIAN_POINT('Ctrl Pts',(-6.39444056723138,35.,10.0919572117892));
#15694=CARTESIAN_POINT('Ctrl Pts',(-6.39444056723138,36.,10.0919572117892));
#15695=CARTESIAN_POINT('Ctrl Pts',(-6.60714579865054,35.,10.1052297217712));
#15696=CARTESIAN_POINT('Ctrl Pts',(-6.60714579865054,36.,10.1052297217712));
#15697=CARTESIAN_POINT('Ctrl Pts',(-6.79637414440315,35.,10.2031594248813));
#15698=CARTESIAN_POINT('Ctrl Pts',(-6.79637414440315,36.,10.2031594248813));
#15699=CARTESIAN_POINT('Ctrl Pts',(-6.89017623662949,35.,10.2517040073872));
#15700=CARTESIAN_POINT('Ctrl Pts',(-6.89017623662949,36.,10.2517040073872));
#15701=CARTESIAN_POINT('',(-6.28717511892319,36.,10.0852639973164));
#15702=CARTESIAN_POINT('Ctrl Pts',(-6.28717511892319,36.,10.0852639973164));
#15703=CARTESIAN_POINT('Ctrl Pts',(-6.39444056723138,36.,10.0919572117892));
#15704=CARTESIAN_POINT('Ctrl Pts',(-6.60714579865054,36.,10.1052297217712));
#15705=CARTESIAN_POINT('Ctrl Pts',(-6.79637414440315,36.,10.2031594248813));
#15706=CARTESIAN_POINT('Ctrl Pts',(-6.89017623662949,36.,10.2517040073872));
#15707=CARTESIAN_POINT('',(-6.28717511892319,35.,10.0852639973164));
#15708=CARTESIAN_POINT('Ctrl Pts',(-5.56957572698594,35.,10.3608472645283));
#15709=CARTESIAN_POINT('Ctrl Pts',(-5.56957572698594,36.,10.3608472645283));
#15710=CARTESIAN_POINT('Ctrl Pts',(-5.67358387016848,35.,10.2804748003003));
#15711=CARTESIAN_POINT('Ctrl Pts',(-5.67358387016848,36.,10.2804748003003));
#15712=CARTESIAN_POINT('Ctrl Pts',(-5.8850425690073,35.,10.1170697419262));
#15713=CARTESIAN_POINT('Ctrl Pts',(-5.8850425690073,36.,10.1170697419262));
#15714=CARTESIAN_POINT('Ctrl Pts',(-6.15168401815741,35.,10.0959803527787));
#15715=CARTESIAN_POINT('Ctrl Pts',(-6.15168401815741,36.,10.0959803527787));
#15716=CARTESIAN_POINT('Ctrl Pts',(-6.28717511892319,35.,10.0852639973164));
#15717=CARTESIAN_POINT('Ctrl Pts',(-6.28717511892319,36.,10.0852639973164));
#15718=CARTESIAN_POINT('',(-5.56957572698594,36.,10.3608472645283));
#15719=CARTESIAN_POINT('Ctrl Pts',(-5.56957572698594,36.,10.3608472645283));
#15720=CARTESIAN_POINT('Ctrl Pts',(-5.67358387016848,36.,10.2804748003003));
#15721=CARTESIAN_POINT('Ctrl Pts',(-5.8850425690073,36.,10.1170697419262));
#15722=CARTESIAN_POINT('Ctrl Pts',(-6.15168401815741,36.,10.0959803527787));
#15723=CARTESIAN_POINT('Ctrl Pts',(-6.28717511892319,36.,10.0852639973164));
#15724=CARTESIAN_POINT('',(-5.56957572698594,35.,10.3608472645283));
#15725=CARTESIAN_POINT('Ctrl Pts',(-5.19849866628647,35.,11.2121398746967));
#15726=CARTESIAN_POINT('Ctrl Pts',(-5.19849866628647,36.,11.2121398746967));
#15727=CARTESIAN_POINT('Ctrl Pts',(-5.22802809932162,35.,11.0385930285642));
#15728=CARTESIAN_POINT('Ctrl Pts',(-5.22802809932162,36.,11.0385930285642));
#15729=CARTESIAN_POINT('Ctrl Pts',(-5.28174462330469,35.,10.722896709188));
#15730=CARTESIAN_POINT('Ctrl Pts',(-5.28174462330469,36.,10.722896709188));
#15731=CARTESIAN_POINT('Ctrl Pts',(-5.48021149031289,35.,10.4732544083224));
#15732=CARTESIAN_POINT('Ctrl Pts',(-5.48021149031289,36.,10.4732544083224));
#15733=CARTESIAN_POINT('Ctrl Pts',(-5.56957572698594,35.,10.3608472645283));
#15734=CARTESIAN_POINT('Ctrl Pts',(-5.56957572698594,36.,10.3608472645283));
#15735=CARTESIAN_POINT('',(-5.19849866628647,36.,11.2121398746967));
#15736=CARTESIAN_POINT('Ctrl Pts',(-5.19849866628647,36.,11.2121398746967));
#15737=CARTESIAN_POINT('Ctrl Pts',(-5.22802809932162,36.,11.0385930285642));
#15738=CARTESIAN_POINT('Ctrl Pts',(-5.28174462330469,36.,10.722896709188));
#15739=CARTESIAN_POINT('Ctrl Pts',(-5.48021149031289,36.,10.4732544083224));
#15740=CARTESIAN_POINT('Ctrl Pts',(-5.56957572698594,36.,10.3608472645283));
#15741=CARTESIAN_POINT('',(-5.19849866628647,35.,11.2121398746967));
#15742=CARTESIAN_POINT('Ctrl Pts',(-4.99931663274765,35.,10.8929069340229));
#15743=CARTESIAN_POINT('Ctrl Pts',(-4.99931663274765,36.,10.8929069340229));
#15744=CARTESIAN_POINT('Ctrl Pts',(-5.03371269912539,35.,10.9367934213516));
#15745=CARTESIAN_POINT('Ctrl Pts',(-5.03371269912539,36.,10.9367934213516));
#15746=CARTESIAN_POINT('Ctrl Pts',(-5.11146129364486,35.,11.0359940878095));
#15747=CARTESIAN_POINT('Ctrl Pts',(-5.11146129364486,36.,11.0359940878095));
#15748=CARTESIAN_POINT('Ctrl Pts',(-5.16734048984756,35.,11.1490821175491));
#15749=CARTESIAN_POINT('Ctrl Pts',(-5.16734048984756,36.,11.1490821175491));
#15750=CARTESIAN_POINT('Ctrl Pts',(-5.19849866628647,35.,11.2121398746967));
#15751=CARTESIAN_POINT('Ctrl Pts',(-5.19849866628647,36.,11.2121398746967));
#15752=CARTESIAN_POINT('',(-4.99931663274765,36.,10.8929069340229));
#15753=CARTESIAN_POINT('Ctrl Pts',(-4.99931663274765,36.,10.8929069340229));
#15754=CARTESIAN_POINT('Ctrl Pts',(-5.03371269912539,36.,10.9367934213516));
#15755=CARTESIAN_POINT('Ctrl Pts',(-5.11146129364486,36.,11.0359940878095));
#15756=CARTESIAN_POINT('Ctrl Pts',(-5.16734048984756,36.,11.1490821175491));
#15757=CARTESIAN_POINT('Ctrl Pts',(-5.19849866628647,36.,11.2121398746967));
#15758=CARTESIAN_POINT('',(-4.99931663274765,35.,10.8929069340229));
#15759=CARTESIAN_POINT('Ctrl Pts',(-4.46725696325303,35.,10.4536159336567));
#15760=CARTESIAN_POINT('Ctrl Pts',(-4.46725696325303,36.,10.4536159336567));
#15761=CARTESIAN_POINT('Ctrl Pts',(-4.56734165468835,35.,10.5217265286443));
#15762=CARTESIAN_POINT('Ctrl Pts',(-4.56734165468835,36.,10.5217265286443));
#15763=CARTESIAN_POINT('Ctrl Pts',(-4.75835320274839,35.,10.6517155409627));
#15764=CARTESIAN_POINT('Ctrl Pts',(-4.75835320274839,36.,10.6517155409627));
#15765=CARTESIAN_POINT('Ctrl Pts',(-4.92160445559378,35.,10.8151212373903));
#15766=CARTESIAN_POINT('Ctrl Pts',(-4.92160445559378,36.,10.8151212373903));
#15767=CARTESIAN_POINT('Ctrl Pts',(-4.99931663274765,35.,10.8929069340229));
#15768=CARTESIAN_POINT('Ctrl Pts',(-4.99931663274765,36.,10.8929069340229));
#15769=CARTESIAN_POINT('',(-4.46725696325303,36.,10.4536159336567));
#15770=CARTESIAN_POINT('Ctrl Pts',(-4.46725696325303,36.,10.4536159336567));
#15771=CARTESIAN_POINT('Ctrl Pts',(-4.56734165468835,36.,10.5217265286443));
#15772=CARTESIAN_POINT('Ctrl Pts',(-4.75835320274839,36.,10.6517155409627));
#15773=CARTESIAN_POINT('Ctrl Pts',(-4.92160445559378,36.,10.8151212373903));
#15774=CARTESIAN_POINT('Ctrl Pts',(-4.99931663274765,36.,10.8929069340229));
#15775=CARTESIAN_POINT('',(-4.46725696325303,35.,10.4536159336567));
#15776=CARTESIAN_POINT('Origin',(-3.37858051061631,35.,9.75784376263619));
#15777=CARTESIAN_POINT('',(-3.37858051061631,36.,9.75784376263619));
#15778=CARTESIAN_POINT('',(-4.46725696325303,36.,10.4536159336567));
#15779=CARTESIAN_POINT('',(-3.37858051061631,35.,9.75784376263619));
#15780=CARTESIAN_POINT('Origin',(-3.37858051061631,35.,10.4236038029194));
#15781=CARTESIAN_POINT('',(-3.37858051061631,36.,10.4236038029194));
#15782=CARTESIAN_POINT('',(-3.37858051061631,36.,9.75784376263619));
#15783=CARTESIAN_POINT('',(-3.37858051061631,35.,10.4236038029194));
#15784=CARTESIAN_POINT('Origin',(-4.21077817678452,35.,10.9529311954975));
#15785=CARTESIAN_POINT('',(-4.21077817678452,36.,10.9529311954975));
#15786=CARTESIAN_POINT('',(-3.37858051061631,36.,10.4236038029194));
#15787=CARTESIAN_POINT('',(-4.21077817678452,35.,10.9529311954975));
#15788=CARTESIAN_POINT('Ctrl Pts',(-4.76193755865097,35.,11.334925442934));
#15789=CARTESIAN_POINT('Ctrl Pts',(-4.76193755865097,36.,11.334925442934));
#15790=CARTESIAN_POINT('Ctrl Pts',(-4.68469983297956,35.,11.2773284989719));
#15791=CARTESIAN_POINT('Ctrl Pts',(-4.68469983297956,36.,11.2773284989719));
#15792=CARTESIAN_POINT('Ctrl Pts',(-4.50541763310104,35.,11.1436359707411));
#15793=CARTESIAN_POINT('Ctrl Pts',(-4.50541763310104,36.,11.1436359707411));
#15794=CARTESIAN_POINT('Ctrl Pts',(-4.31765154205715,35.,11.022104758871));
#15795=CARTESIAN_POINT('Ctrl Pts',(-4.31765154205715,36.,11.022104758871));
#15796=CARTESIAN_POINT('Ctrl Pts',(-4.21077817678452,35.,10.9529311954975));
#15797=CARTESIAN_POINT('Ctrl Pts',(-4.21077817678452,36.,10.9529311954975));
#15798=CARTESIAN_POINT('',(-4.76193755865097,36.,11.334925442934));
#15799=CARTESIAN_POINT('Ctrl Pts',(-4.76193755865097,36.,11.334925442934));
#15800=CARTESIAN_POINT('Ctrl Pts',(-4.68469983297956,36.,11.2773284989719));
#15801=CARTESIAN_POINT('Ctrl Pts',(-4.50541763310104,36.,11.1436359707411));
#15802=CARTESIAN_POINT('Ctrl Pts',(-4.31765154205715,36.,11.022104758871));
#15803=CARTESIAN_POINT('Ctrl Pts',(-4.21077817678452,36.,10.9529311954975));
#15804=CARTESIAN_POINT('',(-4.76193755865097,35.,11.334925442934));
#15805=CARTESIAN_POINT('Ctrl Pts',(-5.02933114767075,35.,11.6036839783192));
#15806=CARTESIAN_POINT('Ctrl Pts',(-5.02933114767075,36.,11.6036839783192));
#15807=CARTESIAN_POINT('Ctrl Pts',(-4.99566001423575,35.,11.5601959706452));
#15808=CARTESIAN_POINT('Ctrl Pts',(-4.99566001423575,36.,11.5601959706452));
#15809=CARTESIAN_POINT('Ctrl Pts',(-4.91779920473407,35.,11.4596347142905));
#15810=CARTESIAN_POINT('Ctrl Pts',(-4.91779920473407,36.,11.4596347142905));
#15811=CARTESIAN_POINT('Ctrl Pts',(-4.81836892489715,35.,11.3800777606663));
#15812=CARTESIAN_POINT('Ctrl Pts',(-4.81836892489715,36.,11.3800777606663));
#15813=CARTESIAN_POINT('Ctrl Pts',(-4.76193755865097,35.,11.334925442934));
#15814=CARTESIAN_POINT('Ctrl Pts',(-4.76193755865097,36.,11.334925442934));
#15815=CARTESIAN_POINT('',(-5.02933114767075,36.,11.6036839783192));
#15816=CARTESIAN_POINT('Ctrl Pts',(-5.02933114767075,36.,11.6036839783192));
#15817=CARTESIAN_POINT('Ctrl Pts',(-4.99566001423575,36.,11.5601959706452));
#15818=CARTESIAN_POINT('Ctrl Pts',(-4.91779920473407,36.,11.4596347142905));
#15819=CARTESIAN_POINT('Ctrl Pts',(-4.81836892489715,36.,11.3800777606663));
#15820=CARTESIAN_POINT('Ctrl Pts',(-4.76193755865097,36.,11.334925442934));
#15821=CARTESIAN_POINT('',(-5.02933114767075,35.,11.6036839783192));
#15822=CARTESIAN_POINT('Ctrl Pts',(-5.13574212789536,35.,11.845156699419));
#15823=CARTESIAN_POINT('Ctrl Pts',(-5.13574212789536,36.,11.845156699419));
#15824=CARTESIAN_POINT('Ctrl Pts',(-5.12346357412783,35.,11.8038732416019));
#15825=CARTESIAN_POINT('Ctrl Pts',(-5.12346357412783,36.,11.8038732416019));
#15826=CARTESIAN_POINT('Ctrl Pts',(-5.09819529437876,35.,11.7189151935385));
#15827=CARTESIAN_POINT('Ctrl Pts',(-5.09819529437876,36.,11.7189151935385));
#15828=CARTESIAN_POINT('Ctrl Pts',(-5.05271256493511,35.,11.6428083885343));
#15829=CARTESIAN_POINT('Ctrl Pts',(-5.05271256493511,36.,11.6428083885343));
#15830=CARTESIAN_POINT('Ctrl Pts',(-5.02933114767075,35.,11.6036839783192));
#15831=CARTESIAN_POINT('Ctrl Pts',(-5.02933114767075,36.,11.6036839783192));
#15832=CARTESIAN_POINT('',(-5.13574212789536,36.,11.845156699419));
#15833=CARTESIAN_POINT('Ctrl Pts',(-5.13574212789536,36.,11.845156699419));
#15834=CARTESIAN_POINT('Ctrl Pts',(-5.12346357412783,36.,11.8038732416019));
#15835=CARTESIAN_POINT('Ctrl Pts',(-5.09819529437876,36.,11.7189151935385));
#15836=CARTESIAN_POINT('Ctrl Pts',(-5.05271256493511,36.,11.6428083885343));
#15837=CARTESIAN_POINT('Ctrl Pts',(-5.02933114767075,36.,11.6036839783192));
#15838=CARTESIAN_POINT('',(-5.13574212789536,35.,11.845156699419));
#15839=CARTESIAN_POINT('Ctrl Pts',(-5.15484184026719,35.,12.1398349106312));
#15840=CARTESIAN_POINT('Ctrl Pts',(-5.15484184026719,36.,12.1398349106312));
#15841=CARTESIAN_POINT('Ctrl Pts',(-5.15486977178306,35.,12.0810529586733));
#15842=CARTESIAN_POINT('Ctrl Pts',(-5.15486977178306,36.,12.0810529586733));
#15843=CARTESIAN_POINT('Ctrl Pts',(-5.15491667077741,35.,11.9823538961271));
#15844=CARTESIAN_POINT('Ctrl Pts',(-5.15491667077741,36.,11.9823538961271));
#15845=CARTESIAN_POINT('Ctrl Pts',(-5.14126379489421,35.,11.8846651892984));
#15846=CARTESIAN_POINT('Ctrl Pts',(-5.14126379489421,36.,11.8846651892984));
#15847=CARTESIAN_POINT('Ctrl Pts',(-5.13574212789536,35.,11.845156699419));
#15848=CARTESIAN_POINT('Ctrl Pts',(-5.13574212789536,36.,11.845156699419));
#15849=CARTESIAN_POINT('',(-5.15484184026719,36.,12.1398349106312));
#15850=CARTESIAN_POINT('Ctrl Pts',(-5.15484184026719,36.,12.1398349106312));
#15851=CARTESIAN_POINT('Ctrl Pts',(-5.15486977178306,36.,12.0810529586733));
#15852=CARTESIAN_POINT('Ctrl Pts',(-5.15491667077741,36.,11.9823538961271));
#15853=CARTESIAN_POINT('Ctrl Pts',(-5.14126379489421,36.,11.8846651892984));
#15854=CARTESIAN_POINT('Ctrl Pts',(-5.13574212789536,36.,11.845156699419));
#15855=CARTESIAN_POINT('',(-5.15484184026719,35.,12.1398349106312));
#15856=CARTESIAN_POINT('Origin',(-5.15484184026719,35.,12.7537508308887));
#15857=CARTESIAN_POINT('',(-5.15484184026719,36.,12.7537508308887));
#15858=CARTESIAN_POINT('',(-5.15484184026719,36.,12.1398349106312));
#15859=CARTESIAN_POINT('',(-5.15484184026719,35.,12.7537508308887));
#15860=CARTESIAN_POINT('Origin',(-3.37858051061631,35.,12.7537508308887));
#15861=CARTESIAN_POINT('',(-3.37858051061631,36.,12.7537508308887));
#15862=CARTESIAN_POINT('',(-5.15484184026719,36.,12.7537508308887));
#15863=CARTESIAN_POINT('',(-3.37858051061631,35.,12.7537508308887));
#15864=CARTESIAN_POINT('Origin',(-3.37858051061631,35.,13.2830829918385));
#15865=CARTESIAN_POINT('',(-3.37858051061631,36.,12.7537508308887));
#15866=CARTESIAN_POINT('Origin',(-8.50136309862138,36.,25.4999999701977));
#15867=CARTESIAN_POINT('Origin',(55.,35.,30.));
#15868=CARTESIAN_POINT('Origin',(-7.37858146429063,35.,34.2953623831272));
#15869=CARTESIAN_POINT('',(-3.37858051061632,36.,32.7455671131611));
#15870=CARTESIAN_POINT('',(-3.37858051061632,35.,32.7455671131611));
#15871=CARTESIAN_POINT('',(-7.37858146429063,36.,34.2953623831272));
#15872=CARTESIAN_POINT('',(-3.37858051061632,36.,32.7455671131611));
#15873=CARTESIAN_POINT('',(-7.37858146429063,35.,34.2953623831272));
#15874=CARTESIAN_POINT('Origin',(-7.37858146429063,35.,33.7223745882511));
#15875=CARTESIAN_POINT('',(-7.37858146429063,36.,33.7223745882511));
#15876=CARTESIAN_POINT('',(-7.37858146429063,36.,34.2953623831272));
#15877=CARTESIAN_POINT('',(-7.37858146429063,35.,33.7223745882511));
#15878=CARTESIAN_POINT('Origin',(-4.47271436452867,35.,32.6828111708164));
#15879=CARTESIAN_POINT('',(-4.47271436452867,36.,32.6828111708164));
#15880=CARTESIAN_POINT('',(-7.37858146429063,36.,33.7223745882511));
#15881=CARTESIAN_POINT('',(-4.47271436452867,35.,32.6828111708164));
#15882=CARTESIAN_POINT('Ctrl Pts',(-3.81787151098253,35.,32.4727161228657));
#15883=CARTESIAN_POINT('Ctrl Pts',(-3.81787151098253,36.,32.4727161228657));
#15884=CARTESIAN_POINT('Ctrl Pts',(-3.92367505376361,35.,32.5033809778139));
#15885=CARTESIAN_POINT('Ctrl Pts',(-3.92367505376361,36.,32.5033809778139));
#15886=CARTESIAN_POINT('Ctrl Pts',(-4.14393799650888,35.,32.5672193995928));
#15887=CARTESIAN_POINT('Ctrl Pts',(-4.14393799650888,36.,32.5672193995928));
#15888=CARTESIAN_POINT('Ctrl Pts',(-4.36028821005886,35.,32.6432841865465));
#15889=CARTESIAN_POINT('Ctrl Pts',(-4.36028821005886,36.,32.6432841865465));
#15890=CARTESIAN_POINT('Ctrl Pts',(-4.47271436452867,35.,32.6828111708164));
#15891=CARTESIAN_POINT('Ctrl Pts',(-4.47271436452867,36.,32.6828111708164));
#15892=CARTESIAN_POINT('',(-3.81787151098253,36.,32.4727161228657));
#15893=CARTESIAN_POINT('Ctrl Pts',(-3.81787151098253,36.,32.4727161228657));
#15894=CARTESIAN_POINT('Ctrl Pts',(-3.92367505376361,36.,32.5033809778139));
#15895=CARTESIAN_POINT('Ctrl Pts',(-4.14393799650888,36.,32.5672193995928));
#15896=CARTESIAN_POINT('Ctrl Pts',(-4.36028821005886,36.,32.6432841865465));
#15897=CARTESIAN_POINT('Ctrl Pts',(-4.47271436452867,36.,32.6828111708164));
#15898=CARTESIAN_POINT('',(-3.81787151098253,35.,32.4727161228657));
#15899=CARTESIAN_POINT('Ctrl Pts',(-4.47271436452867,35.,32.2571630775929));
#15900=CARTESIAN_POINT('Ctrl Pts',(-4.47271436452867,36.,32.2571630775929));
#15901=CARTESIAN_POINT('Ctrl Pts',(-4.36394980179029,35.,32.2967334550142));
#15902=CARTESIAN_POINT('Ctrl Pts',(-4.36394980179029,36.,32.2967334550142));
#15903=CARTESIAN_POINT('Ctrl Pts',(-4.14789123402115,35.,32.375339196227));
#15904=CARTESIAN_POINT('Ctrl Pts',(-4.14789123402115,36.,32.375339196227));
#15905=CARTESIAN_POINT('Ctrl Pts',(-3.92737779236866,35.,32.4404047657418));
#15906=CARTESIAN_POINT('Ctrl Pts',(-3.92737779236866,36.,32.4404047657418));
#15907=CARTESIAN_POINT('Ctrl Pts',(-3.81787151098253,35.,32.4727161228657));
#15908=CARTESIAN_POINT('Ctrl Pts',(-3.81787151098253,36.,32.4727161228657));
#15909=CARTESIAN_POINT('',(-4.47271436452867,36.,32.2571630775929));
#15910=CARTESIAN_POINT('Ctrl Pts',(-4.47271436452867,36.,32.2571630775929));
#15911=CARTESIAN_POINT('Ctrl Pts',(-4.36394980179029,36.,32.2967334550142));
#15912=CARTESIAN_POINT('Ctrl Pts',(-4.14789123402115,36.,32.375339196227));
#15913=CARTESIAN_POINT('Ctrl Pts',(-3.92737779236866,36.,32.4404047657418));
#15914=CARTESIAN_POINT('Ctrl Pts',(-3.81787151098253,36.,32.4727161228657));
#15915=CARTESIAN_POINT('',(-4.47271436452867,35.,32.2571630775929));
#15916=CARTESIAN_POINT('Origin',(-7.37858146429063,35.,31.1766715347767));
#15917=CARTESIAN_POINT('',(-7.37858146429063,36.,31.1766715347767));
#15918=CARTESIAN_POINT('',(-4.47271436452867,36.,32.2571630775929));
#15919=CARTESIAN_POINT('',(-7.37858146429063,35.,31.1766715347767));
#15920=CARTESIAN_POINT('Origin',(-7.37858146429063,35.,30.6364269554615));
#15921=CARTESIAN_POINT('',(-7.37858146429063,36.,30.6364269554615));
#15922=CARTESIAN_POINT('',(-7.37858146429063,36.,31.1766715347767));
#15923=CARTESIAN_POINT('',(-7.37858146429063,35.,30.6364269554615));
#15924=CARTESIAN_POINT('Origin',(-3.37858051061632,35.,32.2025926411152));
#15925=CARTESIAN_POINT('',(-3.37858051061632,36.,32.2025926411152));
#15926=CARTESIAN_POINT('',(-7.37858146429063,36.,30.6364269554615));
#15927=CARTESIAN_POINT('',(-3.37858051061632,35.,32.2025926411152));
#15928=CARTESIAN_POINT('Origin',(-3.37858051061632,35.,32.7455671131611));
#15929=CARTESIAN_POINT('',(-3.37858051061632,36.,32.2025926411152));
#15930=CARTESIAN_POINT('Origin',(-8.50136309862138,36.,25.4999999701977));
#15931=CARTESIAN_POINT('Origin',(-5.41678041219713,35.,26.737381964922));
#15932=CARTESIAN_POINT('',(-4.94747489690782,36.,26.737381964922));
#15933=CARTESIAN_POINT('',(-4.94747489690782,35.,26.737381964922));
#15934=CARTESIAN_POINT('',(-5.41678041219713,36.,26.737381964922));
#15935=CARTESIAN_POINT('',(-4.94747489690782,36.,26.737381964922));
#15936=CARTESIAN_POINT('',(-5.41678041219713,35.,26.737381964922));
#15937=CARTESIAN_POINT('Origin',(-5.41950792074205,35.,25.0429745018482));
#15938=CARTESIAN_POINT('',(-5.41950792074205,36.,25.0429745018482));
#15939=CARTESIAN_POINT('',(-5.41678041219713,36.,26.737381964922));
#15940=CARTESIAN_POINT('',(-5.41950792074205,35.,25.0429745018482));
#15941=CARTESIAN_POINT('Origin',(-3.9351972937584,35.,25.0429745018482));
#15942=CARTESIAN_POINT('',(-3.9351972937584,36.,25.0429745018482));
#15943=CARTESIAN_POINT('',(-5.41950792074204,36.,25.0429745018482));
#15944=CARTESIAN_POINT('',(-3.9351972937584,35.,25.0429745018482));
#15945=CARTESIAN_POINT('Ctrl Pts',(-3.46725791692735,35.,25.8478863537312));
#15946=CARTESIAN_POINT('Ctrl Pts',(-3.46725791692735,36.,25.8478863537312));
#15947=CARTESIAN_POINT('Ctrl Pts',(-3.52745469968112,35.,25.7088281129254));
#15948=CARTESIAN_POINT('Ctrl Pts',(-3.52745469968112,36.,25.7088281129254));
#15949=CARTESIAN_POINT('Ctrl Pts',(-3.65157503804581,35.,25.4221025586411));
#15950=CARTESIAN_POINT('Ctrl Pts',(-3.65157503804581,36.,25.4221025586411));
#15951=CARTESIAN_POINT('Ctrl Pts',(-3.83878287342158,35.,25.1718551206744));
#15952=CARTESIAN_POINT('Ctrl Pts',(-3.83878287342158,36.,25.1718551206744));
#15953=CARTESIAN_POINT('Ctrl Pts',(-3.9351972937584,35.,25.0429745018482));
#15954=CARTESIAN_POINT('Ctrl Pts',(-3.9351972937584,36.,25.0429745018482));
#15955=CARTESIAN_POINT('',(-3.46725791692735,36.,25.8478863537312));
#15956=CARTESIAN_POINT('Ctrl Pts',(-3.46725791692735,36.,25.8478863537312));
#15957=CARTESIAN_POINT('Ctrl Pts',(-3.52745469968112,36.,25.7088281129254));
#15958=CARTESIAN_POINT('Ctrl Pts',(-3.65157503804581,36.,25.4221025586411));
#15959=CARTESIAN_POINT('Ctrl Pts',(-3.83878287342158,36.,25.1718551206744));
#15960=CARTESIAN_POINT('Ctrl Pts',(-3.9351972937584,36.,25.0429745018482));
#15961=CARTESIAN_POINT('',(-3.46725791692735,35.,25.8478863537312));
#15962=CARTESIAN_POINT('Ctrl Pts',(-3.31036657094957,35.,26.6991825401783));
#15963=CARTESIAN_POINT('Ctrl Pts',(-3.31036657094957,36.,26.6991825401783));
#15964=CARTESIAN_POINT('Ctrl Pts',(-3.3170071974762,35.,26.5542976687581));
#15965=CARTESIAN_POINT('Ctrl Pts',(-3.3170071974762,36.,26.5542976687581));
#15966=CARTESIAN_POINT('Ctrl Pts',(-3.33034169312524,35.,26.2633662815141));
#15967=CARTESIAN_POINT('Ctrl Pts',(-3.33034169312524,36.,26.2633662815141));
#15968=CARTESIAN_POINT('Ctrl Pts',(-3.421497851474,35.,25.9867478280104));
#15969=CARTESIAN_POINT('Ctrl Pts',(-3.421497851474,36.,25.9867478280104));
#15970=CARTESIAN_POINT('Ctrl Pts',(-3.46725791692735,35.,25.8478863537312));
#15971=CARTESIAN_POINT('Ctrl Pts',(-3.46725791692735,36.,25.8478863537312));
#15972=CARTESIAN_POINT('',(-3.31036657094957,36.,26.6991825401783));
#15973=CARTESIAN_POINT('Ctrl Pts',(-3.31036657094957,36.,26.6991825401783));
#15974=CARTESIAN_POINT('Ctrl Pts',(-3.3170071974762,36.,26.5542976687581));
#15975=CARTESIAN_POINT('Ctrl Pts',(-3.33034169312524,36.,26.2633662815141));
#15976=CARTESIAN_POINT('Ctrl Pts',(-3.421497851474,36.,25.9867478280104));
#15977=CARTESIAN_POINT('Ctrl Pts',(-3.46725791692735,36.,25.8478863537312));
#15978=CARTESIAN_POINT('',(-3.31036657094957,35.,26.6991825401783));
#15979=CARTESIAN_POINT('Ctrl Pts',(-3.56275409460069,35.,27.7701242268086));
#15980=CARTESIAN_POINT('Ctrl Pts',(-3.56275409460069,36.,27.7701242268086));
#15981=CARTESIAN_POINT('Ctrl Pts',(-3.48915048330736,35.,27.6031201348747));
#15982=CARTESIAN_POINT('Ctrl Pts',(-3.48915048330736,36.,27.6031201348747));
#15983=CARTESIAN_POINT('Ctrl Pts',(-3.33877878126132,35.,27.2619318546875));
#15984=CARTESIAN_POINT('Ctrl Pts',(-3.33877878126132,36.,27.2619318546875));
#15985=CARTESIAN_POINT('Ctrl Pts',(-3.319969252685,35.,26.8893790262935));
#15986=CARTESIAN_POINT('Ctrl Pts',(-3.319969252685,36.,26.8893790262935));
#15987=CARTESIAN_POINT('Ctrl Pts',(-3.31036657094957,35.,26.6991825401783));
#15988=CARTESIAN_POINT('Ctrl Pts',(-3.31036657094957,36.,26.6991825401783));
#15989=CARTESIAN_POINT('',(-3.56275409460069,36.,27.7701242268086));
#15990=CARTESIAN_POINT('Ctrl Pts',(-3.56275409460069,36.,27.7701242268086));
#15991=CARTESIAN_POINT('Ctrl Pts',(-3.48915048330736,36.,27.6031201348747));
#15992=CARTESIAN_POINT('Ctrl Pts',(-3.33877878126132,36.,27.2619318546875));
#15993=CARTESIAN_POINT('Ctrl Pts',(-3.319969252685,36.,26.8893790262935));
#15994=CARTESIAN_POINT('Ctrl Pts',(-3.31036657094957,36.,26.6991825401783));
#15995=CARTESIAN_POINT('',(-3.56275409460069,35.,27.7701242268086));
#15996=CARTESIAN_POINT('Ctrl Pts',(-4.29263204336168,35.,28.4972722828388));
#15997=CARTESIAN_POINT('Ctrl Pts',(-4.29263204336168,36.,28.4972722828388));
#15998=CARTESIAN_POINT('Ctrl Pts',(-4.14270777425017,35.,28.4053143715738));
#15999=CARTESIAN_POINT('Ctrl Pts',(-4.14270777425017,36.,28.4053143715738));
#16000=CARTESIAN_POINT('Ctrl Pts',(-3.84184689172695,35.,28.2207776151023));
#16001=CARTESIAN_POINT('Ctrl Pts',(-3.84184689172695,36.,28.2207776151023));
#16002=CARTESIAN_POINT('Ctrl Pts',(-3.65599348172625,35.,27.9206786164712));
#16003=CARTESIAN_POINT('Ctrl Pts',(-3.65599348172625,36.,27.9206786164712));
#16004=CARTESIAN_POINT('Ctrl Pts',(-3.56275409460069,35.,27.7701242268086));
#16005=CARTESIAN_POINT('Ctrl Pts',(-3.56275409460069,36.,27.7701242268086));
#16006=CARTESIAN_POINT('',(-4.29263204336168,36.,28.4972722828388));
#16007=CARTESIAN_POINT('Ctrl Pts',(-4.29263204336168,36.,28.4972722828388));
#16008=CARTESIAN_POINT('Ctrl Pts',(-4.14270777425017,36.,28.4053143715738));
#16009=CARTESIAN_POINT('Ctrl Pts',(-3.84184689172695,36.,28.2207776151023));
#16010=CARTESIAN_POINT('Ctrl Pts',(-3.65599348172625,36.,27.9206786164712));
#16011=CARTESIAN_POINT('Ctrl Pts',(-3.56275409460069,36.,27.7701242268086));
#16012=CARTESIAN_POINT('',(-4.29263204336168,35.,28.4972722828388));
#16013=CARTESIAN_POINT('Ctrl Pts',(-5.35948127508165,35.,28.7428386509419));
#16014=CARTESIAN_POINT('Ctrl Pts',(-5.35948127508165,36.,28.7428386509419));
#16015=CARTESIAN_POINT('Ctrl Pts',(-5.16972324236824,35.,28.7336375269972));
#16016=CARTESIAN_POINT('Ctrl Pts',(-5.16972324236824,36.,28.7336375269972));
#16017=CARTESIAN_POINT('Ctrl Pts',(-4.79920332277419,35.,28.7156714906962));
#16018=CARTESIAN_POINT('Ctrl Pts',(-4.79920332277419,36.,28.7156714906962));
#16019=CARTESIAN_POINT('Ctrl Pts',(-4.45873362558458,35.,28.5688840292122));
#16020=CARTESIAN_POINT('Ctrl Pts',(-4.45873362558458,36.,28.5688840292122));
#16021=CARTESIAN_POINT('Ctrl Pts',(-4.29263204336168,35.,28.4972722828388));
#16022=CARTESIAN_POINT('Ctrl Pts',(-4.29263204336168,36.,28.4972722828388));
#16023=CARTESIAN_POINT('',(-5.35948127508165,36.,28.7428386509419));
#16024=CARTESIAN_POINT('Ctrl Pts',(-5.35948127508165,36.,28.7428386509419));
#16025=CARTESIAN_POINT('Ctrl Pts',(-5.16972324236824,36.,28.7336375269972));
#16026=CARTESIAN_POINT('Ctrl Pts',(-4.79920332277419,36.,28.7156714906962));
#16027=CARTESIAN_POINT('Ctrl Pts',(-4.45873362558458,36.,28.5688840292122));
#16028=CARTESIAN_POINT('Ctrl Pts',(-4.29263204336168,36.,28.4972722828388));
#16029=CARTESIAN_POINT('',(-5.35948127508165,35.,28.7428386509419));
#16030=CARTESIAN_POINT('Ctrl Pts',(-6.44952148199083,35.,28.4986372292042));
#16031=CARTESIAN_POINT('Ctrl Pts',(-6.44952148199083,36.,28.4986372292042));
#16032=CARTESIAN_POINT('Ctrl Pts',(-6.27661954004986,35.,28.5698606531004));
#16033=CARTESIAN_POINT('Ctrl Pts',(-6.27661954004986,36.,28.5698606531004));
#16034=CARTESIAN_POINT('Ctrl Pts',(-5.92734394297414,35.,28.7137376022421));
#16035=CARTESIAN_POINT('Ctrl Pts',(-5.92734394297414,36.,28.7137376022421));
#16036=CARTESIAN_POINT('Ctrl Pts',(-5.55001900329032,35.,28.7330742342593));
#16037=CARTESIAN_POINT('Ctrl Pts',(-5.55001900329032,36.,28.7330742342593));
#16038=CARTESIAN_POINT('Ctrl Pts',(-5.35948127508165,35.,28.7428386509419));
#16039=CARTESIAN_POINT('Ctrl Pts',(-5.35948127508165,36.,28.7428386509419));
#16040=CARTESIAN_POINT('',(-6.44952148199083,36.,28.4986372292042));
#16041=CARTESIAN_POINT('Ctrl Pts',(-6.44952148199083,36.,28.4986372292042));
#16042=CARTESIAN_POINT('Ctrl Pts',(-6.27661954004986,36.,28.5698606531004));
#16043=CARTESIAN_POINT('Ctrl Pts',(-5.92734394297414,36.,28.7137376022421));
#16044=CARTESIAN_POINT('Ctrl Pts',(-5.55001900329032,36.,28.7330742342593));
#16045=CARTESIAN_POINT('Ctrl Pts',(-5.35948127508165,36.,28.7428386509419));
#16046=CARTESIAN_POINT('',(-6.44952148199083,35.,28.4986372292042));
#16047=CARTESIAN_POINT('Ctrl Pts',(-7.20122665166856,35.,27.7960450947285));
#16048=CARTESIAN_POINT('Ctrl Pts',(-7.20122665166856,36.,27.7960450947285));
#16049=CARTESIAN_POINT('Ctrl Pts',(-7.10681512024384,35.,27.9407247293428));
#16050=CARTESIAN_POINT('Ctrl Pts',(-7.10681512024384,36.,27.9407247293428));
#16051=CARTESIAN_POINT('Ctrl Pts',(-6.91396458942396,35.,28.2362558356934));
#16052=CARTESIAN_POINT('Ctrl Pts',(-6.91396458942396,36.,28.2362558356934));
#16053=CARTESIAN_POINT('Ctrl Pts',(-6.60647636717996,35.,28.4099675066157));
#16054=CARTESIAN_POINT('Ctrl Pts',(-6.60647636717996,36.,28.4099675066157));
#16055=CARTESIAN_POINT('Ctrl Pts',(-6.44952148199083,35.,28.4986372292042));
#16056=CARTESIAN_POINT('Ctrl Pts',(-6.44952148199083,36.,28.4986372292042));
#16057=CARTESIAN_POINT('',(-7.20122665166856,36.,27.7960450947285));
#16058=CARTESIAN_POINT('Ctrl Pts',(-7.20122665166856,36.,27.7960450947285));
#16059=CARTESIAN_POINT('Ctrl Pts',(-7.10681512024384,36.,27.9407247293428));
#16060=CARTESIAN_POINT('Ctrl Pts',(-6.91396458942396,36.,28.2362558356934));
#16061=CARTESIAN_POINT('Ctrl Pts',(-6.60647636717996,36.,28.4099675066157));
#16062=CARTESIAN_POINT('Ctrl Pts',(-6.44952148199083,36.,28.4986372292042));
#16063=CARTESIAN_POINT('',(-7.20122665166856,35.,27.7960450947285));
#16064=CARTESIAN_POINT('Ctrl Pts',(-7.44679301977159,35.,26.7401106655598));
#16065=CARTESIAN_POINT('Ctrl Pts',(-7.44679301977159,36.,26.7401106655598));
#16066=CARTESIAN_POINT('Ctrl Pts',(-7.43813081588329,35.,26.9304967986197));
#16067=CARTESIAN_POINT('Ctrl Pts',(-7.43813081588329,36.,26.9304967986197));
#16068=CARTESIAN_POINT('Ctrl Pts',(-7.42141307824187,35.,27.2979350930888));
#16069=CARTESIAN_POINT('Ctrl Pts',(-7.42141307824187,36.,27.2979350930888));
#16070=CARTESIAN_POINT('Ctrl Pts',(-7.27282475282332,35.,27.6340744826493));
#16071=CARTESIAN_POINT('Ctrl Pts',(-7.27282475282332,36.,27.6340744826493));
#16072=CARTESIAN_POINT('Ctrl Pts',(-7.20122665166856,35.,27.7960450947285));
#16073=CARTESIAN_POINT('Ctrl Pts',(-7.20122665166856,36.,27.7960450947285));
#16074=CARTESIAN_POINT('',(-7.44679301977159,36.,26.7401106655598));
#16075=CARTESIAN_POINT('Ctrl Pts',(-7.44679301977159,36.,26.7401106655598));
#16076=CARTESIAN_POINT('Ctrl Pts',(-7.43813081588329,36.,26.9304967986197));
#16077=CARTESIAN_POINT('Ctrl Pts',(-7.42141307824187,36.,27.2979350930888));
#16078=CARTESIAN_POINT('Ctrl Pts',(-7.27282475282332,36.,27.6340744826493));
#16079=CARTESIAN_POINT('Ctrl Pts',(-7.20122665166856,36.,27.7960450947285));
#16080=CARTESIAN_POINT('',(-7.44679301977159,35.,26.7401106655598));
#16081=CARTESIAN_POINT('Ctrl Pts',(-7.3062762618065,35.,25.9556622803211));
#16082=CARTESIAN_POINT('Ctrl Pts',(-7.3062762618065,36.,25.9556622803211));
#16083=CARTESIAN_POINT('Ctrl Pts',(-7.34724517315556,35.,26.0784019217433));
#16084=CARTESIAN_POINT('Ctrl Pts',(-7.34724517315556,36.,26.0784019217433));
#16085=CARTESIAN_POINT('Ctrl Pts',(-7.43220087870303,35.,26.332922544633));
#16086=CARTESIAN_POINT('Ctrl Pts',(-7.43220087870303,36.,26.332922544633));
#16087=CARTESIAN_POINT('Ctrl Pts',(-7.4418151303452,35.,26.6012045631455));
#16088=CARTESIAN_POINT('Ctrl Pts',(-7.4418151303452,36.,26.6012045631455));
#16089=CARTESIAN_POINT('Ctrl Pts',(-7.44679301977159,35.,26.7401106655598));
#16090=CARTESIAN_POINT('Ctrl Pts',(-7.44679301977159,36.,26.7401106655598));
#16091=CARTESIAN_POINT('',(-7.3062762618065,36.,25.9556622803211));
#16092=CARTESIAN_POINT('Ctrl Pts',(-7.3062762618065,36.,25.9556622803211));
#16093=CARTESIAN_POINT('Ctrl Pts',(-7.34724517315556,36.,26.0784019217433));
#16094=CARTESIAN_POINT('Ctrl Pts',(-7.43220087870303,36.,26.332922544633));
#16095=CARTESIAN_POINT('Ctrl Pts',(-7.4418151303452,36.,26.6012045631455));
#16096=CARTESIAN_POINT('Ctrl Pts',(-7.44679301977159,36.,26.7401106655598));
#16097=CARTESIAN_POINT('',(-7.3062762618065,35.,25.9556622803211));
#16098=CARTESIAN_POINT('Ctrl Pts',(-6.91473335027696,35.,25.4058666527271));
#16099=CARTESIAN_POINT('Ctrl Pts',(-6.91473335027696,36.,25.4058666527271));
#16100=CARTESIAN_POINT('Ctrl Pts',(-6.99471414649218,35.,25.4809050676118));
#16101=CARTESIAN_POINT('Ctrl Pts',(-6.99471414649218,36.,25.4809050676118));
#16102=CARTESIAN_POINT('Ctrl Pts',(-7.16188703834852,35.,25.6377475774417));
#16103=CARTESIAN_POINT('Ctrl Pts',(-7.16188703834852,36.,25.6377475774417));
#16104=CARTESIAN_POINT('Ctrl Pts',(-7.25678203264723,35.,25.846686397076));
#16105=CARTESIAN_POINT('Ctrl Pts',(-7.25678203264723,36.,25.846686397076));
#16106=CARTESIAN_POINT('Ctrl Pts',(-7.3062762618065,35.,25.9556622803211));
#16107=CARTESIAN_POINT('Ctrl Pts',(-7.3062762618065,36.,25.9556622803211));
#16108=CARTESIAN_POINT('',(-6.91473335027696,36.,25.4058666527271));
#16109=CARTESIAN_POINT('Ctrl Pts',(-6.91473335027696,36.,25.4058666527271));
#16110=CARTESIAN_POINT('Ctrl Pts',(-6.99471414649218,36.,25.4809050676118));
#16111=CARTESIAN_POINT('Ctrl Pts',(-7.16188703834852,36.,25.6377475774417));
#16112=CARTESIAN_POINT('Ctrl Pts',(-7.25678203264723,36.,25.846686397076));
#16113=CARTESIAN_POINT('Ctrl Pts',(-7.3062762618065,36.,25.9556622803211));
#16114=CARTESIAN_POINT('',(-6.91473335027696,35.,25.4058666527271));
#16115=CARTESIAN_POINT('Ctrl Pts',(-6.25989049673081,35.,25.1030023396015));
#16116=CARTESIAN_POINT('Ctrl Pts',(-6.25989049673081,36.,25.1030023396015));
#16117=CARTESIAN_POINT('Ctrl Pts',(-6.38483033196243,35.,25.1390126117783));
#16118=CARTESIAN_POINT('Ctrl Pts',(-6.38483033196243,36.,25.1390126117783));
#16119=CARTESIAN_POINT('Ctrl Pts',(-6.61889145649399,35.,25.2064739205336));
#16120=CARTESIAN_POINT('Ctrl Pts',(-6.61889145649399,36.,25.2064739205336));
#16121=CARTESIAN_POINT('Ctrl Pts',(-6.82066486780983,35.,25.3424659913381));
#16122=CARTESIAN_POINT('Ctrl Pts',(-6.82066486780983,36.,25.3424659913381));
#16123=CARTESIAN_POINT('Ctrl Pts',(-6.91473335027696,35.,25.4058666527271));
#16124=CARTESIAN_POINT('Ctrl Pts',(-6.91473335027696,36.,25.4058666527271));
#16125=CARTESIAN_POINT('',(-6.25989049673081,36.,25.1030023396015));
#16126=CARTESIAN_POINT('Ctrl Pts',(-6.25989049673081,36.,25.1030023396015));
#16127=CARTESIAN_POINT('Ctrl Pts',(-6.38483033196243,36.,25.1390126117783));
#16128=CARTESIAN_POINT('Ctrl Pts',(-6.61889145649399,36.,25.2064739205336));
#16129=CARTESIAN_POINT('Ctrl Pts',(-6.82066486780983,36.,25.3424659913381));
#16130=CARTESIAN_POINT('Ctrl Pts',(-6.91473335027696,36.,25.4058666527271));
#16131=CARTESIAN_POINT('',(-6.25989049673081,35.,25.1030023396015));
#16132=CARTESIAN_POINT('Origin',(-6.12892240285874,35.,25.5804915726185));
#16133=CARTESIAN_POINT('',(-6.12892240285874,36.,25.5804915726185));
#16134=CARTESIAN_POINT('',(-6.25989049673081,36.,25.1030023396015));
#16135=CARTESIAN_POINT('',(-6.12892240285874,35.,25.5804915726185));
#16136=CARTESIAN_POINT('Ctrl Pts',(-6.60914033651353,35.,25.8042307198048));
#16137=CARTESIAN_POINT('Ctrl Pts',(-6.60914033651353,36.,25.8042307198048));
#16138=CARTESIAN_POINT('Ctrl Pts',(-6.54142625566256,35.,25.7603460358103));
#16139=CARTESIAN_POINT('Ctrl Pts',(-6.54142625566256,36.,25.7603460358103));
#16140=CARTESIAN_POINT('Ctrl Pts',(-6.39196661365951,35.,25.6634830336578));
#16141=CARTESIAN_POINT('Ctrl Pts',(-6.39196661365951,36.,25.6634830336578));
#16142=CARTESIAN_POINT('Ctrl Pts',(-6.22192505299931,35.,25.6098342667314));
#16143=CARTESIAN_POINT('Ctrl Pts',(-6.22192505299931,36.,25.6098342667314));
#16144=CARTESIAN_POINT('Ctrl Pts',(-6.12892240285874,35.,25.5804915726185));
#16145=CARTESIAN_POINT('Ctrl Pts',(-6.12892240285874,36.,25.5804915726185));
#16146=CARTESIAN_POINT('',(-6.60914033651353,36.,25.8042307198048));
#16147=CARTESIAN_POINT('Ctrl Pts',(-6.60914033651353,36.,25.8042307198048));
#16148=CARTESIAN_POINT('Ctrl Pts',(-6.54142625566256,36.,25.7603460358103));
#16149=CARTESIAN_POINT('Ctrl Pts',(-6.39196661365951,36.,25.6634830336578));
#16150=CARTESIAN_POINT('Ctrl Pts',(-6.22192505299931,36.,25.6098342667314));
#16151=CARTESIAN_POINT('Ctrl Pts',(-6.12892240285874,36.,25.5804915726185));
#16152=CARTESIAN_POINT('',(-6.60914033651353,35.,25.8042307198048));
#16153=CARTESIAN_POINT('Ctrl Pts',(-6.88881248235704,35.,26.1862225830555));
#16154=CARTESIAN_POINT('Ctrl Pts',(-6.88881248235704,36.,26.1862225830555));
#16155=CARTESIAN_POINT('Ctrl Pts',(-6.85260702386385,35.,26.1095834763851));
#16156=CARTESIAN_POINT('Ctrl Pts',(-6.85260702386385,36.,26.1095834763851));
#16157=CARTESIAN_POINT('Ctrl Pts',(-6.78386241789972,35.,25.9640660486609));
#16158=CARTESIAN_POINT('Ctrl Pts',(-6.78386241789972,36.,25.9640660486609));
#16159=CARTESIAN_POINT('Ctrl Pts',(-6.66527280968753,35.,25.8555805677352));
#16160=CARTESIAN_POINT('Ctrl Pts',(-6.66527280968753,36.,25.8555805677352));
#16161=CARTESIAN_POINT('Ctrl Pts',(-6.60914033651353,35.,25.8042307198048));
#16162=CARTESIAN_POINT('Ctrl Pts',(-6.60914033651353,36.,25.8042307198048));
#16163=CARTESIAN_POINT('',(-6.88881248235704,36.,26.1862225830555));
#16164=CARTESIAN_POINT('Ctrl Pts',(-6.88881248235704,36.,26.1862225830555));
#16165=CARTESIAN_POINT('Ctrl Pts',(-6.85260702386385,36.,26.1095834763851));
#16166=CARTESIAN_POINT('Ctrl Pts',(-6.78386241789972,36.,25.9640660486609));
#16167=CARTESIAN_POINT('Ctrl Pts',(-6.66527280968753,36.,25.8555805677352));
#16168=CARTESIAN_POINT('Ctrl Pts',(-6.60914033651353,36.,25.8042307198048));
#16169=CARTESIAN_POINT('',(-6.88881248235704,35.,26.1862225830555));
#16170=CARTESIAN_POINT('Ctrl Pts',(-6.99385970830919,35.,26.737381964922));
#16171=CARTESIAN_POINT('Ctrl Pts',(-6.99385970830919,36.,26.737381964922));
#16172=CARTESIAN_POINT('Ctrl Pts',(-6.9900311675516,35.,26.6400202188485));
#16173=CARTESIAN_POINT('Ctrl Pts',(-6.9900311675516,36.,26.6400202188485));
#16174=CARTESIAN_POINT('Ctrl Pts',(-6.9825966647936,35.,26.4509570181313));
#16175=CARTESIAN_POINT('Ctrl Pts',(-6.9825966647936,36.,26.4509570181313));
#16176=CARTESIAN_POINT('Ctrl Pts',(-6.91944363833693,35.,26.2726883554638));
#16177=CARTESIAN_POINT('Ctrl Pts',(-6.91944363833693,36.,26.2726883554638));
#16178=CARTESIAN_POINT('Ctrl Pts',(-6.88881248235704,35.,26.1862225830555));
#16179=CARTESIAN_POINT('Ctrl Pts',(-6.88881248235704,36.,26.1862225830555));
#16180=CARTESIAN_POINT('',(-6.99385970830919,36.,26.737381964922));
#16181=CARTESIAN_POINT('Ctrl Pts',(-6.99385970830919,36.,26.737381964922));
#16182=CARTESIAN_POINT('Ctrl Pts',(-6.9900311675516,36.,26.6400202188485));
#16183=CARTESIAN_POINT('Ctrl Pts',(-6.9825966647936,36.,26.4509570181313));
#16184=CARTESIAN_POINT('Ctrl Pts',(-6.91944363833693,36.,26.2726883554638));
#16185=CARTESIAN_POINT('Ctrl Pts',(-6.88881248235704,36.,26.1862225830555));
#16186=CARTESIAN_POINT('',(-6.99385970830919,35.,26.737381964922));
#16187=CARTESIAN_POINT('Ctrl Pts',(-6.8833550810814,35.,27.3649401962757));
#16188=CARTESIAN_POINT('Ctrl Pts',(-6.8833550810814,36.,27.3649401962757));
#16189=CARTESIAN_POINT('Ctrl Pts',(-6.91555432551999,35.,27.2693660897407));
#16190=CARTESIAN_POINT('Ctrl Pts',(-6.91555432551999,36.,27.2693660897407));
#16191=CARTESIAN_POINT('Ctrl Pts',(-6.98408372809182,35.,27.0659564589754));
#16192=CARTESIAN_POINT('Ctrl Pts',(-6.98408372809182,36.,27.0659564589754));
#16193=CARTESIAN_POINT('Ctrl Pts',(-6.99047267421505,35.,26.851221497028));
#16194=CARTESIAN_POINT('Ctrl Pts',(-6.99047267421505,36.,26.851221497028));
#16195=CARTESIAN_POINT('Ctrl Pts',(-6.99385970830919,35.,26.737381964922));
#16196=CARTESIAN_POINT('Ctrl Pts',(-6.99385970830919,36.,26.737381964922));
#16197=CARTESIAN_POINT('',(-6.8833550810814,36.,27.3649401962757));
#16198=CARTESIAN_POINT('Ctrl Pts',(-6.8833550810814,36.,27.3649401962757));
#16199=CARTESIAN_POINT('Ctrl Pts',(-6.91555432551999,36.,27.2693660897407));
#16200=CARTESIAN_POINT('Ctrl Pts',(-6.98408372809182,36.,27.0659564589754));
#16201=CARTESIAN_POINT('Ctrl Pts',(-6.99047267421505,36.,26.851221497028));
#16202=CARTESIAN_POINT('Ctrl Pts',(-6.99385970830919,36.,26.737381964922));
#16203=CARTESIAN_POINT('',(-6.8833550810814,35.,27.3649401962757));
#16204=CARTESIAN_POINT('Ctrl Pts',(-6.59276813268663,35.,27.7919514477253));
#16205=CARTESIAN_POINT('Ctrl Pts',(-6.59276813268663,36.,27.7919514477253));
#16206=CARTESIAN_POINT('Ctrl Pts',(-6.65061937223549,35.,27.7318001538725));
#16207=CARTESIAN_POINT('Ctrl Pts',(-6.65061937223549,36.,27.7318001538725));
#16208=CARTESIAN_POINT('Ctrl Pts',(-6.77157796578375,35.,27.606032478689));
#16209=CARTESIAN_POINT('Ctrl Pts',(-6.77157796578375,36.,27.606032478689));
#16210=CARTESIAN_POINT('Ctrl Pts',(-6.8450320882731,35.,27.4475991357237));
#16211=CARTESIAN_POINT('Ctrl Pts',(-6.8450320882731,36.,27.4475991357237));
#16212=CARTESIAN_POINT('Ctrl Pts',(-6.8833550810814,35.,27.3649401962757));
#16213=CARTESIAN_POINT('Ctrl Pts',(-6.8833550810814,36.,27.3649401962757));
#16214=CARTESIAN_POINT('',(-6.59276813268663,36.,27.7919514477253));
#16215=CARTESIAN_POINT('Ctrl Pts',(-6.59276813268663,36.,27.7919514477253));
#16216=CARTESIAN_POINT('Ctrl Pts',(-6.65061937223549,36.,27.7318001538725));
#16217=CARTESIAN_POINT('Ctrl Pts',(-6.77157796578375,36.,27.606032478689));
#16218=CARTESIAN_POINT('Ctrl Pts',(-6.8450320882731,36.,27.4475991357237));
#16219=CARTESIAN_POINT('Ctrl Pts',(-6.8833550810814,36.,27.3649401962757));
#16220=CARTESIAN_POINT('',(-6.59276813268663,35.,27.7919514477253));
#16221=CARTESIAN_POINT('Ctrl Pts',(-6.1971339583397,35.,28.0443389713764));
#16222=CARTESIAN_POINT('Ctrl Pts',(-6.1971339583397,36.,28.0443389713764));
#16223=CARTESIAN_POINT('Ctrl Pts',(-6.26778653366589,35.,28.0110600279004));
#16224=CARTESIAN_POINT('Ctrl Pts',(-6.26778653366589,36.,28.0110600279004));
#16225=CARTESIAN_POINT('Ctrl Pts',(-6.41044725315,35.,27.9438636377046));
#16226=CARTESIAN_POINT('Ctrl Pts',(-6.41044725315,36.,27.9438636377046));
#16227=CARTESIAN_POINT('Ctrl Pts',(-6.5316107391367,35.,27.8429086042024));
#16228=CARTESIAN_POINT('Ctrl Pts',(-6.5316107391367,36.,27.8429086042024));
#16229=CARTESIAN_POINT('Ctrl Pts',(-6.59276813268663,35.,27.7919514477253));
#16230=CARTESIAN_POINT('Ctrl Pts',(-6.59276813268663,36.,27.7919514477253));
#16231=CARTESIAN_POINT('',(-6.1971339583397,36.,28.0443389713764));
#16232=CARTESIAN_POINT('Ctrl Pts',(-6.1971339583397,36.,28.0443389713764));
#16233=CARTESIAN_POINT('Ctrl Pts',(-6.26778653366589,36.,28.0110600279004));
#16234=CARTESIAN_POINT('Ctrl Pts',(-6.41044725315,36.,27.9438636377046));
#16235=CARTESIAN_POINT('Ctrl Pts',(-6.5316107391367,36.,27.8429086042024));
#16236=CARTESIAN_POINT('Ctrl Pts',(-6.59276813268663,36.,27.7919514477253));
#16237=CARTESIAN_POINT('',(-6.1971339583397,35.,28.0443389713764));
#16238=CARTESIAN_POINT('Ctrl Pts',(-5.39222329854967,35.,28.1971354782581));
#16239=CARTESIAN_POINT('Ctrl Pts',(-5.39222329854967,36.,28.1971354782581));
#16240=CARTESIAN_POINT('Ctrl Pts',(-5.53292693088028,35.,28.1912949020719));
#16241=CARTESIAN_POINT('Ctrl Pts',(-5.53292693088028,36.,28.1912949020719));
#16242=CARTESIAN_POINT('Ctrl Pts',(-5.80880608676352,35.,28.1798432202537));
#16243=CARTESIAN_POINT('Ctrl Pts',(-5.80880608676352,36.,28.1798432202537));
#16244=CARTESIAN_POINT('Ctrl Pts',(-6.06943215617939,35.,28.0888996069851));
#16245=CARTESIAN_POINT('Ctrl Pts',(-6.06943215617939,36.,28.0888996069851));
#16246=CARTESIAN_POINT('Ctrl Pts',(-6.1971339583397,35.,28.0443389713764));
#16247=CARTESIAN_POINT('Ctrl Pts',(-6.1971339583397,36.,28.0443389713764));
#16248=CARTESIAN_POINT('',(-5.39222329854967,36.,28.1971354782581));
#16249=CARTESIAN_POINT('Ctrl Pts',(-5.39222329854967,36.,28.1971354782581));
#16250=CARTESIAN_POINT('Ctrl Pts',(-5.53292693088028,36.,28.1912949020719));
#16251=CARTESIAN_POINT('Ctrl Pts',(-5.80880608676352,36.,28.1798432202537));
#16252=CARTESIAN_POINT('Ctrl Pts',(-6.06943215617939,36.,28.0888996069851));
#16253=CARTESIAN_POINT('Ctrl Pts',(-6.1971339583397,36.,28.0443389713764));
#16254=CARTESIAN_POINT('',(-5.39222329854967,35.,28.1971354782581));
#16255=CARTESIAN_POINT('Ctrl Pts',(-4.49727147817613,35.,28.0129618942738));
#16256=CARTESIAN_POINT('Ctrl Pts',(-4.49727147817613,36.,28.0129618942738));
#16257=CARTESIAN_POINT('Ctrl Pts',(-4.63024598343071,35.,28.0666044266508));
#16258=CARTESIAN_POINT('Ctrl Pts',(-4.63024598343071,36.,28.0666044266508));
#16259=CARTESIAN_POINT('Ctrl Pts',(-4.91691312941126,35.,28.1822472833793));
#16260=CARTESIAN_POINT('Ctrl Pts',(-4.91691312941126,36.,28.1822472833793));
#16261=CARTESIAN_POINT('Ctrl Pts',(-5.22633241281473,35.,28.19193925904));
#16262=CARTESIAN_POINT('Ctrl Pts',(-5.22633241281473,36.,28.19193925904));
#16263=CARTESIAN_POINT('Ctrl Pts',(-5.39222329854967,35.,28.1971354782581));
#16264=CARTESIAN_POINT('Ctrl Pts',(-5.39222329854967,36.,28.1971354782581));
#16265=CARTESIAN_POINT('',(-4.49727147817613,36.,28.0129618942738));
#16266=CARTESIAN_POINT('Ctrl Pts',(-4.49727147817613,36.,28.0129618942738));
#16267=CARTESIAN_POINT('Ctrl Pts',(-4.63024598343071,36.,28.0666044266508));
#16268=CARTESIAN_POINT('Ctrl Pts',(-4.91691312941126,36.,28.1822472833793));
#16269=CARTESIAN_POINT('Ctrl Pts',(-5.22633241281473,36.,28.19193925904));
#16270=CARTESIAN_POINT('Ctrl Pts',(-5.39222329854967,36.,28.1971354782581));
#16271=CARTESIAN_POINT('',(-4.49727147817613,35.,28.0129618942738));
#16272=CARTESIAN_POINT('Ctrl Pts',(-3.96248191595079,35.,27.476808577776));
#16273=CARTESIAN_POINT('Ctrl Pts',(-3.96248191595079,36.,27.476808577776));
#16274=CARTESIAN_POINT('Ctrl Pts',(-4.02888601633137,35.,27.5873795143242));
#16275=CARTESIAN_POINT('Ctrl Pts',(-4.02888601633137,36.,27.5873795143242));
#16276=CARTESIAN_POINT('Ctrl Pts',(-4.16274604545824,35.,27.8102728101012));
#16277=CARTESIAN_POINT('Ctrl Pts',(-4.16274604545824,36.,27.8102728101012));
#16278=CARTESIAN_POINT('Ctrl Pts',(-4.38518039512618,35.,27.9450458653407));
#16279=CARTESIAN_POINT('Ctrl Pts',(-4.38518039512618,36.,27.9450458653407));
#16280=CARTESIAN_POINT('Ctrl Pts',(-4.49727147817613,35.,28.0129618942738));
#16281=CARTESIAN_POINT('Ctrl Pts',(-4.49727147817613,36.,28.0129618942738));
#16282=CARTESIAN_POINT('',(-3.96248191595079,36.,27.476808577776));
#16283=CARTESIAN_POINT('Ctrl Pts',(-3.96248191595079,36.,27.476808577776));
#16284=CARTESIAN_POINT('Ctrl Pts',(-4.02888601633137,36.,27.5873795143242));
#16285=CARTESIAN_POINT('Ctrl Pts',(-4.16274604545824,36.,27.8102728101012));
#16286=CARTESIAN_POINT('Ctrl Pts',(-4.38518039512618,36.,27.9450458653407));
#16287=CARTESIAN_POINT('Ctrl Pts',(-4.49727147817613,36.,28.0129618942738));
#16288=CARTESIAN_POINT('',(-3.96248191595079,35.,27.476808577776));
#16289=CARTESIAN_POINT('Ctrl Pts',(-3.78785699605943,35.,26.7291958630085));
#16290=CARTESIAN_POINT('Ctrl Pts',(-3.78785699605943,36.,26.7291958630085));
#16291=CARTESIAN_POINT('Ctrl Pts',(-3.79507982228459,35.,26.8591493787894));
#16292=CARTESIAN_POINT('Ctrl Pts',(-3.79507982228459,36.,26.8591493787894));
#16293=CARTESIAN_POINT('Ctrl Pts',(-3.80949962366966,35.,27.1185912964596));
#16294=CARTESIAN_POINT('Ctrl Pts',(-3.80949962366966,36.,27.1185912964596));
#16295=CARTESIAN_POINT('Ctrl Pts',(-3.91154880133199,35.,27.3575456122676));
#16296=CARTESIAN_POINT('Ctrl Pts',(-3.91154880133199,36.,27.3575456122676));
#16297=CARTESIAN_POINT('Ctrl Pts',(-3.96248191595079,35.,27.476808577776));
#16298=CARTESIAN_POINT('Ctrl Pts',(-3.96248191595079,36.,27.476808577776));
#16299=CARTESIAN_POINT('',(-3.78785699605943,36.,26.7291958630085));
#16300=CARTESIAN_POINT('Ctrl Pts',(-3.78785699605943,36.,26.7291958630085));
#16301=CARTESIAN_POINT('Ctrl Pts',(-3.79507982228459,36.,26.8591493787894));
#16302=CARTESIAN_POINT('Ctrl Pts',(-3.80949962366966,36.,27.1185912964596));
#16303=CARTESIAN_POINT('Ctrl Pts',(-3.91154880133199,36.,27.3575456122676));
#16304=CARTESIAN_POINT('Ctrl Pts',(-3.96248191595079,36.,27.476808577776));
#16305=CARTESIAN_POINT('',(-3.78785699605943,35.,26.7291958630085));
#16306=CARTESIAN_POINT('Ctrl Pts',(-3.92019122838975,35.,26.0579819977283));
#16307=CARTESIAN_POINT('Ctrl Pts',(-3.92019122838975,36.,26.0579819977283));
#16308=CARTESIAN_POINT('Ctrl Pts',(-3.88159397379687,35.,26.1674034460258));
#16309=CARTESIAN_POINT('Ctrl Pts',(-3.88159397379687,36.,26.1674034460258));
#16310=CARTESIAN_POINT('Ctrl Pts',(-3.80492873249523,35.,26.3847458924197));
#16311=CARTESIAN_POINT('Ctrl Pts',(-3.80492873249523,36.,26.3847458924197));
#16312=CARTESIAN_POINT('Ctrl Pts',(-3.79352132405754,35.,26.6149088588895));
#16313=CARTESIAN_POINT('Ctrl Pts',(-3.79352132405754,36.,26.6149088588895));
#16314=CARTESIAN_POINT('Ctrl Pts',(-3.78785699605943,35.,26.7291958630085));
#16315=CARTESIAN_POINT('Ctrl Pts',(-3.78785699605943,36.,26.7291958630085));
#16316=CARTESIAN_POINT('',(-3.92019122838975,36.,26.0579819977283));
#16317=CARTESIAN_POINT('Ctrl Pts',(-3.92019122838975,36.,26.0579819977283));
#16318=CARTESIAN_POINT('Ctrl Pts',(-3.88159397379687,36.,26.1674034460258));
#16319=CARTESIAN_POINT('Ctrl Pts',(-3.80492873249523,36.,26.3847458924197));
#16320=CARTESIAN_POINT('Ctrl Pts',(-3.79352132405754,36.,26.6149088588895));
#16321=CARTESIAN_POINT('Ctrl Pts',(-3.78785699605943,36.,26.7291958630085));
#16322=CARTESIAN_POINT('',(-3.92019122838975,35.,26.0579819977283));
#16323=CARTESIAN_POINT('Ctrl Pts',(-4.20259088277818,35.,25.5613918602467));
#16324=CARTESIAN_POINT('Ctrl Pts',(-4.20259088277818,36.,25.5613918602467));
#16325=CARTESIAN_POINT('Ctrl Pts',(-4.15135100446061,35.,25.6294034319735));
#16326=CARTESIAN_POINT('Ctrl Pts',(-4.15135100446061,36.,25.6294034319735));
#16327=CARTESIAN_POINT('Ctrl Pts',(-4.0359506313215,35.,25.7825763319248));
#16328=CARTESIAN_POINT('Ctrl Pts',(-4.0359506313215,36.,25.7825763319248));
#16329=CARTESIAN_POINT('Ctrl Pts',(-3.96155425284325,35.,25.9595743435702));
#16330=CARTESIAN_POINT('Ctrl Pts',(-3.96155425284325,36.,25.9595743435702));
#16331=CARTESIAN_POINT('Ctrl Pts',(-3.92019122838975,35.,26.0579819977283));
#16332=CARTESIAN_POINT('Ctrl Pts',(-3.92019122838975,36.,26.0579819977283));
#16333=CARTESIAN_POINT('',(-4.20259088277818,36.,25.5613918602467));
#16334=CARTESIAN_POINT('Ctrl Pts',(-4.20259088277818,36.,25.5613918602467));
#16335=CARTESIAN_POINT('Ctrl Pts',(-4.15135100446061,36.,25.6294034319735));
#16336=CARTESIAN_POINT('Ctrl Pts',(-4.0359506313215,36.,25.7825763319248));
#16337=CARTESIAN_POINT('Ctrl Pts',(-3.96155425284325,36.,25.9595743435702));
#16338=CARTESIAN_POINT('Ctrl Pts',(-3.92019122838975,36.,26.0579819977283));
#16339=CARTESIAN_POINT('',(-4.20259088277818,35.,25.5613918602467));
#16340=CARTESIAN_POINT('Origin',(-4.94747489690782,35.,25.5613918602467));
#16341=CARTESIAN_POINT('',(-4.94747489690782,36.,25.5613918602467));
#16342=CARTESIAN_POINT('',(-4.20259088277818,36.,25.5613918602467));
#16343=CARTESIAN_POINT('',(-4.94747489690782,35.,25.5613918602467));
#16344=CARTESIAN_POINT('Origin',(-4.94747489690782,35.,26.737381964922));
#16345=CARTESIAN_POINT('',(-4.94747489690782,36.,25.5613918602467));
#16346=CARTESIAN_POINT('Origin',(-8.50136309862138,36.,25.4999999701977));
#16347=CARTESIAN_POINT('Origin',(-6.9065484404564,35.,19.9324698746204));
#16348=CARTESIAN_POINT('',(-3.37858051061631,36.,19.9324698746204));
#16349=CARTESIAN_POINT('',(-3.37858051061631,35.,19.9324698746204));
#16350=CARTESIAN_POINT('',(-6.9065484404564,36.,19.9324698746204));
#16351=CARTESIAN_POINT('',(-3.37858051061631,36.,19.9324698746204));
#16352=CARTESIAN_POINT('',(-6.9065484404564,35.,19.9324698746204));
#16353=CARTESIAN_POINT('Origin',(-6.9065484404564,35.,21.2503428757191));
#16354=CARTESIAN_POINT('',(-6.9065484404564,36.,21.2503428757191));
#16355=CARTESIAN_POINT('',(-6.9065484404564,36.,19.9324698746204));
#16356=CARTESIAN_POINT('',(-6.9065484404564,35.,21.2503428757191));
#16357=CARTESIAN_POINT('Origin',(-7.37858146429063,35.,21.2503428757191));
#16358=CARTESIAN_POINT('',(-7.37858146429063,36.,21.2503428757191));
#16359=CARTESIAN_POINT('',(-6.9065484404564,36.,21.2503428757191));
#16360=CARTESIAN_POINT('',(-7.37858146429063,35.,21.2503428757191));
#16361=CARTESIAN_POINT('Origin',(-7.37858146429063,35.,18.0798096954823));
#16362=CARTESIAN_POINT('',(-7.37858146429063,36.,18.0798096954823));
#16363=CARTESIAN_POINT('',(-7.37858146429063,36.,21.2503428757191));
#16364=CARTESIAN_POINT('',(-7.37858146429063,35.,18.0798096954823));
#16365=CARTESIAN_POINT('Origin',(-6.9065484404564,35.,18.0798096954823));
#16366=CARTESIAN_POINT('',(-6.9065484404564,36.,18.0798096954823));
#16367=CARTESIAN_POINT('',(-7.37858146429063,36.,18.0798096954823));
#16368=CARTESIAN_POINT('',(-6.9065484404564,35.,18.0798096954823));
#16369=CARTESIAN_POINT('Origin',(-6.9065484404564,35.,19.4031400978565));
#16370=CARTESIAN_POINT('',(-6.9065484404564,36.,19.4031400978565));
#16371=CARTESIAN_POINT('',(-6.9065484404564,36.,18.0798096954823));
#16372=CARTESIAN_POINT('',(-6.9065484404564,35.,19.4031400978565));
#16373=CARTESIAN_POINT('Origin',(-3.37858051061631,35.,19.4031400978565));
#16374=CARTESIAN_POINT('',(-3.37858051061631,36.,19.4031400978565));
#16375=CARTESIAN_POINT('',(-6.9065484404564,36.,19.4031400978565));
#16376=CARTESIAN_POINT('',(-3.37858051061631,35.,19.4031400978565));
#16377=CARTESIAN_POINT('Origin',(-3.37858051061631,35.,19.9324698746204));
#16378=CARTESIAN_POINT('',(-3.37858051061631,36.,19.4031400978565));
#16379=CARTESIAN_POINT('Origin',(-8.50136309862138,36.,25.4999999701977));
#16380=CARTESIAN_POINT('Ctrl Pts',(-4.17939990758897,35.,16.8642564117909));
#16381=CARTESIAN_POINT('Ctrl Pts',(-4.17939990758897,36.,16.8642564117909));
#16382=CARTESIAN_POINT('Ctrl Pts',(-4.33796288525731,35.,16.9775277934211));
#16383=CARTESIAN_POINT('Ctrl Pts',(-4.33796288525731,36.,16.9775277934211));
#16384=CARTESIAN_POINT('Ctrl Pts',(-4.67749955674046,35.,17.2200799229192));
#16385=CARTESIAN_POINT('Ctrl Pts',(-4.67749955674046,36.,17.2200799229192));
#16386=CARTESIAN_POINT('Ctrl Pts',(-5.09566759516561,35.,17.2415994706075));
#16387=CARTESIAN_POINT('Ctrl Pts',(-5.09566759516561,36.,17.2415994706075));
#16388=CARTESIAN_POINT('Ctrl Pts',(-5.31855195760728,35.,17.2530694305897));
#16389=CARTESIAN_POINT('Ctrl Pts',(-5.31855195760728,36.,17.2530694305897));
#16390=CARTESIAN_POINT('',(-5.31855195760728,35.,17.2530694305897));
#16391=CARTESIAN_POINT('',(-4.17939990758897,35.,16.8642564117909));
#16392=CARTESIAN_POINT('Ctrl Pts',(-5.31855195760728,35.,17.2530694305897));
#16393=CARTESIAN_POINT('Ctrl Pts',(-5.09566759516561,35.,17.2415994706075));
#16394=CARTESIAN_POINT('Ctrl Pts',(-4.67749955674046,35.,17.2200799229192));
#16395=CARTESIAN_POINT('Ctrl Pts',(-4.33796288525731,35.,16.9775277934211));
#16396=CARTESIAN_POINT('Ctrl Pts',(-4.17939990758897,35.,16.8642564117909));
#16397=CARTESIAN_POINT('',(-5.31855195760728,36.,17.2530694305897));
#16398=CARTESIAN_POINT('',(-5.31855195760728,35.,17.2530694305897));
#16399=CARTESIAN_POINT('',(-4.17939990758897,36.,16.8642564117909));
#16400=CARTESIAN_POINT('Ctrl Pts',(-4.17939990758897,36.,16.8642564117909));
#16401=CARTESIAN_POINT('Ctrl Pts',(-4.33796288525731,36.,16.9775277934211));
#16402=CARTESIAN_POINT('Ctrl Pts',(-4.67749955674046,36.,17.2200799229192));
#16403=CARTESIAN_POINT('Ctrl Pts',(-5.09566759516561,36.,17.2415994706075));
#16404=CARTESIAN_POINT('Ctrl Pts',(-5.31855195760728,36.,17.2530694305897));
#16405=CARTESIAN_POINT('',(-4.17939990758897,35.,16.8642564117909));
#16406=CARTESIAN_POINT('Ctrl Pts',(-3.76329988241197,35.,15.8888120949268));
#16407=CARTESIAN_POINT('Ctrl Pts',(-3.76329988241197,36.,15.8888120949268));
#16408=CARTESIAN_POINT('Ctrl Pts',(-3.78004718597231,35.,16.0755573071253));
#16409=CARTESIAN_POINT('Ctrl Pts',(-3.78004718597231,36.,16.0755573071253));
#16410=CARTESIAN_POINT('Ctrl Pts',(-3.81326224745157,35.,16.4459305843384));
#16411=CARTESIAN_POINT('Ctrl Pts',(-3.81326224745157,36.,16.4459305843384));
#16412=CARTESIAN_POINT('Ctrl Pts',(-4.05804072497458,35.,16.7255990541537));
#16413=CARTESIAN_POINT('Ctrl Pts',(-4.05804072497458,36.,16.7255990541537));
#16414=CARTESIAN_POINT('Ctrl Pts',(-4.17939990758897,35.,16.8642564117909));
#16415=CARTESIAN_POINT('Ctrl Pts',(-4.17939990758897,36.,16.8642564117909));
#16416=CARTESIAN_POINT('',(-3.76329988241197,35.,15.8888120949268));
#16417=CARTESIAN_POINT('Ctrl Pts',(-4.17939990758897,35.,16.8642564117909));
#16418=CARTESIAN_POINT('Ctrl Pts',(-4.05804072497458,35.,16.7255990541537));
#16419=CARTESIAN_POINT('Ctrl Pts',(-3.81326224745157,35.,16.4459305843384));
#16420=CARTESIAN_POINT('Ctrl Pts',(-3.78004718597231,35.,16.0755573071253));
#16421=CARTESIAN_POINT('Ctrl Pts',(-3.76329988241197,35.,15.8888120949268));
#16422=CARTESIAN_POINT('',(-3.76329988241197,36.,15.8888120949268));
#16423=CARTESIAN_POINT('Ctrl Pts',(-3.76329988241197,36.,15.8888120949268));
#16424=CARTESIAN_POINT('Ctrl Pts',(-3.78004718597231,36.,16.0755573071253));
#16425=CARTESIAN_POINT('Ctrl Pts',(-3.81326224745157,36.,16.4459305843384));
#16426=CARTESIAN_POINT('Ctrl Pts',(-4.05804072497458,36.,16.7255990541537));
#16427=CARTESIAN_POINT('Ctrl Pts',(-4.17939990758897,36.,16.8642564117909));
#16428=CARTESIAN_POINT('',(-3.76329988241197,35.,15.8888120949268));
#16429=CARTESIAN_POINT('Ctrl Pts',(-4.18349117040635,35.,14.9051828682423));
#16430=CARTESIAN_POINT('Ctrl Pts',(-4.18349117040635,36.,14.9051828682423));
#16431=CARTESIAN_POINT('Ctrl Pts',(-4.06094220323136,35.,15.0439634615021));
#16432=CARTESIAN_POINT('Ctrl Pts',(-4.06094220323136,36.,15.0439634615021));
#16433=CARTESIAN_POINT('Ctrl Pts',(-3.81258879310671,35.,15.3252113119713));
#16434=CARTESIAN_POINT('Ctrl Pts',(-3.81258879310671,36.,15.3252113119713));
#16435=CARTESIAN_POINT('Ctrl Pts',(-3.77987247043223,35.,15.699310573141));
#16436=CARTESIAN_POINT('Ctrl Pts',(-3.77987247043223,36.,15.699310573141));
#16437=CARTESIAN_POINT('Ctrl Pts',(-3.76329988241197,35.,15.8888120949268));
#16438=CARTESIAN_POINT('Ctrl Pts',(-3.76329988241197,36.,15.8888120949268));
#16439=CARTESIAN_POINT('',(-4.18349117040635,35.,14.9051828682423));
#16440=CARTESIAN_POINT('Ctrl Pts',(-3.76329988241197,35.,15.8888120949268));
#16441=CARTESIAN_POINT('Ctrl Pts',(-3.77987247043223,35.,15.699310573141));
#16442=CARTESIAN_POINT('Ctrl Pts',(-3.81258879310671,35.,15.3252113119713));
#16443=CARTESIAN_POINT('Ctrl Pts',(-4.06094220323136,35.,15.0439634615021));
#16444=CARTESIAN_POINT('Ctrl Pts',(-4.18349117040635,35.,14.9051828682423));
#16445=CARTESIAN_POINT('',(-4.18349117040635,36.,14.9051828682423));
#16446=CARTESIAN_POINT('Ctrl Pts',(-4.18349117040635,36.,14.9051828682423));
#16447=CARTESIAN_POINT('Ctrl Pts',(-4.06094220323136,36.,15.0439634615021));
#16448=CARTESIAN_POINT('Ctrl Pts',(-3.81258879310671,36.,15.3252113119713));
#16449=CARTESIAN_POINT('Ctrl Pts',(-3.77987247043223,36.,15.699310573141));
#16450=CARTESIAN_POINT('Ctrl Pts',(-3.76329988241197,36.,15.8888120949268));
#16451=CARTESIAN_POINT('',(-4.18349117040635,35.,14.9051828682423));
#16452=CARTESIAN_POINT('Ctrl Pts',(-5.37585109472275,35.,14.5190997421742));
#16453=CARTESIAN_POINT('Ctrl Pts',(-5.37585109472275,36.,14.5190997421742));
#16454=CARTESIAN_POINT('Ctrl Pts',(-5.14022596239273,35.,14.5291105457091));
#16455=CARTESIAN_POINT('Ctrl Pts',(-5.14022596239273,36.,14.5291105457091));
#16456=CARTESIAN_POINT('Ctrl Pts',(-4.70514228259304,35.,14.547595574011));
#16457=CARTESIAN_POINT('Ctrl Pts',(-4.70514228259304,36.,14.547595574011));
#16458=CARTESIAN_POINT('Ctrl Pts',(-4.34746413966081,35.,14.7927808258945));
#16459=CARTESIAN_POINT('Ctrl Pts',(-4.34746413966081,36.,14.7927808258945));
#16460=CARTESIAN_POINT('Ctrl Pts',(-4.18349117040635,35.,14.9051828682423));
#16461=CARTESIAN_POINT('Ctrl Pts',(-4.18349117040635,36.,14.9051828682423));
#16462=CARTESIAN_POINT('',(-5.37585109472275,35.,14.5190997421742));
#16463=CARTESIAN_POINT('Ctrl Pts',(-4.18349117040635,35.,14.9051828682423));
#16464=CARTESIAN_POINT('Ctrl Pts',(-4.34746413966081,35.,14.7927808258945));
#16465=CARTESIAN_POINT('Ctrl Pts',(-4.70514228259304,35.,14.547595574011));
#16466=CARTESIAN_POINT('Ctrl Pts',(-5.14022596239273,35.,14.5291105457091));
#16467=CARTESIAN_POINT('Ctrl Pts',(-5.37585109472275,35.,14.5190997421742));
#16468=CARTESIAN_POINT('',(-5.37585109472275,36.,14.5190997421742));
#16469=CARTESIAN_POINT('Ctrl Pts',(-5.37585109472275,36.,14.5190997421742));
#16470=CARTESIAN_POINT('Ctrl Pts',(-5.14022596239273,36.,14.5291105457091));
#16471=CARTESIAN_POINT('Ctrl Pts',(-4.70514228259304,36.,14.547595574011));
#16472=CARTESIAN_POINT('Ctrl Pts',(-4.34746413966081,36.,14.7927808258945));
#16473=CARTESIAN_POINT('Ctrl Pts',(-4.18349117040635,36.,14.9051828682423));
#16474=CARTESIAN_POINT('',(-5.37585109472275,35.,14.5190997421742));
#16475=CARTESIAN_POINT('Ctrl Pts',(-6.22851222753525,35.,14.6841736137867));
#16476=CARTESIAN_POINT('Ctrl Pts',(-6.22851222753525,36.,14.6841736137867));
#16477=CARTESIAN_POINT('Ctrl Pts',(-6.09811194020499,35.,14.6360615003774));
#16478=CARTESIAN_POINT('Ctrl Pts',(-6.09811194020499,36.,14.6360615003774));
#16479=CARTESIAN_POINT('Ctrl Pts',(-5.82314581204616,35.,14.5346107918511));
#16480=CARTESIAN_POINT('Ctrl Pts',(-5.82314581204616,36.,14.5346107918511));
#16481=CARTESIAN_POINT('Ctrl Pts',(-5.52998365597694,35.,14.5244446696277));
#16482=CARTESIAN_POINT('Ctrl Pts',(-5.52998365597694,36.,14.5244446696277));
#16483=CARTESIAN_POINT('Ctrl Pts',(-5.37585109472275,35.,14.5190997421742));
#16484=CARTESIAN_POINT('Ctrl Pts',(-5.37585109472275,36.,14.5190997421742));
#16485=CARTESIAN_POINT('',(-6.22851222753525,35.,14.6841736137867));
#16486=CARTESIAN_POINT('Ctrl Pts',(-5.37585109472275,35.,14.5190997421742));
#16487=CARTESIAN_POINT('Ctrl Pts',(-5.52998365597694,35.,14.5244446696277));
#16488=CARTESIAN_POINT('Ctrl Pts',(-5.82314581204616,35.,14.5346107918511));
#16489=CARTESIAN_POINT('Ctrl Pts',(-6.09811194020499,35.,14.6360615003774));
#16490=CARTESIAN_POINT('Ctrl Pts',(-6.22851222753525,35.,14.6841736137867));
#16491=CARTESIAN_POINT('',(-6.22851222753525,36.,14.6841736137867));
#16492=CARTESIAN_POINT('Ctrl Pts',(-6.22851222753525,36.,14.6841736137867));
#16493=CARTESIAN_POINT('Ctrl Pts',(-6.09811194020499,36.,14.6360615003774));
#16494=CARTESIAN_POINT('Ctrl Pts',(-5.82314581204616,36.,14.5346107918511));
#16495=CARTESIAN_POINT('Ctrl Pts',(-5.52998365597694,36.,14.5244446696277));
#16496=CARTESIAN_POINT('Ctrl Pts',(-5.37585109472275,36.,14.5190997421742));
#16497=CARTESIAN_POINT('',(-6.22851222753525,35.,14.6841736137867));
#16498=CARTESIAN_POINT('Ctrl Pts',(-6.7933139204979,35.,15.1671214401722));
#16499=CARTESIAN_POINT('Ctrl Pts',(-6.7933139204979,36.,15.1671214401722));
#16500=CARTESIAN_POINT('Ctrl Pts',(-6.71866851282109,35.,15.0670943924586));
#16501=CARTESIAN_POINT('Ctrl Pts',(-6.71866851282109,36.,15.0670943924586));
#16502=CARTESIAN_POINT('Ctrl Pts',(-6.56686812560795,35.,14.8636773967278));
#16503=CARTESIAN_POINT('Ctrl Pts',(-6.56686812560795,36.,14.8636773967278));
#16504=CARTESIAN_POINT('Ctrl Pts',(-6.34253376265987,35.,14.7446640530201));
#16505=CARTESIAN_POINT('Ctrl Pts',(-6.34253376265987,36.,14.7446640530201));
#16506=CARTESIAN_POINT('Ctrl Pts',(-6.22851222753525,35.,14.6841736137867));
#16507=CARTESIAN_POINT('Ctrl Pts',(-6.22851222753525,36.,14.6841736137867));
#16508=CARTESIAN_POINT('',(-6.7933139204979,35.,15.1671214401722));
#16509=CARTESIAN_POINT('Ctrl Pts',(-6.22851222753525,35.,14.6841736137867));
#16510=CARTESIAN_POINT('Ctrl Pts',(-6.34253376265987,35.,14.7446640530201));
#16511=CARTESIAN_POINT('Ctrl Pts',(-6.56686812560795,35.,14.8636773967278));
#16512=CARTESIAN_POINT('Ctrl Pts',(-6.71866851282109,35.,15.0670943924586));
#16513=CARTESIAN_POINT('Ctrl Pts',(-6.7933139204979,35.,15.1671214401722));
#16514=CARTESIAN_POINT('',(-6.7933139204979,36.,15.1671214401722));
#16515=CARTESIAN_POINT('Ctrl Pts',(-6.7933139204979,36.,15.1671214401722));
#16516=CARTESIAN_POINT('Ctrl Pts',(-6.71866851282109,36.,15.0670943924586));
#16517=CARTESIAN_POINT('Ctrl Pts',(-6.56686812560795,36.,14.8636773967278));
#16518=CARTESIAN_POINT('Ctrl Pts',(-6.34253376265987,36.,14.7446640530201));
#16519=CARTESIAN_POINT('Ctrl Pts',(-6.22851222753525,36.,14.6841736137867));
#16520=CARTESIAN_POINT('',(-6.7933139204979,35.,15.1671214401722));
#16521=CARTESIAN_POINT('Ctrl Pts',(-6.99385970830918,35.,15.8806271851063));
#16522=CARTESIAN_POINT('Ctrl Pts',(-6.99385970830918,36.,15.8806271851063));
#16523=CARTESIAN_POINT('Ctrl Pts',(-6.98596770659381,35.,15.7527314752801));
#16524=CARTESIAN_POINT('Ctrl Pts',(-6.98596770659381,36.,15.7527314752801));
#16525=CARTESIAN_POINT('Ctrl Pts',(-6.97039566275446,35.,15.5003750171715));
#16526=CARTESIAN_POINT('Ctrl Pts',(-6.97039566275446,36.,15.5003750171715));
#16527=CARTESIAN_POINT('Ctrl Pts',(-6.85180309183777,35.,15.2771933499939));
#16528=CARTESIAN_POINT('Ctrl Pts',(-6.85180309183777,36.,15.2771933499939));
#16529=CARTESIAN_POINT('Ctrl Pts',(-6.7933139204979,35.,15.1671214401722));
#16530=CARTESIAN_POINT('Ctrl Pts',(-6.7933139204979,36.,15.1671214401722));
#16531=CARTESIAN_POINT('',(-6.99385970830918,35.,15.8806271851063));
#16532=CARTESIAN_POINT('Ctrl Pts',(-6.7933139204979,35.,15.1671214401722));
#16533=CARTESIAN_POINT('Ctrl Pts',(-6.85180309183777,35.,15.2771933499939));
#16534=CARTESIAN_POINT('Ctrl Pts',(-6.97039566275446,35.,15.5003750171715));
#16535=CARTESIAN_POINT('Ctrl Pts',(-6.98596770659381,35.,15.7527314752801));
#16536=CARTESIAN_POINT('Ctrl Pts',(-6.99385970830918,35.,15.8806271851063));
#16537=CARTESIAN_POINT('',(-6.99385970830918,36.,15.8806271851063));
#16538=CARTESIAN_POINT('Ctrl Pts',(-6.99385970830918,36.,15.8806271851063));
#16539=CARTESIAN_POINT('Ctrl Pts',(-6.98596770659381,36.,15.7527314752801));
#16540=CARTESIAN_POINT('Ctrl Pts',(-6.97039566275446,36.,15.5003750171715));
#16541=CARTESIAN_POINT('Ctrl Pts',(-6.85180309183777,36.,15.2771933499939));
#16542=CARTESIAN_POINT('Ctrl Pts',(-6.7933139204979,36.,15.1671214401722));
#16543=CARTESIAN_POINT('',(-6.99385970830918,35.,15.8806271851063));
#16544=CARTESIAN_POINT('Ctrl Pts',(-6.60777658224107,35.,16.8478842079639));
#16545=CARTESIAN_POINT('Ctrl Pts',(-6.60777658224107,36.,16.8478842079639));
#16546=CARTESIAN_POINT('Ctrl Pts',(-6.72038500838794,35.,16.7061744188607));
#16547=CARTESIAN_POINT('Ctrl Pts',(-6.72038500838794,36.,16.7061744188607));
#16548=CARTESIAN_POINT('Ctrl Pts',(-6.9458706097522,35.,16.4224166388394));
#16549=CARTESIAN_POINT('Ctrl Pts',(-6.9458706097522,36.,16.4224166388394));
#16550=CARTESIAN_POINT('Ctrl Pts',(-6.9778506368,35.,16.0613671108091));
#16551=CARTESIAN_POINT('Ctrl Pts',(-6.9778506368,36.,16.0613671108091));
#16552=CARTESIAN_POINT('Ctrl Pts',(-6.99385970830918,35.,15.8806271851063));
#16553=CARTESIAN_POINT('Ctrl Pts',(-6.99385970830918,36.,15.8806271851063));
#16554=CARTESIAN_POINT('',(-6.60777658224107,35.,16.8478842079639));
#16555=CARTESIAN_POINT('Ctrl Pts',(-6.99385970830918,35.,15.8806271851063));
#16556=CARTESIAN_POINT('Ctrl Pts',(-6.9778506368,35.,16.0613671108091));
#16557=CARTESIAN_POINT('Ctrl Pts',(-6.9458706097522,35.,16.4224166388394));
#16558=CARTESIAN_POINT('Ctrl Pts',(-6.72038500838794,35.,16.7061744188607));
#16559=CARTESIAN_POINT('Ctrl Pts',(-6.60777658224107,35.,16.8478842079639));
#16560=CARTESIAN_POINT('',(-6.60777658224107,36.,16.8478842079639));
#16561=CARTESIAN_POINT('Ctrl Pts',(-6.60777658224107,36.,16.8478842079639));
#16562=CARTESIAN_POINT('Ctrl Pts',(-6.72038500838794,36.,16.7061744188607));
#16563=CARTESIAN_POINT('Ctrl Pts',(-6.9458706097522,36.,16.4224166388394));
#16564=CARTESIAN_POINT('Ctrl Pts',(-6.9778506368,36.,16.0613671108091));
#16565=CARTESIAN_POINT('Ctrl Pts',(-6.99385970830918,36.,15.8806271851063));
#16566=CARTESIAN_POINT('',(-6.60777658224107,35.,16.8478842079639));
#16567=CARTESIAN_POINT('Ctrl Pts',(-5.31855195760728,35.,17.2530694305897));
#16568=CARTESIAN_POINT('Ctrl Pts',(-5.31855195760728,36.,17.2530694305897));
#16569=CARTESIAN_POINT('Ctrl Pts',(-5.5860932331233,35.,17.2471492704479));
#16570=CARTESIAN_POINT('Ctrl Pts',(-5.5860932331233,36.,17.2471492704479));
#16571=CARTESIAN_POINT('Ctrl Pts',(-6.05871980821981,35.,17.2366909775865));
#16572=CARTESIAN_POINT('Ctrl Pts',(-6.05871980821981,36.,17.2366909775865));
#16573=CARTESIAN_POINT('Ctrl Pts',(-6.44162415494221,35.,16.9655426935334));
#16574=CARTESIAN_POINT('Ctrl Pts',(-6.44162415494221,36.,16.9655426935334));
#16575=CARTESIAN_POINT('Ctrl Pts',(-6.60777658224107,35.,16.8478842079639));
#16576=CARTESIAN_POINT('Ctrl Pts',(-6.60777658224107,36.,16.8478842079639));
#16577=CARTESIAN_POINT('Ctrl Pts',(-6.60777658224107,35.,16.8478842079639));
#16578=CARTESIAN_POINT('Ctrl Pts',(-6.44162415494221,35.,16.9655426935334));
#16579=CARTESIAN_POINT('Ctrl Pts',(-6.05871980821981,35.,17.2366909775865));
#16580=CARTESIAN_POINT('Ctrl Pts',(-5.5860932331233,35.,17.2471492704479));
#16581=CARTESIAN_POINT('Ctrl Pts',(-5.31855195760728,35.,17.2530694305897));
#16582=CARTESIAN_POINT('Ctrl Pts',(-5.31855195760728,36.,17.2530694305897));
#16583=CARTESIAN_POINT('Ctrl Pts',(-5.5860932331233,36.,17.2471492704479));
#16584=CARTESIAN_POINT('Ctrl Pts',(-6.05871980821981,36.,17.2366909775865));
#16585=CARTESIAN_POINT('Ctrl Pts',(-6.44162415494221,36.,16.9655426935334));
#16586=CARTESIAN_POINT('Ctrl Pts',(-6.60777658224107,36.,16.8478842079639));
#16587=CARTESIAN_POINT('Ctrl Pts',(-6.88608497381211,35.,17.2639818489552));
#16588=CARTESIAN_POINT('Ctrl Pts',(-6.88608497381211,36.,17.2639818489552));
#16589=CARTESIAN_POINT('Ctrl Pts',(-6.67014337143395,35.,17.4197644844273));
#16590=CARTESIAN_POINT('Ctrl Pts',(-6.67014337143395,36.,17.4197644844273));
#16591=CARTESIAN_POINT('Ctrl Pts',(-6.20635146409989,35.,17.7543490426571));
#16592=CARTESIAN_POINT('Ctrl Pts',(-6.20635146409989,36.,17.7543490426571));
#16593=CARTESIAN_POINT('Ctrl Pts',(-5.63309004326513,35.,17.7833000164329));
#16594=CARTESIAN_POINT('Ctrl Pts',(-5.63309004326513,36.,17.7833000164329));
#16595=CARTESIAN_POINT('Ctrl Pts',(-5.32673925161363,35.,17.7987714111805));
#16596=CARTESIAN_POINT('Ctrl Pts',(-5.32673925161363,36.,17.7987714111805));
#16597=CARTESIAN_POINT('',(-5.32673925161363,36.,17.7987714111805));
#16598=CARTESIAN_POINT('',(-5.32673925161363,35.,17.7987714111805));
#16599=CARTESIAN_POINT('',(-6.88608497381211,36.,17.2639818489552));
#16600=CARTESIAN_POINT('Ctrl Pts',(-6.88608497381211,36.,17.2639818489552));
#16601=CARTESIAN_POINT('Ctrl Pts',(-6.67014337143395,36.,17.4197644844273));
#16602=CARTESIAN_POINT('Ctrl Pts',(-6.20635146409989,36.,17.7543490426571));
#16603=CARTESIAN_POINT('Ctrl Pts',(-5.63309004326513,36.,17.7833000164329));
#16604=CARTESIAN_POINT('Ctrl Pts',(-5.32673925161363,36.,17.7987714111805));
#16605=CARTESIAN_POINT('',(-6.88608497381211,35.,17.2639818489552));
#16606=CARTESIAN_POINT('Ctrl Pts',(-7.4495229125023,35.,15.8833546936512));
#16607=CARTESIAN_POINT('Ctrl Pts',(-7.4495229125023,36.,15.8833546936512));
#16608=CARTESIAN_POINT('Ctrl Pts',(-7.42839054628703,35.,16.1500739587494));
#16609=CARTESIAN_POINT('Ctrl Pts',(-7.42839054628703,36.,16.1500739587494));
#16610=CARTESIAN_POINT('Ctrl Pts',(-7.38711944256821,35.,16.670971540286));
#16611=CARTESIAN_POINT('Ctrl Pts',(-7.38711944256821,36.,16.670971540286));
#16612=CARTESIAN_POINT('Ctrl Pts',(-7.05039416995504,35.,17.0695101045983));
#16613=CARTESIAN_POINT('Ctrl Pts',(-7.05039416995504,36.,17.0695101045983));
#16614=CARTESIAN_POINT('Ctrl Pts',(-6.88608497381211,35.,17.2639818489552));
#16615=CARTESIAN_POINT('Ctrl Pts',(-6.88608497381211,36.,17.2639818489552));
#16616=CARTESIAN_POINT('',(-7.4495229125023,36.,15.8833546936512));
#16617=CARTESIAN_POINT('Ctrl Pts',(-7.4495229125023,36.,15.8833546936512));
#16618=CARTESIAN_POINT('Ctrl Pts',(-7.42839054628703,36.,16.1500739587494));
#16619=CARTESIAN_POINT('Ctrl Pts',(-7.38711944256821,36.,16.670971540286));
#16620=CARTESIAN_POINT('Ctrl Pts',(-7.05039416995504,36.,17.0695101045983));
#16621=CARTESIAN_POINT('Ctrl Pts',(-6.88608497381211,36.,17.2639818489552));
#16622=CARTESIAN_POINT('',(-7.4495229125023,35.,15.8833546936512));
#16623=CARTESIAN_POINT('Ctrl Pts',(-7.18485683202744,35.,14.884719401598));
#16624=CARTESIAN_POINT('Ctrl Pts',(-7.18485683202744,36.,14.884719401598));
#16625=CARTESIAN_POINT('Ctrl Pts',(-7.26204445408682,35.,15.0391138631702));
#16626=CARTESIAN_POINT('Ctrl Pts',(-7.26204445408682,36.,15.0391138631702));
#16627=CARTESIAN_POINT('Ctrl Pts',(-7.41923408919891,35.,15.353532269002));
#16628=CARTESIAN_POINT('Ctrl Pts',(-7.41923408919891,36.,15.353532269002));
#16629=CARTESIAN_POINT('Ctrl Pts',(-7.43930684100055,35.,15.7046516876206));
#16630=CARTESIAN_POINT('Ctrl Pts',(-7.43930684100055,36.,15.7046516876206));
#16631=CARTESIAN_POINT('Ctrl Pts',(-7.4495229125023,35.,15.8833546936512));
#16632=CARTESIAN_POINT('Ctrl Pts',(-7.4495229125023,36.,15.8833546936512));
#16633=CARTESIAN_POINT('',(-7.18485683202744,36.,14.884719401598));
#16634=CARTESIAN_POINT('Ctrl Pts',(-7.18485683202744,36.,14.884719401598));
#16635=CARTESIAN_POINT('Ctrl Pts',(-7.26204445408682,36.,15.0391138631702));
#16636=CARTESIAN_POINT('Ctrl Pts',(-7.41923408919891,36.,15.353532269002));
#16637=CARTESIAN_POINT('Ctrl Pts',(-7.43930684100055,36.,15.7046516876206));
#16638=CARTESIAN_POINT('Ctrl Pts',(-7.4495229125023,36.,15.8833546936512));
#16639=CARTESIAN_POINT('',(-7.18485683202744,35.,14.884719401598));
#16640=CARTESIAN_POINT('Ctrl Pts',(-6.4467939734459,35.,14.2066831886768));
#16641=CARTESIAN_POINT('Ctrl Pts',(-6.4467939734459,36.,14.2066831886768));
#16642=CARTESIAN_POINT('Ctrl Pts',(-6.59566351519714,35.,14.2928673122825));
#16643=CARTESIAN_POINT('Ctrl Pts',(-6.59566351519714,36.,14.2928673122825));
#16644=CARTESIAN_POINT('Ctrl Pts',(-6.89186220944683,35.,14.4643437914651));
#16645=CARTESIAN_POINT('Ctrl Pts',(-6.89186220944683,36.,14.4643437914651));
#16646=CARTESIAN_POINT('Ctrl Pts',(-7.08753115169441,35.,14.7450808584355));
#16647=CARTESIAN_POINT('Ctrl Pts',(-7.08753115169441,36.,14.7450808584355));
#16648=CARTESIAN_POINT('Ctrl Pts',(-7.18485683202744,35.,14.884719401598));
#16649=CARTESIAN_POINT('Ctrl Pts',(-7.18485683202744,36.,14.884719401598));
#16650=CARTESIAN_POINT('',(-6.4467939734459,36.,14.2066831886768));
#16651=CARTESIAN_POINT('Ctrl Pts',(-6.4467939734459,36.,14.2066831886768));
#16652=CARTESIAN_POINT('Ctrl Pts',(-6.59566351519714,36.,14.2928673122825));
#16653=CARTESIAN_POINT('Ctrl Pts',(-6.89186220944683,36.,14.4643437914651));
#16654=CARTESIAN_POINT('Ctrl Pts',(-7.08753115169441,36.,14.7450808584355));
#16655=CARTESIAN_POINT('Ctrl Pts',(-7.18485683202744,36.,14.884719401598));
#16656=CARTESIAN_POINT('',(-6.4467939734459,35.,14.2066831886768));
#16657=CARTESIAN_POINT('Ctrl Pts',(-5.37312358617783,35.,13.9733953773975));
#16658=CARTESIAN_POINT('Ctrl Pts',(-5.37312358617783,36.,13.9733953773975));
#16659=CARTESIAN_POINT('Ctrl Pts',(-5.56509595078786,35.,13.9817484585471));
#16660=CARTESIAN_POINT('Ctrl Pts',(-5.56509595078786,36.,13.9817484585471));
#16661=CARTESIAN_POINT('Ctrl Pts',(-5.93662053074882,35.,13.99791419663));
#16662=CARTESIAN_POINT('Ctrl Pts',(-5.93662053074882,36.,13.99791419663));
#16663=CARTESIAN_POINT('Ctrl Pts',(-6.28056891619662,35.,14.1386619340396));
#16664=CARTESIAN_POINT('Ctrl Pts',(-6.28056891619662,36.,14.1386619340396));
#16665=CARTESIAN_POINT('Ctrl Pts',(-6.4467939734459,35.,14.2066831886768));
#16666=CARTESIAN_POINT('Ctrl Pts',(-6.4467939734459,36.,14.2066831886768));
#16667=CARTESIAN_POINT('',(-5.37312358617783,36.,13.9733953773975));
#16668=CARTESIAN_POINT('Ctrl Pts',(-5.37312358617783,36.,13.9733953773975));
#16669=CARTESIAN_POINT('Ctrl Pts',(-5.56509595078786,36.,13.9817484585471));
#16670=CARTESIAN_POINT('Ctrl Pts',(-5.93662053074882,36.,13.99791419663));
#16671=CARTESIAN_POINT('Ctrl Pts',(-6.28056891619662,36.,14.1386619340396));
#16672=CARTESIAN_POINT('Ctrl Pts',(-6.4467939734459,36.,14.2066831886768));
#16673=CARTESIAN_POINT('',(-5.37312358617783,35.,13.9733953773975));
#16674=CARTESIAN_POINT('Ctrl Pts',(-4.28444713354111,35.,14.2189617455006));
#16675=CARTESIAN_POINT('Ctrl Pts',(-4.28444713354111,36.,14.2189617455006));
#16676=CARTESIAN_POINT('Ctrl Pts',(-4.45286246275652,35.,14.1473577664169));
#16677=CARTESIAN_POINT('Ctrl Pts',(-4.45286246275652,36.,14.1473577664169));
#16678=CARTESIAN_POINT('Ctrl Pts',(-4.80060739426705,35.,13.9995094623561));
#16679=CARTESIAN_POINT('Ctrl Pts',(-4.80060739426705,36.,13.9995094623561));
#16680=CARTESIAN_POINT('Ctrl Pts',(-5.17833310699916,35.,13.9822803228266));
#16681=CARTESIAN_POINT('Ctrl Pts',(-5.17833310699916,36.,13.9822803228266));
#16682=CARTESIAN_POINT('Ctrl Pts',(-5.37312358617783,35.,13.9733953773975));
#16683=CARTESIAN_POINT('Ctrl Pts',(-5.37312358617783,36.,13.9733953773975));
#16684=CARTESIAN_POINT('',(-4.28444713354111,36.,14.2189617455006));
#16685=CARTESIAN_POINT('Ctrl Pts',(-4.28444713354111,36.,14.2189617455006));
#16686=CARTESIAN_POINT('Ctrl Pts',(-4.45286246275652,36.,14.1473577664169));
#16687=CARTESIAN_POINT('Ctrl Pts',(-4.80060739426705,36.,13.9995094623561));
#16688=CARTESIAN_POINT('Ctrl Pts',(-5.17833310699916,36.,13.9822803228266));
#16689=CARTESIAN_POINT('Ctrl Pts',(-5.37312358617783,36.,13.9733953773975));
#16690=CARTESIAN_POINT('',(-4.28444713354111,35.,14.2189617455006));
#16691=CARTESIAN_POINT('Ctrl Pts',(-3.55729907751084,35.,14.9147339165211));
#16692=CARTESIAN_POINT('Ctrl Pts',(-3.55729907751084,36.,14.9147339165211));
#16693=CARTESIAN_POINT('Ctrl Pts',(-3.65035740684225,35.,14.7726708976358));
#16694=CARTESIAN_POINT('Ctrl Pts',(-3.65035740684225,36.,14.7726708976358));
#16695=CARTESIAN_POINT('Ctrl Pts',(-3.83895283220305,35.,14.4847607700073));
#16696=CARTESIAN_POINT('Ctrl Pts',(-3.83895283220305,36.,14.4847607700073));
#16697=CARTESIAN_POINT('Ctrl Pts',(-4.13465353849877,35.,14.3083343622098));
#16698=CARTESIAN_POINT('Ctrl Pts',(-4.13465353849877,36.,14.3083343622098));
#16699=CARTESIAN_POINT('Ctrl Pts',(-4.28444713354111,35.,14.2189617455006));
#16700=CARTESIAN_POINT('Ctrl Pts',(-4.28444713354111,36.,14.2189617455006));
#16701=CARTESIAN_POINT('',(-3.55729907751084,36.,14.9147339165211));
#16702=CARTESIAN_POINT('Ctrl Pts',(-3.55729907751084,36.,14.9147339165211));
#16703=CARTESIAN_POINT('Ctrl Pts',(-3.65035740684225,36.,14.7726708976358));
#16704=CARTESIAN_POINT('Ctrl Pts',(-3.83895283220305,36.,14.4847607700073));
#16705=CARTESIAN_POINT('Ctrl Pts',(-4.13465353849877,36.,14.3083343622098));
#16706=CARTESIAN_POINT('Ctrl Pts',(-4.28444713354111,36.,14.2189617455006));
#16707=CARTESIAN_POINT('',(-3.55729907751084,35.,14.9147339165211));
#16708=CARTESIAN_POINT('Ctrl Pts',(-3.31036657094956,35.,15.8860845863819));
#16709=CARTESIAN_POINT('Ctrl Pts',(-3.31036657094956,36.,15.8860845863819));
#16710=CARTESIAN_POINT('Ctrl Pts',(-3.32049483439582,35.,15.7156188193066));
#16711=CARTESIAN_POINT('Ctrl Pts',(-3.32049483439582,36.,15.7156188193066));
#16712=CARTESIAN_POINT('Ctrl Pts',(-3.34067293756326,35.,15.376007211373));
#16713=CARTESIAN_POINT('Ctrl Pts',(-3.34067293756326,36.,15.376007211373));
#16714=CARTESIAN_POINT('Ctrl Pts',(-3.48527770331705,35.,15.0680927705457));
#16715=CARTESIAN_POINT('Ctrl Pts',(-3.48527770331705,36.,15.0680927705457));
#16716=CARTESIAN_POINT('Ctrl Pts',(-3.55729907751084,35.,14.9147339165211));
#16717=CARTESIAN_POINT('Ctrl Pts',(-3.55729907751084,36.,14.9147339165211));
#16718=CARTESIAN_POINT('',(-3.31036657094956,36.,15.8860845863819));
#16719=CARTESIAN_POINT('Ctrl Pts',(-3.31036657094956,36.,15.8860845863819));
#16720=CARTESIAN_POINT('Ctrl Pts',(-3.32049483439582,36.,15.7156188193066));
#16721=CARTESIAN_POINT('Ctrl Pts',(-3.34067293756326,36.,15.376007211373));
#16722=CARTESIAN_POINT('Ctrl Pts',(-3.48527770331705,36.,15.0680927705457));
#16723=CARTESIAN_POINT('Ctrl Pts',(-3.55729907751084,36.,14.9147339165211));
#16724=CARTESIAN_POINT('',(-3.31036657094956,35.,15.8860845863819));
#16725=CARTESIAN_POINT('Ctrl Pts',(-3.58321994543076,35.,16.8956346809864));
#16726=CARTESIAN_POINT('Ctrl Pts',(-3.58321994543076,36.,16.8956346809864));
#16727=CARTESIAN_POINT('Ctrl Pts',(-3.50364778735881,35.,16.7404868398362));
#16728=CARTESIAN_POINT('Ctrl Pts',(-3.50364778735881,36.,16.7404868398362));
#16729=CARTESIAN_POINT('Ctrl Pts',(-3.34109673833907,35.,16.4235487933739));
#16730=CARTESIAN_POINT('Ctrl Pts',(-3.34109673833907,36.,16.4235487933739));
#16731=CARTESIAN_POINT('Ctrl Pts',(-3.32075208731045,35.,16.0677250976215));
#16732=CARTESIAN_POINT('Ctrl Pts',(-3.32075208731045,36.,16.0677250976215));
#16733=CARTESIAN_POINT('Ctrl Pts',(-3.31036657094956,35.,15.8860845863819));
#16734=CARTESIAN_POINT('Ctrl Pts',(-3.31036657094956,36.,15.8860845863819));
#16735=CARTESIAN_POINT('',(-3.58321994543076,36.,16.8956346809864));
#16736=CARTESIAN_POINT('Ctrl Pts',(-3.58321994543076,36.,16.8956346809864));
#16737=CARTESIAN_POINT('Ctrl Pts',(-3.50364778735881,36.,16.7404868398362));
#16738=CARTESIAN_POINT('Ctrl Pts',(-3.34109673833907,36.,16.4235487933739));
#16739=CARTESIAN_POINT('Ctrl Pts',(-3.32075208731045,36.,16.0677250976215));
#16740=CARTESIAN_POINT('Ctrl Pts',(-3.31036657094956,36.,15.8860845863819));
#16741=CARTESIAN_POINT('',(-3.58321994543076,35.,16.8956346809864));
#16742=CARTESIAN_POINT('Ctrl Pts',(-4.3281039595604,35.,17.5695772469044));
#16743=CARTESIAN_POINT('Ctrl Pts',(-4.3281039595604,36.,17.5695772469044));
#16744=CARTESIAN_POINT('Ctrl Pts',(-4.17912672154626,35.,17.484309124301));
#16745=CARTESIAN_POINT('Ctrl Pts',(-4.17912672154626,36.,17.484309124301));
#16746=CARTESIAN_POINT('Ctrl Pts',(-3.88162040010451,35.,17.3140293833814));
#16747=CARTESIAN_POINT('Ctrl Pts',(-3.88162040010451,36.,17.3140293833814));
#16748=CARTESIAN_POINT('Ctrl Pts',(-3.68258682425522,35.,17.0349594542651));
#16749=CARTESIAN_POINT('Ctrl Pts',(-3.68258682425522,36.,17.0349594542651));
#16750=CARTESIAN_POINT('Ctrl Pts',(-3.58321994543076,35.,16.8956346809864));
#16751=CARTESIAN_POINT('Ctrl Pts',(-3.58321994543076,36.,16.8956346809864));
#16752=CARTESIAN_POINT('',(-4.3281039595604,36.,17.5695772469044));
#16753=CARTESIAN_POINT('Ctrl Pts',(-4.3281039595604,36.,17.5695772469044));
#16754=CARTESIAN_POINT('Ctrl Pts',(-4.17912672154626,36.,17.484309124301));
#16755=CARTESIAN_POINT('Ctrl Pts',(-3.88162040010451,36.,17.3140293833814));
#16756=CARTESIAN_POINT('Ctrl Pts',(-3.68258682425522,36.,17.0349594542651));
#16757=CARTESIAN_POINT('Ctrl Pts',(-3.58321994543076,36.,16.8956346809864));
#16758=CARTESIAN_POINT('',(-4.3281039595604,35.,17.5695772469044));
#16759=CARTESIAN_POINT('Ctrl Pts',(-5.32673925161363,35.,17.7987714111805));
#16760=CARTESIAN_POINT('Ctrl Pts',(-5.32673925161363,36.,17.7987714111805));
#16761=CARTESIAN_POINT('Ctrl Pts',(-5.15355165957845,35.,17.7892572719065));
#16762=CARTESIAN_POINT('Ctrl Pts',(-5.15355165957845,36.,17.7892572719065));
#16763=CARTESIAN_POINT('Ctrl Pts',(-4.80749600054041,35.,17.7702465466117));
#16764=CARTESIAN_POINT('Ctrl Pts',(-4.80749600054041,36.,17.7702465466117));
#16765=CARTESIAN_POINT('Ctrl Pts',(-4.48780291203082,35.,17.63642582639));
#16766=CARTESIAN_POINT('Ctrl Pts',(-4.48780291203082,36.,17.63642582639));
#16767=CARTESIAN_POINT('Ctrl Pts',(-4.3281039595604,35.,17.5695772469044));
#16768=CARTESIAN_POINT('Ctrl Pts',(-4.3281039595604,36.,17.5695772469044));
#16769=CARTESIAN_POINT('Ctrl Pts',(-5.32673925161363,36.,17.7987714111805));
#16770=CARTESIAN_POINT('Ctrl Pts',(-5.15355165957845,36.,17.7892572719065));
#16771=CARTESIAN_POINT('Ctrl Pts',(-4.80749600054041,36.,17.7702465466117));
#16772=CARTESIAN_POINT('Ctrl Pts',(-4.48780291203082,36.,17.63642582639));
#16773=CARTESIAN_POINT('Ctrl Pts',(-4.3281039595604,36.,17.5695772469044));
#16774=CARTESIAN_POINT('Origin',(-8.50136309862138,36.,25.4999999701977));
#16775=CARTESIAN_POINT('Origin',(55.,35.,30.));
#16776=CARTESIAN_POINT('Origin',(-5.0211462378502,35.,22.1916802227497));
#16777=CARTESIAN_POINT('',(-5.0211462378502,35.,23.5477514564991));
#16778=CARTESIAN_POINT('',(-5.0211462378502,35.,22.1916802227497));
#16779=CARTESIAN_POINT('',(-5.0211462378502,35.,26.0958401113749));
#16780=CARTESIAN_POINT('',(-5.0211462378502,36.,23.5477514564991));
#16781=CARTESIAN_POINT('',(-5.0211462378502,35.,23.5477514564991));
#16782=CARTESIAN_POINT('',(-5.0211462378502,36.,22.1916802227497));
#16783=CARTESIAN_POINT('',(-5.0211462378502,36.,23.5477514564991));
#16784=CARTESIAN_POINT('',(-5.0211462378502,35.,22.1916802227497));
#16785=CARTESIAN_POINT('Origin',(-6.12892240285874,35.,22.6091428101063));
#16786=CARTESIAN_POINT('',(-6.12892240285874,35.,22.6091428101063));
#16787=CARTESIAN_POINT('',(19.4152907868101,35.,12.9828720281703));
#16788=CARTESIAN_POINT('',(-6.12892240285874,36.,22.6091428101063));
#16789=CARTESIAN_POINT('',(-5.0211462378502,36.,22.1916802227497));
#16790=CARTESIAN_POINT('',(-6.12892240285874,35.,22.6091428101063));
#16791=CARTESIAN_POINT('Ctrl Pts',(-6.95839017629624,35.,22.8929074108601));
#16792=CARTESIAN_POINT('Ctrl Pts',(-6.95839017629624,36.,22.8929074108601));
#16793=CARTESIAN_POINT('Ctrl Pts',(-6.83478418675834,35.,22.8548835242239));
#16794=CARTESIAN_POINT('Ctrl Pts',(-6.83478418675834,36.,22.8548835242239));
#16795=CARTESIAN_POINT('Ctrl Pts',(-6.55536396620081,35.,22.7689277964307));
#16796=CARTESIAN_POINT('Ctrl Pts',(-6.55536396620081,36.,22.7689277964307));
#16797=CARTESIAN_POINT('Ctrl Pts',(-6.28158877388286,35.,22.6663459443766));
#16798=CARTESIAN_POINT('Ctrl Pts',(-6.28158877388286,36.,22.6663459443766));
#16799=CARTESIAN_POINT('Ctrl Pts',(-6.12892240285874,35.,22.6091428101063));
#16800=CARTESIAN_POINT('Ctrl Pts',(-6.12892240285874,36.,22.6091428101063));
#16801=CARTESIAN_POINT('',(-6.95839017629624,35.,22.8929074108601));
#16802=CARTESIAN_POINT('Ctrl Pts',(-6.12892240285874,35.,22.6091428101063));
#16803=CARTESIAN_POINT('Ctrl Pts',(-6.28158877388286,35.,22.6663459443766));
#16804=CARTESIAN_POINT('Ctrl Pts',(-6.55536396620081,35.,22.7689277964307));
#16805=CARTESIAN_POINT('Ctrl Pts',(-6.83478418675834,35.,22.8548835242239));
#16806=CARTESIAN_POINT('Ctrl Pts',(-6.95839017629624,35.,22.8929074108601));
#16807=CARTESIAN_POINT('',(-6.95839017629624,36.,22.8929074108601));
#16808=CARTESIAN_POINT('Ctrl Pts',(-6.95839017629624,36.,22.8929074108601));
#16809=CARTESIAN_POINT('Ctrl Pts',(-6.83478418675834,36.,22.8548835242239));
#16810=CARTESIAN_POINT('Ctrl Pts',(-6.55536396620081,36.,22.7689277964307));
#16811=CARTESIAN_POINT('Ctrl Pts',(-6.28158877388286,36.,22.6663459443766));
#16812=CARTESIAN_POINT('Ctrl Pts',(-6.12892240285874,36.,22.6091428101063));
#16813=CARTESIAN_POINT('',(-6.95839017629624,35.,22.8929074108601));
#16814=CARTESIAN_POINT('Ctrl Pts',(-6.19440644979478,35.,23.1084604561329));
#16815=CARTESIAN_POINT('Ctrl Pts',(-6.19440644979478,36.,23.1084604561329));
#16816=CARTESIAN_POINT('Ctrl Pts',(-6.32057183815382,35.,23.0647867227397));
#16817=CARTESIAN_POINT('Ctrl Pts',(-6.32057183815382,36.,23.0647867227397));
#16818=CARTESIAN_POINT('Ctrl Pts',(-6.57104674632661,35.,22.9780816881536));
#16819=CARTESIAN_POINT('Ctrl Pts',(-6.57104674632661,36.,22.9780816881536));
#16820=CARTESIAN_POINT('Ctrl Pts',(-6.82991505249983,35.,22.9211582471281));
#16821=CARTESIAN_POINT('Ctrl Pts',(-6.82991505249983,36.,22.9211582471281));
#16822=CARTESIAN_POINT('Ctrl Pts',(-6.95839017629624,35.,22.8929074108601));
#16823=CARTESIAN_POINT('Ctrl Pts',(-6.95839017629624,36.,22.8929074108601));
#16824=CARTESIAN_POINT('',(-6.19440644979478,35.,23.1084604561329));
#16825=CARTESIAN_POINT('Ctrl Pts',(-6.95839017629624,35.,22.8929074108601));
#16826=CARTESIAN_POINT('Ctrl Pts',(-6.82991505249983,35.,22.9211582471281));
#16827=CARTESIAN_POINT('Ctrl Pts',(-6.57104674632661,35.,22.9780816881536));
#16828=CARTESIAN_POINT('Ctrl Pts',(-6.32057183815382,35.,23.0647867227397));
#16829=CARTESIAN_POINT('Ctrl Pts',(-6.19440644979478,35.,23.1084604561329));
#16830=CARTESIAN_POINT('',(-6.19440644979478,36.,23.1084604561329));
#16831=CARTESIAN_POINT('Ctrl Pts',(-6.19440644979478,36.,23.1084604561329));
#16832=CARTESIAN_POINT('Ctrl Pts',(-6.32057183815382,36.,23.0647867227397));
#16833=CARTESIAN_POINT('Ctrl Pts',(-6.57104674632661,36.,22.9780816881536));
#16834=CARTESIAN_POINT('Ctrl Pts',(-6.82991505249983,36.,22.9211582471281));
#16835=CARTESIAN_POINT('Ctrl Pts',(-6.95839017629624,36.,22.8929074108601));
#16836=CARTESIAN_POINT('',(-6.19440644979478,35.,23.1084604561329));
#16837=CARTESIAN_POINT('Origin',(-5.0211462378502,35.,23.5477514564991));
#16838=CARTESIAN_POINT('',(22.3589442580546,35.,33.7993795451465));
#16839=CARTESIAN_POINT('',(-6.19440644979478,36.,23.1084604561329));
#16840=CARTESIAN_POINT('Origin',(-7.37858146429063,35.,23.1657595932484));
#16841=CARTESIAN_POINT('',(-3.37858051061631,36.,24.7019119560719));
#16842=CARTESIAN_POINT('',(-3.37858051061631,35.,24.7019119560719));
#16843=CARTESIAN_POINT('',(-7.37858146429063,36.,23.1657595932484));
#16844=CARTESIAN_POINT('',(-3.37858051061631,36.,24.7019119560719));
#16845=CARTESIAN_POINT('',(-7.37858146429063,35.,23.1657595932484));
#16846=CARTESIAN_POINT('Origin',(-7.37858146429063,35.,22.5955004990101));
#16847=CARTESIAN_POINT('',(-7.37858146429063,36.,22.5955004990101));
#16848=CARTESIAN_POINT('',(-7.37858146429063,36.,23.1657595932484));
#16849=CARTESIAN_POINT('',(-7.37858146429063,35.,22.5955004990101));
#16850=CARTESIAN_POINT('Origin',(-3.37858051061631,35.,20.9583921730518));
#16851=CARTESIAN_POINT('',(-3.37858051061631,36.,20.9583921730518));
#16852=CARTESIAN_POINT('',(-7.37858146429063,36.,22.5955004990101));
#16853=CARTESIAN_POINT('',(-3.37858051061631,35.,20.9583921730518));
#16854=CARTESIAN_POINT('Origin',(-3.37858051061631,35.,21.5613932907581));
#16855=CARTESIAN_POINT('',(-3.37858051061631,36.,21.5613932907581));
#16856=CARTESIAN_POINT('',(-3.37858051061631,36.,20.9583921730518));
#16857=CARTESIAN_POINT('',(-3.37858051061631,35.,21.5613932907581));
#16858=CARTESIAN_POINT('Origin',(-4.59004014730454,35.,22.0279689133167));
#16859=CARTESIAN_POINT('',(-4.59004014730454,36.,22.0279689133167));
#16860=CARTESIAN_POINT('',(-3.37858051061631,36.,21.5613932907581));
#16861=CARTESIAN_POINT('',(-4.59004014730454,35.,22.0279689133167));
#16862=CARTESIAN_POINT('Origin',(-4.59004014730454,35.,23.7005479633808));
#16863=CARTESIAN_POINT('',(-4.59004014730454,36.,23.7005479633808));
#16864=CARTESIAN_POINT('',(-4.59004014730454,36.,22.0279689133167));
#16865=CARTESIAN_POINT('',(-4.59004014730454,35.,23.7005479633808));
#16866=CARTESIAN_POINT('Origin',(-3.37858051061631,35.,24.1398377716541));
#16867=CARTESIAN_POINT('',(-3.37858051061631,36.,24.1398377716541));
#16868=CARTESIAN_POINT('',(-4.59004014730454,36.,23.7005479633808));
#16869=CARTESIAN_POINT('',(-3.37858051061631,35.,24.1398377716541));
#16870=CARTESIAN_POINT('Origin',(-3.37858051061631,35.,24.7019119560719));
#16871=CARTESIAN_POINT('',(-3.37858051061631,36.,24.1398377716541));
#16872=CARTESIAN_POINT('Origin',(-8.50136309862138,36.,25.4999999701977));
#16873=CARTESIAN_POINT('Origin',(55.,35.,30.));
#16874=CARTESIAN_POINT('Origin',(-7.37858146429063,35.,30.071624070406));
#16875=CARTESIAN_POINT('',(-3.37858051061632,36.,30.071624070406));
#16876=CARTESIAN_POINT('',(-3.37858051061632,35.,30.071624070406));
#16877=CARTESIAN_POINT('',(-7.37858146429063,36.,30.071624070406));
#16878=CARTESIAN_POINT('',(-3.37858051061632,36.,30.071624070406));
#16879=CARTESIAN_POINT('',(-7.37858146429063,35.,30.071624070406));
#16880=CARTESIAN_POINT('Origin',(-7.37858146429063,35.,29.5422931015492));
#16881=CARTESIAN_POINT('',(-7.37858146429063,36.,29.5422931015492));
#16882=CARTESIAN_POINT('',(-7.37858146429063,36.,30.071624070406));
#16883=CARTESIAN_POINT('',(-7.37858146429063,35.,29.5422931015492));
#16884=CARTESIAN_POINT('Origin',(-3.37858051061632,35.,29.5422931015492));
#16885=CARTESIAN_POINT('',(-3.37858051061632,36.,29.5422931015492));
#16886=CARTESIAN_POINT('',(-7.37858146429063,36.,29.5422931015492));
#16887=CARTESIAN_POINT('',(-3.37858051061632,35.,29.5422931015492));
#16888=CARTESIAN_POINT('Origin',(-3.37858051061632,35.,30.071624070406));
#16889=CARTESIAN_POINT('',(-3.37858051061632,36.,29.5422931015492));
#16890=CARTESIAN_POINT('Origin',(-8.50136309862138,36.,25.4999999701977));
#16891=CARTESIAN_POINT('Origin',(-5.0211462378502,35.,35.1302869617939));
#16892=CARTESIAN_POINT('',(-5.0211462378502,35.,36.4863581955433));
#16893=CARTESIAN_POINT('',(-5.0211462378502,35.,35.1302869617939));
#16894=CARTESIAN_POINT('',(-5.02114623785021,35.,32.5651434808969));
#16895=CARTESIAN_POINT('',(-5.0211462378502,36.,36.4863581955433));
#16896=CARTESIAN_POINT('',(-5.0211462378502,35.,36.4863581955433));
#16897=CARTESIAN_POINT('',(-5.0211462378502,36.,35.1302869617939));
#16898=CARTESIAN_POINT('',(-5.0211462378502,36.,36.4863581955433));
#16899=CARTESIAN_POINT('',(-5.0211462378502,35.,35.1302869617939));
#16900=CARTESIAN_POINT('Origin',(-6.12892240285875,35.,35.5477495491505));
#16901=CARTESIAN_POINT('',(-6.12892240285875,35.,35.5477495491505));
#16902=CARTESIAN_POINT('',(21.5500634959686,35.,25.116995184038));
#16903=CARTESIAN_POINT('',(-6.12892240285875,36.,35.5477495491505));
#16904=CARTESIAN_POINT('',(-5.0211462378502,36.,35.1302869617939));
#16905=CARTESIAN_POINT('',(-6.12892240285875,35.,35.5477495491505));
#16906=CARTESIAN_POINT('Ctrl Pts',(-6.95839017629625,35.,35.8315153419971));
#16907=CARTESIAN_POINT('Ctrl Pts',(-6.95839017629625,36.,35.8315153419971));
#16908=CARTESIAN_POINT('Ctrl Pts',(-6.83478421156465,35.,35.793490979718));
#16909=CARTESIAN_POINT('Ctrl Pts',(-6.83478421156465,36.,35.793490979718));
#16910=CARTESIAN_POINT('Ctrl Pts',(-6.55536419193032,35.,35.7075342212583));
#16911=CARTESIAN_POINT('Ctrl Pts',(-6.55536419193032,36.,35.7075342212583));
#16912=CARTESIAN_POINT('Ctrl Pts',(-6.2815888143889,35.,35.6049525558289));
#16913=CARTESIAN_POINT('Ctrl Pts',(-6.2815888143889,36.,35.6049525558289));
#16914=CARTESIAN_POINT('Ctrl Pts',(-6.12892240285875,35.,35.5477495491505));
#16915=CARTESIAN_POINT('Ctrl Pts',(-6.12892240285875,36.,35.5477495491505));
#16916=CARTESIAN_POINT('',(-6.95839017629625,35.,35.8315153419971));
#16917=CARTESIAN_POINT('Ctrl Pts',(-6.12892240285875,35.,35.5477495491505));
#16918=CARTESIAN_POINT('Ctrl Pts',(-6.2815888143889,35.,35.6049525558289));
#16919=CARTESIAN_POINT('Ctrl Pts',(-6.55536419193032,35.,35.7075342212583));
#16920=CARTESIAN_POINT('Ctrl Pts',(-6.83478421156465,35.,35.793490979718));
#16921=CARTESIAN_POINT('Ctrl Pts',(-6.95839017629625,35.,35.8315153419971));
#16922=CARTESIAN_POINT('',(-6.95839017629625,36.,35.8315153419971));
#16923=CARTESIAN_POINT('Ctrl Pts',(-6.95839017629625,36.,35.8315153419971));
#16924=CARTESIAN_POINT('Ctrl Pts',(-6.83478421156465,36.,35.793490979718));
#16925=CARTESIAN_POINT('Ctrl Pts',(-6.55536419193032,36.,35.7075342212583));
#16926=CARTESIAN_POINT('Ctrl Pts',(-6.2815888143889,36.,35.6049525558289));
#16927=CARTESIAN_POINT('Ctrl Pts',(-6.12892240285875,36.,35.5477495491505));
#16928=CARTESIAN_POINT('',(-6.95839017629625,35.,35.8315153419971));
#16929=CARTESIAN_POINT('Ctrl Pts',(-6.19440644979478,35.,36.0470677912235));
#16930=CARTESIAN_POINT('Ctrl Pts',(-6.19440644979478,36.,36.0470677912235));
#16931=CARTESIAN_POINT('Ctrl Pts',(-6.32057182649558,35.,36.0033940093739));
#16932=CARTESIAN_POINT('Ctrl Pts',(-6.32057182649558,36.,36.0033940093739));
#16933=CARTESIAN_POINT('Ctrl Pts',(-6.57104666762853,35.,35.9166888937825));
#16934=CARTESIAN_POINT('Ctrl Pts',(-6.57104666762853,36.,35.9166888937825));
#16935=CARTESIAN_POINT('Ctrl Pts',(-6.82991504166872,35.,35.8597659342685));
#16936=CARTESIAN_POINT('Ctrl Pts',(-6.82991504166872,36.,35.8597659342685));
#16937=CARTESIAN_POINT('Ctrl Pts',(-6.95839017629625,35.,35.8315153419971));
#16938=CARTESIAN_POINT('Ctrl Pts',(-6.95839017629625,36.,35.8315153419971));
#16939=CARTESIAN_POINT('',(-6.19440644979478,35.,36.0470677912235));
#16940=CARTESIAN_POINT('Ctrl Pts',(-6.95839017629625,35.,35.8315153419971));
#16941=CARTESIAN_POINT('Ctrl Pts',(-6.82991504166872,35.,35.8597659342685));
#16942=CARTESIAN_POINT('Ctrl Pts',(-6.57104666762853,35.,35.9166888937825));
#16943=CARTESIAN_POINT('Ctrl Pts',(-6.32057182649558,35.,36.0033940093739));
#16944=CARTESIAN_POINT('Ctrl Pts',(-6.19440644979478,35.,36.0470677912235));
#16945=CARTESIAN_POINT('',(-6.19440644979478,36.,36.0470677912235));
#16946=CARTESIAN_POINT('Ctrl Pts',(-6.19440644979478,36.,36.0470677912235));
#16947=CARTESIAN_POINT('Ctrl Pts',(-6.32057182649558,36.,36.0033940093739));
#16948=CARTESIAN_POINT('Ctrl Pts',(-6.57104666762853,36.,35.9166888937825));
#16949=CARTESIAN_POINT('Ctrl Pts',(-6.82991504166872,36.,35.8597659342685));
#16950=CARTESIAN_POINT('Ctrl Pts',(-6.95839017629625,36.,35.8315153419971));
#16951=CARTESIAN_POINT('',(-6.19440644979478,35.,36.0470677912235));
#16952=CARTESIAN_POINT('Origin',(-5.0211462378502,35.,36.4863581955433));
#16953=CARTESIAN_POINT('',(20.2345438751246,35.,45.9425574326375));
#16954=CARTESIAN_POINT('',(-6.19440644979478,36.,36.0470677912235));
#16955=CARTESIAN_POINT('Origin',(-7.37858146429064,35.,36.1043663322926));
#16956=CARTESIAN_POINT('',(-3.37858051061632,36.,37.6405192911625));
#16957=CARTESIAN_POINT('',(-3.37858051061632,35.,37.6405192911625));
#16958=CARTESIAN_POINT('',(-7.37858146429064,36.,36.1043663322926));
#16959=CARTESIAN_POINT('',(-3.37858051061632,36.,37.6405192911625));
#16960=CARTESIAN_POINT('',(-7.37858146429064,35.,36.1043663322926));
#16961=CARTESIAN_POINT('Origin',(-7.37858146429063,35.,35.5341072380543));
#16962=CARTESIAN_POINT('',(-7.37858146429063,36.,35.5341072380543));
#16963=CARTESIAN_POINT('',(-7.37858146429063,36.,36.1043663322926));
#16964=CARTESIAN_POINT('',(-7.37858146429063,35.,35.5341072380543));
#16965=CARTESIAN_POINT('Origin',(-3.37858051061632,35.,33.8969995081425));
#16966=CARTESIAN_POINT('',(-3.37858051061632,36.,33.8969995081425));
#16967=CARTESIAN_POINT('',(-7.37858146429063,36.,35.5341072380543));
#16968=CARTESIAN_POINT('',(-3.37858051061632,35.,33.8969995081425));
#16969=CARTESIAN_POINT('Origin',(-3.37858051061632,35.,34.5000012218952));
#16970=CARTESIAN_POINT('',(-3.37858051061632,36.,34.5000012218952));
#16971=CARTESIAN_POINT('',(-3.37858051061632,36.,33.8969995081425));
#16972=CARTESIAN_POINT('',(-3.37858051061632,35.,34.5000012218952));
#16973=CARTESIAN_POINT('Origin',(-4.59004014730455,35.,34.9665768444538));
#16974=CARTESIAN_POINT('',(-4.59004014730455,36.,34.9665768444538));
#16975=CARTESIAN_POINT('',(-3.37858051061632,36.,34.5000012218952));
#16976=CARTESIAN_POINT('',(-4.59004014730455,35.,34.9665768444538));
#16977=CARTESIAN_POINT('Origin',(-4.59004014730455,35.,36.6391552984715));
#16978=CARTESIAN_POINT('',(-4.59004014730455,36.,36.6391552984715));
#16979=CARTESIAN_POINT('',(-4.59004014730455,36.,34.9665768444538));
#16980=CARTESIAN_POINT('',(-4.59004014730455,35.,36.6391552984715));
#16981=CARTESIAN_POINT('Origin',(-3.37858051061632,35.,37.0784457027912));
#16982=CARTESIAN_POINT('',(-3.37858051061632,36.,37.0784457027912));
#16983=CARTESIAN_POINT('',(-4.59004014730455,36.,36.6391552984715));
#16984=CARTESIAN_POINT('',(-3.37858051061632,35.,37.0784457027912));
#16985=CARTESIAN_POINT('Origin',(-3.37858051061632,35.,37.6405192911625));
#16986=CARTESIAN_POINT('',(-3.37858051061632,36.,37.0784457027912));
#16987=CARTESIAN_POINT('Origin',(-8.50136309862138,36.,25.4999999701977));
#16988=CARTESIAN_POINT('Origin',(55.,35.,30.));
#16989=CARTESIAN_POINT('Origin',(-7.37858146429064,35.,41.2421561777592));
#16990=CARTESIAN_POINT('',(-3.37858051061632,36.,41.2421561777592));
#16991=CARTESIAN_POINT('',(-3.37858051061632,35.,41.2421561777592));
#16992=CARTESIAN_POINT('',(-7.37858146429064,36.,41.2421561777592));
#16993=CARTESIAN_POINT('',(-3.37858051061632,36.,41.2421561777592));
#16994=CARTESIAN_POINT('',(-7.37858146429064,35.,41.2421561777592));
#16995=CARTESIAN_POINT('Origin',(-7.37858146429064,35.,40.6991823017597));
#16996=CARTESIAN_POINT('',(-7.37858146429064,36.,40.6991823017597));
#16997=CARTESIAN_POINT('',(-7.37858146429064,36.,41.2421561777592));
#16998=CARTESIAN_POINT('',(-7.37858146429064,35.,40.6991823017597));
#16999=CARTESIAN_POINT('Origin',(-4.23806279897692,35.,38.5982270538807));
#17000=CARTESIAN_POINT('',(-4.23806279897692,36.,38.5982270538807));
#17001=CARTESIAN_POINT('',(-7.37858146429064,36.,40.6991823017597));
#17002=CARTESIAN_POINT('',(-4.23806279897692,35.,38.5982270538807));
#17003=CARTESIAN_POINT('Origin',(-7.37858146429064,35.,38.5982270538807));
#17004=CARTESIAN_POINT('',(-7.37858146429064,36.,38.5982270538807));
#17005=CARTESIAN_POINT('',(-4.23806279897692,36.,38.5982270538807));
#17006=CARTESIAN_POINT('',(-7.37858146429064,35.,38.5982270538807));
#17007=CARTESIAN_POINT('Origin',(-7.37858146429064,35.,38.0907239019871));
#17008=CARTESIAN_POINT('',(-7.37858146429064,36.,38.0907239019871));
#17009=CARTESIAN_POINT('',(-7.37858146429064,36.,38.5982270538807));
#17010=CARTESIAN_POINT('',(-7.37858146429064,35.,38.0907239019871));
#17011=CARTESIAN_POINT('Origin',(-3.37858051061632,35.,38.0907239019871));
#17012=CARTESIAN_POINT('',(-3.37858051061632,36.,38.0907239019871));
#17013=CARTESIAN_POINT('',(-7.37858146429064,36.,38.0907239019871));
#17014=CARTESIAN_POINT('',(-3.37858051061632,35.,38.0907239019871));
#17015=CARTESIAN_POINT('Origin',(-3.37858051061632,35.,38.6336977779865));
#17016=CARTESIAN_POINT('',(-3.37858051061632,36.,38.6336977779865));
#17017=CARTESIAN_POINT('',(-3.37858051061632,36.,38.0907239019871));
#17018=CARTESIAN_POINT('',(-3.37858051061632,35.,38.6336977779865));
#17019=CARTESIAN_POINT('Origin',(-6.52182668447496,35.,40.7346530258656));
#17020=CARTESIAN_POINT('',(-6.52182668447496,36.,40.7346530258656));
#17021=CARTESIAN_POINT('',(-3.37858051061632,36.,38.6336977779865));
#17022=CARTESIAN_POINT('',(-6.52182668447496,35.,40.7346530258656));
#17023=CARTESIAN_POINT('Origin',(-3.37858051061632,35.,40.7346530258656));
#17024=CARTESIAN_POINT('',(-3.37858051061632,36.,40.7346530258656));
#17025=CARTESIAN_POINT('',(-6.52182668447496,36.,40.7346530258656));
#17026=CARTESIAN_POINT('',(-3.37858051061632,35.,40.7346530258656));
#17027=CARTESIAN_POINT('Origin',(-3.37858051061632,35.,41.2421561777592));
#17028=CARTESIAN_POINT('',(-3.37858051061632,36.,40.7346530258656));
#17029=CARTESIAN_POINT('Origin',(-8.50136309862138,36.,25.4999999701977));
#17030=CARTESIAN_POINT('Origin',(-11.263984143734,35.,16.9665737450123));
#17031=CARTESIAN_POINT('',(-11.263984143734,35.,18.3226461708546));
#17032=CARTESIAN_POINT('',(-11.263984143734,35.,16.9665737450123));
#17033=CARTESIAN_POINT('',(-11.263984143734,35.,23.4832868725061));
#17034=CARTESIAN_POINT('',(-11.263984143734,36.,18.3226461708546));
#17035=CARTESIAN_POINT('',(-11.263984143734,35.,18.3226461708546));
#17036=CARTESIAN_POINT('',(-11.263984143734,36.,16.9665737450123));
#17037=CARTESIAN_POINT('',(-11.263984143734,36.,18.3226461708546));
#17038=CARTESIAN_POINT('',(-11.263984143734,35.,16.9665737450123));
#17039=CARTESIAN_POINT('Origin',(-12.3717603087425,35.,17.3840375244617));
#17040=CARTESIAN_POINT('',(-12.3717603087425,35.,17.3840375244617));
#17041=CARTESIAN_POINT('',(15.0435825308679,35.,7.0526068634326));
#17042=CARTESIAN_POINT('',(-12.3717603087425,36.,17.3840375244617));
#17043=CARTESIAN_POINT('',(-11.263984143734,36.,16.9665737450123));
#17044=CARTESIAN_POINT('',(-12.3717603087425,35.,17.3840375244617));
#17045=CARTESIAN_POINT('Ctrl Pts',(-13.20122808218,35.,17.6678033173084));
#17046=CARTESIAN_POINT('Ctrl Pts',(-13.20122808218,36.,17.6678033173084));
#17047=CARTESIAN_POINT('Ctrl Pts',(-13.0776221409246,35.,17.6297786866369));
#17048=CARTESIAN_POINT('Ctrl Pts',(-13.0776221409246,36.,17.6297786866369));
#17049=CARTESIAN_POINT('Ctrl Pts',(-12.7982023114389,35.,17.5438213636264));
#17050=CARTESIAN_POINT('Ctrl Pts',(-12.7982023114389,36.,17.5438213636264));
#17051=CARTESIAN_POINT('Ctrl Pts',(-12.5244267586065,35.,17.4412402186539));
#17052=CARTESIAN_POINT('Ctrl Pts',(-12.5244267586065,36.,17.4412402186539));
#17053=CARTESIAN_POINT('Ctrl Pts',(-12.3717603087425,35.,17.3840375244617));
#17054=CARTESIAN_POINT('Ctrl Pts',(-12.3717603087425,36.,17.3840375244617));
#17055=CARTESIAN_POINT('',(-13.20122808218,35.,17.6678033173084));
#17056=CARTESIAN_POINT('Ctrl Pts',(-12.3717603087425,35.,17.3840375244617));
#17057=CARTESIAN_POINT('Ctrl Pts',(-12.5244267586065,35.,17.4412402186539));
#17058=CARTESIAN_POINT('Ctrl Pts',(-12.7982023114389,35.,17.5438213636264));
#17059=CARTESIAN_POINT('Ctrl Pts',(-13.0776221409246,35.,17.6297786866369));
#17060=CARTESIAN_POINT('Ctrl Pts',(-13.20122808218,35.,17.6678033173084));
#17061=CARTESIAN_POINT('',(-13.20122808218,36.,17.6678033173084));
#17062=CARTESIAN_POINT('Ctrl Pts',(-13.20122808218,36.,17.6678033173084));
#17063=CARTESIAN_POINT('Ctrl Pts',(-13.0776221409246,36.,17.6297786866369));
#17064=CARTESIAN_POINT('Ctrl Pts',(-12.7982023114389,36.,17.5438213636264));
#17065=CARTESIAN_POINT('Ctrl Pts',(-12.5244267586065,36.,17.4412402186539));
#17066=CARTESIAN_POINT('Ctrl Pts',(-12.3717603087425,36.,17.3840375244617));
#17067=CARTESIAN_POINT('',(-13.20122808218,35.,17.6678033173084));
#17068=CARTESIAN_POINT('Ctrl Pts',(-12.4372443556786,35.,17.8833551704884));
#17069=CARTESIAN_POINT('Ctrl Pts',(-12.4372443556786,36.,17.8833551704884));
#17070=CARTESIAN_POINT('Ctrl Pts',(-12.5634097207212,35.,17.8396813401822));
#17071=CARTESIAN_POINT('Ctrl Pts',(-12.5634097207212,36.,17.8396813401822));
#17072=CARTESIAN_POINT('Ctrl Pts',(-12.8138844948147,35.,17.7529761435853));
#17073=CARTESIAN_POINT('Ctrl Pts',(-12.8138844948147,36.,17.7529761435853));
#17074=CARTESIAN_POINT('Ctrl Pts',(-13.0727529367215,35.,17.6960536655831));
#17075=CARTESIAN_POINT('Ctrl Pts',(-13.0727529367215,36.,17.6960536655831));
#17076=CARTESIAN_POINT('Ctrl Pts',(-13.20122808218,35.,17.6678033173084));
#17077=CARTESIAN_POINT('Ctrl Pts',(-13.20122808218,36.,17.6678033173084));
#17078=CARTESIAN_POINT('',(-12.4372443556786,35.,17.8833551704884));
#17079=CARTESIAN_POINT('Ctrl Pts',(-13.20122808218,35.,17.6678033173084));
#17080=CARTESIAN_POINT('Ctrl Pts',(-13.0727529367215,35.,17.6960536655831));
#17081=CARTESIAN_POINT('Ctrl Pts',(-12.8138844948147,35.,17.7529761435853));
#17082=CARTESIAN_POINT('Ctrl Pts',(-12.5634097207212,35.,17.8396813401822));
#17083=CARTESIAN_POINT('Ctrl Pts',(-12.4372443556786,35.,17.8833551704884));
#17084=CARTESIAN_POINT('',(-12.4372443556786,36.,17.8833551704884));
#17085=CARTESIAN_POINT('Ctrl Pts',(-12.4372443556786,36.,17.8833551704884));
#17086=CARTESIAN_POINT('Ctrl Pts',(-12.5634097207212,36.,17.8396813401822));
#17087=CARTESIAN_POINT('Ctrl Pts',(-12.8138844948147,36.,17.7529761435853));
#17088=CARTESIAN_POINT('Ctrl Pts',(-13.0727529367215,36.,17.6960536655831));
#17089=CARTESIAN_POINT('Ctrl Pts',(-13.20122808218,36.,17.6678033173084));
#17090=CARTESIAN_POINT('',(-12.4372443556786,35.,17.8833551704884));
#17091=CARTESIAN_POINT('Origin',(-11.263984143734,35.,18.3226461708546));
#17092=CARTESIAN_POINT('',(19.7116560220189,35.,29.920516632041));
#17093=CARTESIAN_POINT('',(-12.4372443556786,36.,17.8833551704884));
#17094=CARTESIAN_POINT('Origin',(-13.6214181780815,35.,17.9406543076038));
#17095=CARTESIAN_POINT('',(-9.6214184165001,36.,19.4768066704273));
#17096=CARTESIAN_POINT('',(-9.6214184165001,35.,19.4768066704273));
#17097=CARTESIAN_POINT('',(-13.6214181780815,36.,17.9406543076038));
#17098=CARTESIAN_POINT('',(-9.6214184165001,36.,19.4768066704273));
#17099=CARTESIAN_POINT('',(-13.6214181780815,35.,17.9406543076038));
#17100=CARTESIAN_POINT('Origin',(-13.6214181780815,35.,17.3703952133656));
#17101=CARTESIAN_POINT('',(-13.6214181780815,36.,17.3703952133656));
#17102=CARTESIAN_POINT('',(-13.6214181780815,36.,17.9406543076038));
#17103=CARTESIAN_POINT('',(-13.6214181780815,35.,17.3703952133656));
#17104=CARTESIAN_POINT('Origin',(-9.6214184165001,35.,15.7332868874073));
#17105=CARTESIAN_POINT('',(-9.6214184165001,36.,15.7332868874073));
#17106=CARTESIAN_POINT('',(-13.6214181780815,36.,17.3703952133656));
#17107=CARTESIAN_POINT('',(-9.6214184165001,35.,15.7332868874073));
#17108=CARTESIAN_POINT('Origin',(-9.6214184165001,35.,16.3362880051136));
#17109=CARTESIAN_POINT('',(-9.6214184165001,36.,16.3362880051136));
#17110=CARTESIAN_POINT('',(-9.6214184165001,36.,15.7332868874073));
#17111=CARTESIAN_POINT('',(-9.6214184165001,35.,16.3362880051136));
#17112=CARTESIAN_POINT('Origin',(-10.8328780531883,35.,16.8028636276722));
#17113=CARTESIAN_POINT('',(-10.8328780531883,36.,16.8028636276722));
#17114=CARTESIAN_POINT('',(-9.6214184165001,36.,16.3362880051136));
#17115=CARTESIAN_POINT('',(-10.8328780531883,35.,16.8028636276722));
#17116=CARTESIAN_POINT('Origin',(-10.8328780531883,35.,18.4754414856434));
#17117=CARTESIAN_POINT('',(-10.8328780531883,36.,18.4754414856434));
#17118=CARTESIAN_POINT('',(-10.8328780531883,36.,16.8028636276722));
#17119=CARTESIAN_POINT('',(-10.8328780531883,35.,18.4754414856434));
#17120=CARTESIAN_POINT('Origin',(-9.6214184165001,35.,18.9147324860096));
#17121=CARTESIAN_POINT('',(-9.6214184165001,36.,18.9147324860096));
#17122=CARTESIAN_POINT('',(-10.8328780531883,36.,18.4754414856434));
#17123=CARTESIAN_POINT('',(-9.6214184165001,35.,18.9147324860096));
#17124=CARTESIAN_POINT('Origin',(-9.6214184165001,35.,19.4768066704273));
#17125=CARTESIAN_POINT('',(-9.6214184165001,36.,18.9147324860096));
#17126=CARTESIAN_POINT('Origin',(-8.50136309862138,36.,25.4999999701977));
#17127=CARTESIAN_POINT('Origin',(55.,35.,30.));
#17128=CARTESIAN_POINT('Origin',(-13.6214181780815,35.,23.0266018211842));
#17129=CARTESIAN_POINT('',(-13.6214181780815,36.,23.5559339821339));
#17130=CARTESIAN_POINT('',(-13.6214181780815,35.,23.5559339821339));
#17131=CARTESIAN_POINT('',(-13.6214181780815,36.,23.0266018211842));
#17132=CARTESIAN_POINT('',(-13.6214181780815,36.,23.5559339821339));
#17133=CARTESIAN_POINT('',(-13.6214181780815,35.,23.0266018211842));
#17134=CARTESIAN_POINT('Origin',(-11.3103684782982,35.,23.0266018211842));
#17135=CARTESIAN_POINT('',(-11.3103684782982,36.,23.0266018211842));
#17136=CARTESIAN_POINT('',(-13.6214181780815,36.,23.0266018211842));
#17137=CARTESIAN_POINT('',(-11.3103684782982,35.,23.0266018211842));
#17138=CARTESIAN_POINT('Ctrl Pts',(-10.3526601195335,35.,23.1630285084248));
#17139=CARTESIAN_POINT('Ctrl Pts',(-10.3526601195335,36.,23.1630285084248));
#17140=CARTESIAN_POINT('Ctrl Pts',(-10.4907377720128,35.,23.1233750544515));
#17141=CARTESIAN_POINT('Ctrl Pts',(-10.4907377720128,36.,23.1233750544515));
#17142=CARTESIAN_POINT('Ctrl Pts',(-10.803200927431,35.,23.0336411755129));
#17143=CARTESIAN_POINT('Ctrl Pts',(-10.803200927431,36.,23.0336411755129));
#17144=CARTESIAN_POINT('Ctrl Pts',(-11.1287049019196,35.,23.0291232646018));
#17145=CARTESIAN_POINT('Ctrl Pts',(-11.1287049019196,36.,23.0291232646018));
#17146=CARTESIAN_POINT('Ctrl Pts',(-11.3103684782982,35.,23.0266018211842));
#17147=CARTESIAN_POINT('Ctrl Pts',(-11.3103684782982,36.,23.0266018211842));
#17148=CARTESIAN_POINT('',(-10.3526601195335,36.,23.1630285084248));
#17149=CARTESIAN_POINT('Ctrl Pts',(-10.3526601195335,36.,23.1630285084248));
#17150=CARTESIAN_POINT('Ctrl Pts',(-10.4907377720128,36.,23.1233750544515));
#17151=CARTESIAN_POINT('Ctrl Pts',(-10.803200927431,36.,23.0336411755129));
#17152=CARTESIAN_POINT('Ctrl Pts',(-11.1287049019196,36.,23.0291232646018));
#17153=CARTESIAN_POINT('Ctrl Pts',(-11.3103684782982,36.,23.0266018211842));
#17154=CARTESIAN_POINT('',(-10.3526601195335,35.,23.1630285084248));
#17155=CARTESIAN_POINT('Ctrl Pts',(-9.77557986974717,35.,23.6555249989033));
#17156=CARTESIAN_POINT('Ctrl Pts',(-9.77557986974717,36.,23.6555249989033));
#17157=CARTESIAN_POINT('Ctrl Pts',(-9.85354902281542,35.,23.5466451516562));
#17158=CARTESIAN_POINT('Ctrl Pts',(-9.85354902281542,36.,23.5466451516562));
#17159=CARTESIAN_POINT('Ctrl Pts',(-10.005405164207,35.,23.3345859868764));
#17160=CARTESIAN_POINT('Ctrl Pts',(-10.005405164207,36.,23.3345859868764));
#17161=CARTESIAN_POINT('Ctrl Pts',(-10.2390016314022,35.,23.2191802301766));
#17162=CARTESIAN_POINT('Ctrl Pts',(-10.2390016314022,36.,23.2191802301766));
#17163=CARTESIAN_POINT('Ctrl Pts',(-10.3526601195335,35.,23.1630285084248));
#17164=CARTESIAN_POINT('Ctrl Pts',(-10.3526601195335,36.,23.1630285084248));
#17165=CARTESIAN_POINT('',(-9.77557986974717,36.,23.6555249989033));
#17166=CARTESIAN_POINT('Ctrl Pts',(-9.77557986974717,36.,23.6555249989033));
#17167=CARTESIAN_POINT('Ctrl Pts',(-9.85354902281542,36.,23.5466451516562));
#17168=CARTESIAN_POINT('Ctrl Pts',(-10.005405164207,36.,23.3345859868764));
#17169=CARTESIAN_POINT('Ctrl Pts',(-10.2390016314022,36.,23.2191802301766));
#17170=CARTESIAN_POINT('Ctrl Pts',(-10.3526601195335,36.,23.1630285084248));
#17171=CARTESIAN_POINT('',(-9.77557986974717,35.,23.6555249989033));
#17172=CARTESIAN_POINT('Ctrl Pts',(-9.55320447683335,35.,24.5900399982929));
#17173=CARTESIAN_POINT('Ctrl Pts',(-9.55320447683335,36.,24.5900399982929));
#17174=CARTESIAN_POINT('Ctrl Pts',(-9.55892129594615,35.,24.4125466061021));
#17175=CARTESIAN_POINT('Ctrl Pts',(-9.55892129594615,36.,24.4125466061021));
#17176=CARTESIAN_POINT('Ctrl Pts',(-9.56946737557874,35.,24.0851163671235));
#17177=CARTESIAN_POINT('Ctrl Pts',(-9.56946737557874,36.,24.0851163671235));
#17178=CARTESIAN_POINT('Ctrl Pts',(-9.7108417292665,35.,23.7904559086345));
#17179=CARTESIAN_POINT('Ctrl Pts',(-9.7108417292665,36.,23.7904559086345));
#17180=CARTESIAN_POINT('Ctrl Pts',(-9.77557986974717,35.,23.6555249989033));
#17181=CARTESIAN_POINT('Ctrl Pts',(-9.77557986974717,36.,23.6555249989033));
#17182=CARTESIAN_POINT('',(-9.55320447683335,36.,24.5900399982929));
#17183=CARTESIAN_POINT('Ctrl Pts',(-9.55320447683335,36.,24.5900399982929));
#17184=CARTESIAN_POINT('Ctrl Pts',(-9.55892129594615,36.,24.4125466061021));
#17185=CARTESIAN_POINT('Ctrl Pts',(-9.56946737557874,36.,24.0851163671235));
#17186=CARTESIAN_POINT('Ctrl Pts',(-9.7108417292665,36.,23.7904559086345));
#17187=CARTESIAN_POINT('Ctrl Pts',(-9.77557986974717,36.,23.6555249989033));
#17188=CARTESIAN_POINT('',(-9.55320447683335,35.,24.5900399982929));
#17189=CARTESIAN_POINT('Ctrl Pts',(-9.74692910909654,35.,25.5095489323139));
#17190=CARTESIAN_POINT('Ctrl Pts',(-9.74692910909654,36.,25.5095489323139));
#17191=CARTESIAN_POINT('Ctrl Pts',(-9.69053176542949,35.,25.375116155686));
#17192=CARTESIAN_POINT('Ctrl Pts',(-9.69053176542949,36.,25.375116155686));
#17193=CARTESIAN_POINT('Ctrl Pts',(-9.56739202277554,35.,25.0815913823219));
#17194=CARTESIAN_POINT('Ctrl Pts',(-9.56739202277554,36.,25.0815913823219));
#17195=CARTESIAN_POINT('Ctrl Pts',(-9.55819131152847,35.,24.7628172711419));
#17196=CARTESIAN_POINT('Ctrl Pts',(-9.55819131152847,36.,24.7628172711419));
#17197=CARTESIAN_POINT('Ctrl Pts',(-9.55320447683335,35.,24.5900399982929));
#17198=CARTESIAN_POINT('Ctrl Pts',(-9.55320447683335,36.,24.5900399982929));
#17199=CARTESIAN_POINT('',(-9.74692910909654,36.,25.5095489323139));
#17200=CARTESIAN_POINT('Ctrl Pts',(-9.74692910909654,36.,25.5095489323139));
#17201=CARTESIAN_POINT('Ctrl Pts',(-9.69053176542949,36.,25.375116155686));
#17202=CARTESIAN_POINT('Ctrl Pts',(-9.56739202277554,36.,25.0815913823219));
#17203=CARTESIAN_POINT('Ctrl Pts',(-9.55819131152847,36.,24.7628172711419));
#17204=CARTESIAN_POINT('Ctrl Pts',(-9.55320447683335,36.,24.5900399982929));
#17205=CARTESIAN_POINT('',(-9.74692910909654,35.,25.5095489323139));
#17206=CARTESIAN_POINT('Ctrl Pts',(-10.3076395392418,35.,26.0197813808918));
#17207=CARTESIAN_POINT('Ctrl Pts',(-10.3076395392418,36.,26.0197813808918));
#17208=CARTESIAN_POINT('Ctrl Pts',(-10.1923354980178,35.,25.9599612330782));
#17209=CARTESIAN_POINT('Ctrl Pts',(-10.1923354980178,36.,25.9599612330782));
#17210=CARTESIAN_POINT('Ctrl Pts',(-9.96030519600253,35.,25.8395830848673));
#17211=CARTESIAN_POINT('Ctrl Pts',(-9.96030519600253,36.,25.8395830848673));
#17212=CARTESIAN_POINT('Ctrl Pts',(-9.81834451864864,35.,25.6200089398646));
#17213=CARTESIAN_POINT('Ctrl Pts',(-9.81834451864864,36.,25.6200089398646));
#17214=CARTESIAN_POINT('Ctrl Pts',(-9.74692910909654,35.,25.5095489323139));
#17215=CARTESIAN_POINT('Ctrl Pts',(-9.74692910909654,36.,25.5095489323139));
#17216=CARTESIAN_POINT('',(-10.3076395392418,36.,26.0197813808918));
#17217=CARTESIAN_POINT('Ctrl Pts',(-10.3076395392418,36.,26.0197813808918));
#17218=CARTESIAN_POINT('Ctrl Pts',(-10.1923354980178,36.,25.9599612330782));
#17219=CARTESIAN_POINT('Ctrl Pts',(-9.96030519600253,36.,25.8395830848673));
#17220=CARTESIAN_POINT('Ctrl Pts',(-9.81834451864864,36.,25.6200089398646));
#17221=CARTESIAN_POINT('Ctrl Pts',(-9.74692910909654,36.,25.5095489323139));
#17222=CARTESIAN_POINT('',(-10.3076395392418,35.,26.0197813808918));
#17223=CARTESIAN_POINT('Ctrl Pts',(-11.3103684782982,35.,26.1725778877735));
#17224=CARTESIAN_POINT('Ctrl Pts',(-11.3103684782982,36.,26.1725778877735));
#17225=CARTESIAN_POINT('Ctrl Pts',(-11.1192110239923,35.,26.1698394304406));
#17226=CARTESIAN_POINT('Ctrl Pts',(-11.1192110239923,36.,26.1698394304406));
#17227=CARTESIAN_POINT('Ctrl Pts',(-10.7774172960928,35.,26.1649430085673));
#17228=CARTESIAN_POINT('Ctrl Pts',(-10.7774172960928,36.,26.1649430085673));
#17229=CARTESIAN_POINT('Ctrl Pts',(-10.4513464021353,35.,26.0641868935444));
#17230=CARTESIAN_POINT('Ctrl Pts',(-10.4513464021353,36.,26.0641868935444));
#17231=CARTESIAN_POINT('Ctrl Pts',(-10.3076395392418,35.,26.0197813808918));
#17232=CARTESIAN_POINT('Ctrl Pts',(-10.3076395392418,36.,26.0197813808918));
#17233=CARTESIAN_POINT('',(-11.3103684782982,36.,26.1725778877735));
#17234=CARTESIAN_POINT('Ctrl Pts',(-11.3103684782982,36.,26.1725778877735));
#17235=CARTESIAN_POINT('Ctrl Pts',(-11.1192110239923,36.,26.1698394304406));
#17236=CARTESIAN_POINT('Ctrl Pts',(-10.7774172960928,36.,26.1649430085673));
#17237=CARTESIAN_POINT('Ctrl Pts',(-10.4513464021353,36.,26.0641868935444));
#17238=CARTESIAN_POINT('Ctrl Pts',(-10.3076395392418,36.,26.0197813808918));
#17239=CARTESIAN_POINT('',(-11.3103684782982,35.,26.1725778877735));
#17240=CARTESIAN_POINT('Origin',(-13.6214181780815,35.,26.1725778877735));
#17241=CARTESIAN_POINT('',(-13.6214181780815,36.,26.1725778877735));
#17242=CARTESIAN_POINT('',(-11.3103684782982,36.,26.1725778877735));
#17243=CARTESIAN_POINT('',(-13.6214181780815,35.,26.1725778877735));
#17244=CARTESIAN_POINT('Origin',(-13.6214181780815,35.,25.6432469189167));
#17245=CARTESIAN_POINT('',(-13.6214181780815,36.,25.6432469189167));
#17246=CARTESIAN_POINT('',(-13.6214181780815,36.,26.1725778877735));
#17247=CARTESIAN_POINT('',(-13.6214181780815,35.,25.6432469189167));
#17248=CARTESIAN_POINT('Origin',(-11.3130959868431,35.,25.6432469189167));
#17249=CARTESIAN_POINT('',(-11.3130959868431,36.,25.6432469189167));
#17250=CARTESIAN_POINT('',(-13.6214181780815,36.,25.6432469189167));
#17251=CARTESIAN_POINT('',(-11.3130959868431,35.,25.6432469189167));
#17252=CARTESIAN_POINT('Ctrl Pts',(-10.5450209975243,35.,25.5463846027851));
#17253=CARTESIAN_POINT('Ctrl Pts',(-10.5450209975243,36.,25.5463846027851));
#17254=CARTESIAN_POINT('Ctrl Pts',(-10.6496414313196,35.,25.5744439251362));
#17255=CARTESIAN_POINT('Ctrl Pts',(-10.6496414313196,36.,25.5744439251362));
#17256=CARTESIAN_POINT('Ctrl Pts',(-10.9007303859643,35.,25.641786275589));
#17257=CARTESIAN_POINT('Ctrl Pts',(-10.9007303859643,36.,25.641786275589));
#17258=CARTESIAN_POINT('Ctrl Pts',(-11.1611718416996,35.,25.642708787248));
#17259=CARTESIAN_POINT('Ctrl Pts',(-11.1611718416996,36.,25.642708787248));
#17260=CARTESIAN_POINT('Ctrl Pts',(-11.3130959868431,35.,25.6432469189167));
#17261=CARTESIAN_POINT('Ctrl Pts',(-11.3130959868431,36.,25.6432469189167));
#17262=CARTESIAN_POINT('',(-10.5450209975243,36.,25.5463846027851));
#17263=CARTESIAN_POINT('Ctrl Pts',(-10.5450209975243,36.,25.5463846027851));
#17264=CARTESIAN_POINT('Ctrl Pts',(-10.6496414313196,36.,25.5744439251362));
#17265=CARTESIAN_POINT('Ctrl Pts',(-10.9007303859643,36.,25.641786275589));
#17266=CARTESIAN_POINT('Ctrl Pts',(-11.1611718416996,36.,25.642708787248));
#17267=CARTESIAN_POINT('Ctrl Pts',(-11.3130959868431,36.,25.6432469189167));
#17268=CARTESIAN_POINT('',(-10.5450209975243,35.,25.5463846027851));
#17269=CARTESIAN_POINT('Ctrl Pts',(-10.164392888546,35.,25.2135057747364));
#17270=CARTESIAN_POINT('Ctrl Pts',(-10.164392888546,36.,25.2135057747364));
#17271=CARTESIAN_POINT('Ctrl Pts',(-10.2134225430042,35.,25.2862794761008));
#17272=CARTESIAN_POINT('Ctrl Pts',(-10.2134225430042,36.,25.2862794761008));
#17273=CARTESIAN_POINT('Ctrl Pts',(-10.3108866865793,35.,25.4309434872314));
#17274=CARTESIAN_POINT('Ctrl Pts',(-10.3108866865793,36.,25.4309434872314));
#17275=CARTESIAN_POINT('Ctrl Pts',(-10.467294595802,35.,25.5080612041915));
#17276=CARTESIAN_POINT('Ctrl Pts',(-10.467294595802,36.,25.5080612041915));
#17277=CARTESIAN_POINT('Ctrl Pts',(-10.5450209975243,35.,25.5463846027851));
#17278=CARTESIAN_POINT('Ctrl Pts',(-10.5450209975243,36.,25.5463846027851));
#17279=CARTESIAN_POINT('',(-10.164392888546,36.,25.2135057747364));
#17280=CARTESIAN_POINT('Ctrl Pts',(-10.164392888546,36.,25.2135057747364));
#17281=CARTESIAN_POINT('Ctrl Pts',(-10.2134225430042,36.,25.2862794761008));
#17282=CARTESIAN_POINT('Ctrl Pts',(-10.3108866865793,36.,25.4309434872314));
#17283=CARTESIAN_POINT('Ctrl Pts',(-10.467294595802,36.,25.5080612041915));
#17284=CARTESIAN_POINT('Ctrl Pts',(-10.5450209975243,36.,25.5463846027851));
#17285=CARTESIAN_POINT('',(-10.164392888546,35.,25.2135057747364));
#17286=CARTESIAN_POINT('Ctrl Pts',(-10.0306949019432,35.,24.63642552495));
#17287=CARTESIAN_POINT('Ctrl Pts',(-10.0306949019432,36.,24.63642552495));
#17288=CARTESIAN_POINT('Ctrl Pts',(-10.0348043896055,35.,24.7430468066839));
#17289=CARTESIAN_POINT('Ctrl Pts',(-10.0348043896055,36.,24.7430468066839));
#17290=CARTESIAN_POINT('Ctrl Pts',(-10.04255890617,35.,24.944238917057));
#17291=CARTESIAN_POINT('Ctrl Pts',(-10.04255890617,36.,24.944238917057));
#17292=CARTESIAN_POINT('Ctrl Pts',(-10.1254362136219,35.,25.1274071244428));
#17293=CARTESIAN_POINT('Ctrl Pts',(-10.1254362136219,36.,25.1274071244428));
#17294=CARTESIAN_POINT('Ctrl Pts',(-10.164392888546,35.,25.2135057747364));
#17295=CARTESIAN_POINT('Ctrl Pts',(-10.164392888546,36.,25.2135057747364));
#17296=CARTESIAN_POINT('',(-10.0306949019432,36.,24.63642552495));
#17297=CARTESIAN_POINT('Ctrl Pts',(-10.0306949019432,36.,24.63642552495));
#17298=CARTESIAN_POINT('Ctrl Pts',(-10.0348043896055,36.,24.7430468066839));
#17299=CARTESIAN_POINT('Ctrl Pts',(-10.04255890617,36.,24.944238917057));
#17300=CARTESIAN_POINT('Ctrl Pts',(-10.1254362136219,36.,25.1274071244428));
#17301=CARTESIAN_POINT('Ctrl Pts',(-10.164392888546,36.,25.2135057747364));
#17302=CARTESIAN_POINT('',(-10.0306949019432,35.,24.63642552495));
#17303=CARTESIAN_POINT('Ctrl Pts',(-10.2953609824181,35.,23.8042290508747));
#17304=CARTESIAN_POINT('Ctrl Pts',(-10.2953609824181,36.,23.8042290508747));
#17305=CARTESIAN_POINT('Ctrl Pts',(-10.2185043842719,35.,23.9112387471687));
#17306=CARTESIAN_POINT('Ctrl Pts',(-10.2185043842719,36.,23.9112387471687));
#17307=CARTESIAN_POINT('Ctrl Pts',(-10.0414800637591,35.,24.1577149018732));
#17308=CARTESIAN_POINT('Ctrl Pts',(-10.0414800637591,36.,24.1577149018732));
#17309=CARTESIAN_POINT('Ctrl Pts',(-10.0345922904946,35.,24.463435881062));
#17310=CARTESIAN_POINT('Ctrl Pts',(-10.0345922904946,36.,24.463435881062));
#17311=CARTESIAN_POINT('Ctrl Pts',(-10.0306949019432,35.,24.63642552495));
#17312=CARTESIAN_POINT('Ctrl Pts',(-10.0306949019432,36.,24.63642552495));
#17313=CARTESIAN_POINT('',(-10.2953609824181,36.,23.8042290508747));
#17314=CARTESIAN_POINT('Ctrl Pts',(-10.2953609824181,36.,23.8042290508747));
#17315=CARTESIAN_POINT('Ctrl Pts',(-10.2185043842719,36.,23.9112387471687));
#17316=CARTESIAN_POINT('Ctrl Pts',(-10.0414800637591,36.,24.1577149018732));
#17317=CARTESIAN_POINT('Ctrl Pts',(-10.0345922904946,36.,24.463435881062));
#17318=CARTESIAN_POINT('Ctrl Pts',(-10.0306949019432,36.,24.63642552495));
#17319=CARTESIAN_POINT('',(-10.2953609824181,35.,23.8042290508747));
#17320=CARTESIAN_POINT('Ctrl Pts',(-11.3130959868431,35.,23.5559339821339));
#17321=CARTESIAN_POINT('Ctrl Pts',(-11.3130959868431,36.,23.5559339821339));
#17322=CARTESIAN_POINT('Ctrl Pts',(-11.0968384057077,35.,23.5554599126144));
#17323=CARTESIAN_POINT('Ctrl Pts',(-11.0968384057077,36.,23.5554599126144));
#17324=CARTESIAN_POINT('Ctrl Pts',(-10.7341619271758,35.,23.5546648705956));
#17325=CARTESIAN_POINT('Ctrl Pts',(-10.7341619271758,36.,23.5546648705956));
#17326=CARTESIAN_POINT('Ctrl Pts',(-10.4215627778887,35.,23.7324528890121));
#17327=CARTESIAN_POINT('Ctrl Pts',(-10.4215627778887,36.,23.7324528890121));
#17328=CARTESIAN_POINT('Ctrl Pts',(-10.2953609824181,35.,23.8042290508747));
#17329=CARTESIAN_POINT('Ctrl Pts',(-10.2953609824181,36.,23.8042290508747));
#17330=CARTESIAN_POINT('',(-11.3130959868431,36.,23.5559339821339));
#17331=CARTESIAN_POINT('Ctrl Pts',(-11.3130959868431,36.,23.5559339821339));
#17332=CARTESIAN_POINT('Ctrl Pts',(-11.0968384057077,36.,23.5554599126144));
#17333=CARTESIAN_POINT('Ctrl Pts',(-10.7341619271758,36.,23.5546648705956));
#17334=CARTESIAN_POINT('Ctrl Pts',(-10.4215627778887,36.,23.7324528890121));
#17335=CARTESIAN_POINT('Ctrl Pts',(-10.2953609824181,36.,23.8042290508747));
#17336=CARTESIAN_POINT('',(-11.3130959868431,35.,23.5559339821339));
#17337=CARTESIAN_POINT('Origin',(-13.6214181780815,35.,23.5559339821339));
#17338=CARTESIAN_POINT('',(-11.3130959868431,36.,23.5559339821339));
#17339=CARTESIAN_POINT('Origin',(-8.50136309862138,36.,25.4999999701977));
#17340=CARTESIAN_POINT('Ctrl Pts',(-10.4222378134728,35.,33.7892223894596));
#17341=CARTESIAN_POINT('Ctrl Pts',(-10.4222378134728,36.,33.7892223894596));
#17342=CARTESIAN_POINT('Ctrl Pts',(-10.5808007661646,35.,33.90249401719));
#17343=CARTESIAN_POINT('Ctrl Pts',(-10.5808007661646,36.,33.90249401719));
#17344=CARTESIAN_POINT('Ctrl Pts',(-10.9203372882417,35.,34.1450466051475));
#17345=CARTESIAN_POINT('Ctrl Pts',(-10.9203372882417,36.,34.1450466051475));
#17346=CARTESIAN_POINT('Ctrl Pts',(-11.3385054764074,35.,34.1665660839031));
#17347=CARTESIAN_POINT('Ctrl Pts',(-11.3385054764074,36.,34.1665660839031));
#17348=CARTESIAN_POINT('Ctrl Pts',(-11.5613898634911,35.,34.1780360043049));
#17349=CARTESIAN_POINT('Ctrl Pts',(-11.5613898634911,36.,34.1780360043049));
#17350=CARTESIAN_POINT('',(-11.5613898634911,35.,34.1780360043049));
#17351=CARTESIAN_POINT('',(-10.4222378134728,35.,33.7892223894596));
#17352=CARTESIAN_POINT('Ctrl Pts',(-11.5613898634911,35.,34.1780360043049));
#17353=CARTESIAN_POINT('Ctrl Pts',(-11.3385054764074,35.,34.1665660839031));
#17354=CARTESIAN_POINT('Ctrl Pts',(-10.9203372882417,35.,34.1450466051475));
#17355=CARTESIAN_POINT('Ctrl Pts',(-10.5808007661646,35.,33.90249401719));
#17356=CARTESIAN_POINT('Ctrl Pts',(-10.4222378134728,35.,33.7892223894596));
#17357=CARTESIAN_POINT('',(-11.5613898634911,36.,34.1780360043049));
#17358=CARTESIAN_POINT('',(-11.5613898634911,35.,34.1780360043049));
#17359=CARTESIAN_POINT('',(-10.4222378134728,36.,33.7892223894596));
#17360=CARTESIAN_POINT('Ctrl Pts',(-10.4222378134728,36.,33.7892223894596));
#17361=CARTESIAN_POINT('Ctrl Pts',(-10.5808007661646,36.,33.90249401719));
#17362=CARTESIAN_POINT('Ctrl Pts',(-10.9203372882417,36.,34.1450466051475));
#17363=CARTESIAN_POINT('Ctrl Pts',(-11.3385054764074,36.,34.1665660839031));
#17364=CARTESIAN_POINT('Ctrl Pts',(-11.5613898634911,36.,34.1780360043049));
#17365=CARTESIAN_POINT('',(-10.4222378134728,35.,33.7892223894596));
#17366=CARTESIAN_POINT('Ctrl Pts',(-10.0061377882958,35.,32.8137792646885));
#17367=CARTESIAN_POINT('Ctrl Pts',(-10.0061377882958,36.,32.8137792646885));
#17368=CARTESIAN_POINT('Ctrl Pts',(-10.0228850627363,35.,33.0005244013582));
#17369=CARTESIAN_POINT('Ctrl Pts',(-10.0228850627363,36.,33.0005244013582));
#17370=CARTESIAN_POINT('Ctrl Pts',(-10.0561000529762,35.,33.3708973783983));
#17371=CARTESIAN_POINT('Ctrl Pts',(-10.0561000529762,36.,33.3708973783983));
#17372=CARTESIAN_POINT('Ctrl Pts',(-10.3008786310941,35.,33.6505653406972));
#17373=CARTESIAN_POINT('Ctrl Pts',(-10.3008786310941,36.,33.6505653406972));
#17374=CARTESIAN_POINT('Ctrl Pts',(-10.4222378134728,35.,33.7892223894596));
#17375=CARTESIAN_POINT('Ctrl Pts',(-10.4222378134728,36.,33.7892223894596));
#17376=CARTESIAN_POINT('',(-10.0061377882958,35.,32.8137792646885));
#17377=CARTESIAN_POINT('Ctrl Pts',(-10.4222378134728,35.,33.7892223894596));
#17378=CARTESIAN_POINT('Ctrl Pts',(-10.3008786310941,35.,33.6505653406972));
#17379=CARTESIAN_POINT('Ctrl Pts',(-10.0561000529762,35.,33.3708973783983));
#17380=CARTESIAN_POINT('Ctrl Pts',(-10.0228850627363,35.,33.0005244013582));
#17381=CARTESIAN_POINT('Ctrl Pts',(-10.0061377882958,35.,32.8137792646885));
#17382=CARTESIAN_POINT('',(-10.0061377882958,36.,32.8137792646885));
#17383=CARTESIAN_POINT('Ctrl Pts',(-10.0061377882958,36.,32.8137792646885));
#17384=CARTESIAN_POINT('Ctrl Pts',(-10.0228850627363,36.,33.0005244013582));
#17385=CARTESIAN_POINT('Ctrl Pts',(-10.0561000529762,36.,33.3708973783983));
#17386=CARTESIAN_POINT('Ctrl Pts',(-10.3008786310941,36.,33.6505653406972));
#17387=CARTESIAN_POINT('Ctrl Pts',(-10.4222378134728,36.,33.7892223894596));
#17388=CARTESIAN_POINT('',(-10.0061377882958,35.,32.8137792646885));
#17389=CARTESIAN_POINT('Ctrl Pts',(-10.4263290762901,35.,31.8301506340504));
#17390=CARTESIAN_POINT('Ctrl Pts',(-10.4263290762901,36.,31.8301506340504));
#17391=CARTESIAN_POINT('Ctrl Pts',(-10.3037789264032,35.,31.9689308106801));
#17392=CARTESIAN_POINT('Ctrl Pts',(-10.3037789264032,36.,31.9689308106801));
#17393=CARTESIAN_POINT('Ctrl Pts',(-10.0554233714678,35.,32.2501775314121));
#17394=CARTESIAN_POINT('Ctrl Pts',(-10.0554233714678,36.,32.2501775314121));
#17395=CARTESIAN_POINT('Ctrl Pts',(-10.0227092466175,35.,32.6242775477165));
#17396=CARTESIAN_POINT('Ctrl Pts',(-10.0227092466175,36.,32.6242775477165));
#17397=CARTESIAN_POINT('Ctrl Pts',(-10.0061377882958,35.,32.8137792646885));
#17398=CARTESIAN_POINT('Ctrl Pts',(-10.0061377882958,36.,32.8137792646885));
#17399=CARTESIAN_POINT('',(-10.4263290762901,35.,31.8301506340504));
#17400=CARTESIAN_POINT('Ctrl Pts',(-10.0061377882958,35.,32.8137792646885));
#17401=CARTESIAN_POINT('Ctrl Pts',(-10.0227092466175,35.,32.6242775477165));
#17402=CARTESIAN_POINT('Ctrl Pts',(-10.0554233714678,35.,32.2501775314121));
#17403=CARTESIAN_POINT('Ctrl Pts',(-10.3037789264032,35.,31.9689308106801));
#17404=CARTESIAN_POINT('Ctrl Pts',(-10.4263290762901,35.,31.8301506340504));
#17405=CARTESIAN_POINT('',(-10.4263290762901,36.,31.8301506340504));
#17406=CARTESIAN_POINT('Ctrl Pts',(-10.4263290762901,36.,31.8301506340504));
#17407=CARTESIAN_POINT('Ctrl Pts',(-10.3037789264032,36.,31.9689308106801));
#17408=CARTESIAN_POINT('Ctrl Pts',(-10.0554233714678,36.,32.2501775314121));
#17409=CARTESIAN_POINT('Ctrl Pts',(-10.0227092466175,36.,32.6242775477165));
#17410=CARTESIAN_POINT('Ctrl Pts',(-10.0061377882958,36.,32.8137792646885));
#17411=CARTESIAN_POINT('',(-10.4263290762901,35.,31.8301506340504));
#17412=CARTESIAN_POINT('Ctrl Pts',(-11.6186890006066,35.,31.4440657198429));
#17413=CARTESIAN_POINT('Ctrl Pts',(-11.6186890006066,36.,31.4440657198429));
#17414=CARTESIAN_POINT('Ctrl Pts',(-11.3830637835901,35.,31.4540763222258));
#17415=CARTESIAN_POINT('Ctrl Pts',(-11.3830637835901,36.,31.4540763222258));
#17416=CARTESIAN_POINT('Ctrl Pts',(-10.9479796143635,35.,31.4725609932486));
#17417=CARTESIAN_POINT('Ctrl Pts',(-10.9479796143635,36.,31.4725609932486));
#17418=CARTESIAN_POINT('Ctrl Pts',(-10.5903019667509,35.,31.7177477844));
#17419=CARTESIAN_POINT('Ctrl Pts',(-10.5903019667509,36.,31.7177477844));
#17420=CARTESIAN_POINT('Ctrl Pts',(-10.4263290762901,35.,31.8301506340504));
#17421=CARTESIAN_POINT('Ctrl Pts',(-10.4263290762901,36.,31.8301506340504));
#17422=CARTESIAN_POINT('',(-11.6186890006066,35.,31.4440657198429));
#17423=CARTESIAN_POINT('Ctrl Pts',(-10.4263290762901,35.,31.8301506340504));
#17424=CARTESIAN_POINT('Ctrl Pts',(-10.5903019667509,35.,31.7177477844));
#17425=CARTESIAN_POINT('Ctrl Pts',(-10.9479796143635,35.,31.4725609932486));
#17426=CARTESIAN_POINT('Ctrl Pts',(-11.3830637835901,35.,31.4540763222258));
#17427=CARTESIAN_POINT('Ctrl Pts',(-11.6186890006066,35.,31.4440657198429));
#17428=CARTESIAN_POINT('',(-11.6186890006066,36.,31.4440657198429));
#17429=CARTESIAN_POINT('Ctrl Pts',(-11.6186890006066,36.,31.4440657198429));
#17430=CARTESIAN_POINT('Ctrl Pts',(-11.3830637835901,36.,31.4540763222258));
#17431=CARTESIAN_POINT('Ctrl Pts',(-10.9479796143635,36.,31.4725609932486));
#17432=CARTESIAN_POINT('Ctrl Pts',(-10.5903019667509,36.,31.7177477844));
#17433=CARTESIAN_POINT('Ctrl Pts',(-10.4263290762901,36.,31.8301506340504));
#17434=CARTESIAN_POINT('',(-11.6186890006066,35.,31.4440657198429));
#17435=CARTESIAN_POINT('Ctrl Pts',(-12.4713501334191,35.,31.6091407835484));
#17436=CARTESIAN_POINT('Ctrl Pts',(-12.4713501334191,36.,31.6091407835484));
#17437=CARTESIAN_POINT('Ctrl Pts',(-12.3409498474244,35.,31.5610286109589));
#17438=CARTESIAN_POINT('Ctrl Pts',(-12.3409498474244,36.,31.5610286109589));
#17439=CARTESIAN_POINT('Ctrl Pts',(-12.065983727876,35.,31.459577779781));
#17440=CARTESIAN_POINT('Ctrl Pts',(-12.065983727876,36.,31.459577779781));
#17441=CARTESIAN_POINT('Ctrl Pts',(-11.7728215633679,35.,31.4494109953541));
#17442=CARTESIAN_POINT('Ctrl Pts',(-11.7728215633679,36.,31.4494109953541));
#17443=CARTESIAN_POINT('Ctrl Pts',(-11.6186890006066,35.,31.4440657198429));
#17444=CARTESIAN_POINT('Ctrl Pts',(-11.6186890006066,36.,31.4440657198429));
#17445=CARTESIAN_POINT('',(-12.4713501334191,35.,31.6091407835484));
#17446=CARTESIAN_POINT('Ctrl Pts',(-11.6186890006066,35.,31.4440657198429));
#17447=CARTESIAN_POINT('Ctrl Pts',(-11.7728215633679,35.,31.4494109953541));
#17448=CARTESIAN_POINT('Ctrl Pts',(-12.065983727876,35.,31.459577779781));
#17449=CARTESIAN_POINT('Ctrl Pts',(-12.3409498474244,35.,31.5610286109589));
#17450=CARTESIAN_POINT('Ctrl Pts',(-12.4713501334191,35.,31.6091407835484));
#17451=CARTESIAN_POINT('',(-12.4713501334191,36.,31.6091407835484));
#17452=CARTESIAN_POINT('Ctrl Pts',(-12.4713501334191,36.,31.6091407835484));
#17453=CARTESIAN_POINT('Ctrl Pts',(-12.3409498474244,36.,31.5610286109589));
#17454=CARTESIAN_POINT('Ctrl Pts',(-12.065983727876,36.,31.459577779781));
#17455=CARTESIAN_POINT('Ctrl Pts',(-11.7728215633679,36.,31.4494109953541));
#17456=CARTESIAN_POINT('Ctrl Pts',(-11.6186890006066,36.,31.4440657198429));
#17457=CARTESIAN_POINT('',(-12.4713501334191,35.,31.6091407835484));
#17458=CARTESIAN_POINT('Ctrl Pts',(-13.0361518263817,35.,32.0920880138874));
#17459=CARTESIAN_POINT('Ctrl Pts',(-13.0361518263817,36.,32.0920880138874));
#17460=CARTESIAN_POINT('Ctrl Pts',(-12.961506515836,35.,31.9920605934064));
#17461=CARTESIAN_POINT('Ctrl Pts',(-12.961506515836,36.,31.9920605934064));
#17462=CARTESIAN_POINT('Ctrl Pts',(-12.8097065881087,35.,31.7886431906417));
#17463=CARTESIAN_POINT('Ctrl Pts',(-12.8097065881087,36.,31.7886431906417));
#17464=CARTESIAN_POINT('Ctrl Pts',(-12.5853717299018,35.,31.6696306921805));
#17465=CARTESIAN_POINT('Ctrl Pts',(-12.5853717299018,36.,31.6696306921805));
#17466=CARTESIAN_POINT('Ctrl Pts',(-12.4713501334191,35.,31.6091407835484));
#17467=CARTESIAN_POINT('Ctrl Pts',(-12.4713501334191,36.,31.6091407835484));
#17468=CARTESIAN_POINT('',(-13.0361518263817,35.,32.0920880138874));
#17469=CARTESIAN_POINT('Ctrl Pts',(-12.4713501334191,35.,31.6091407835484));
#17470=CARTESIAN_POINT('Ctrl Pts',(-12.5853717299018,35.,31.6696306921805));
#17471=CARTESIAN_POINT('Ctrl Pts',(-12.8097065881087,35.,31.7886431906417));
#17472=CARTESIAN_POINT('Ctrl Pts',(-12.961506515836,35.,31.9920605934064));
#17473=CARTESIAN_POINT('Ctrl Pts',(-13.0361518263817,35.,32.0920880138874));
#17474=CARTESIAN_POINT('',(-13.0361518263817,36.,32.0920880138874));
#17475=CARTESIAN_POINT('Ctrl Pts',(-13.0361518263817,36.,32.0920880138874));
#17476=CARTESIAN_POINT('Ctrl Pts',(-12.961506515836,36.,31.9920605934064));
#17477=CARTESIAN_POINT('Ctrl Pts',(-12.8097065881087,36.,31.7886431906417));
#17478=CARTESIAN_POINT('Ctrl Pts',(-12.5853717299018,36.,31.6696306921805));
#17479=CARTESIAN_POINT('Ctrl Pts',(-12.4713501334191,36.,31.6091407835484));
#17480=CARTESIAN_POINT('',(-13.0361518263817,35.,32.0920880138874));
#17481=CARTESIAN_POINT('Ctrl Pts',(-13.236697614193,35.,32.8055937588215));
#17482=CARTESIAN_POINT('Ctrl Pts',(-13.236697614193,36.,32.8055937588215));
#17483=CARTESIAN_POINT('Ctrl Pts',(-13.2288056124776,35.,32.6776980489954));
#17484=CARTESIAN_POINT('Ctrl Pts',(-13.2288056124776,36.,32.6776980489954));
#17485=CARTESIAN_POINT('Ctrl Pts',(-13.2132335686383,35.,32.4253415908867));
#17486=CARTESIAN_POINT('Ctrl Pts',(-13.2132335686383,36.,32.4253415908867));
#17487=CARTESIAN_POINT('Ctrl Pts',(-13.0946409977216,35.,32.2021599237091));
#17488=CARTESIAN_POINT('Ctrl Pts',(-13.0946409977216,36.,32.2021599237091));
#17489=CARTESIAN_POINT('Ctrl Pts',(-13.0361518263817,35.,32.0920880138874));
#17490=CARTESIAN_POINT('Ctrl Pts',(-13.0361518263817,36.,32.0920880138874));
#17491=CARTESIAN_POINT('',(-13.236697614193,35.,32.8055937588215));
#17492=CARTESIAN_POINT('Ctrl Pts',(-13.0361518263817,35.,32.0920880138874));
#17493=CARTESIAN_POINT('Ctrl Pts',(-13.0946409977216,35.,32.2021599237091));
#17494=CARTESIAN_POINT('Ctrl Pts',(-13.2132335686383,35.,32.4253415908867));
#17495=CARTESIAN_POINT('Ctrl Pts',(-13.2288056124776,35.,32.6776980489954));
#17496=CARTESIAN_POINT('Ctrl Pts',(-13.236697614193,35.,32.8055937588215));
#17497=CARTESIAN_POINT('',(-13.236697614193,36.,32.8055937588215));
#17498=CARTESIAN_POINT('Ctrl Pts',(-13.236697614193,36.,32.8055937588215));
#17499=CARTESIAN_POINT('Ctrl Pts',(-13.2288056124776,36.,32.6776980489954));
#17500=CARTESIAN_POINT('Ctrl Pts',(-13.2132335686383,36.,32.4253415908867));
#17501=CARTESIAN_POINT('Ctrl Pts',(-13.0946409977216,36.,32.2021599237091));
#17502=CARTESIAN_POINT('Ctrl Pts',(-13.0361518263817,36.,32.0920880138874));
#17503=CARTESIAN_POINT('',(-13.236697614193,35.,32.8055937588215));
#17504=CARTESIAN_POINT('Ctrl Pts',(-12.8506144881249,35.,33.7728513777256));
#17505=CARTESIAN_POINT('Ctrl Pts',(-12.8506144881249,36.,33.7728513777256));
#17506=CARTESIAN_POINT('Ctrl Pts',(-12.9632223186129,35.,33.631141459895));
#17507=CARTESIAN_POINT('Ctrl Pts',(-12.9632223186129,36.,33.631141459895));
#17508=CARTESIAN_POINT('Ctrl Pts',(-13.1887069784317,35.,33.3473831059999));
#17509=CARTESIAN_POINT('Ctrl Pts',(-13.1887069784317,36.,33.3473831059999));
#17510=CARTESIAN_POINT('Ctrl Pts',(-13.2206880180184,35.,32.9863337828366));
#17511=CARTESIAN_POINT('Ctrl Pts',(-13.2206880180184,36.,32.9863337828366));
#17512=CARTESIAN_POINT('Ctrl Pts',(-13.236697614193,35.,32.8055937588215));
#17513=CARTESIAN_POINT('Ctrl Pts',(-13.236697614193,36.,32.8055937588215));
#17514=CARTESIAN_POINT('',(-12.8506144881249,35.,33.7728513777256));
#17515=CARTESIAN_POINT('Ctrl Pts',(-13.236697614193,35.,32.8055937588215));
#17516=CARTESIAN_POINT('Ctrl Pts',(-13.2206880180184,35.,32.9863337828366));
#17517=CARTESIAN_POINT('Ctrl Pts',(-13.1887069784317,35.,33.3473831059999));
#17518=CARTESIAN_POINT('Ctrl Pts',(-12.9632223186129,35.,33.631141459895));
#17519=CARTESIAN_POINT('Ctrl Pts',(-12.8506144881249,35.,33.7728513777256));
#17520=CARTESIAN_POINT('',(-12.8506144881249,36.,33.7728513777256));
#17521=CARTESIAN_POINT('Ctrl Pts',(-12.8506144881249,36.,33.7728513777256));
#17522=CARTESIAN_POINT('Ctrl Pts',(-12.9632223186129,36.,33.631141459895));
#17523=CARTESIAN_POINT('Ctrl Pts',(-13.1887069784317,36.,33.3473831059999));
#17524=CARTESIAN_POINT('Ctrl Pts',(-13.2206880180184,36.,32.9863337828366));
#17525=CARTESIAN_POINT('Ctrl Pts',(-13.236697614193,36.,32.8055937588215));
#17526=CARTESIAN_POINT('',(-12.8506144881249,35.,33.7728513777256));
#17527=CARTESIAN_POINT('Ctrl Pts',(-11.5613898634911,35.,34.1780360043049));
#17528=CARTESIAN_POINT('Ctrl Pts',(-11.5613898634911,36.,34.1780360043049));
#17529=CARTESIAN_POINT('Ctrl Pts',(-11.8289320032714,35.,34.1721158172686));
#17530=CARTESIAN_POINT('Ctrl Pts',(-11.8289320032714,36.,34.1721158172686));
#17531=CARTESIAN_POINT('Ctrl Pts',(-12.3015585520519,35.,34.1616575112635));
#17532=CARTESIAN_POINT('Ctrl Pts',(-12.3015585520519,36.,34.1616575112635));
#17533=CARTESIAN_POINT('Ctrl Pts',(-12.6844628111234,35.,33.89050931906));
#17534=CARTESIAN_POINT('Ctrl Pts',(-12.6844628111234,36.,33.89050931906));
#17535=CARTESIAN_POINT('Ctrl Pts',(-12.8506144881249,35.,33.7728513777256));
#17536=CARTESIAN_POINT('Ctrl Pts',(-12.8506144881249,36.,33.7728513777256));
#17537=CARTESIAN_POINT('Ctrl Pts',(-12.8506144881249,35.,33.7728513777256));
#17538=CARTESIAN_POINT('Ctrl Pts',(-12.6844628111234,35.,33.89050931906));
#17539=CARTESIAN_POINT('Ctrl Pts',(-12.3015585520519,35.,34.1616575112635));
#17540=CARTESIAN_POINT('Ctrl Pts',(-11.8289320032714,35.,34.1721158172686));
#17541=CARTESIAN_POINT('Ctrl Pts',(-11.5613898634911,35.,34.1780360043049));
#17542=CARTESIAN_POINT('Ctrl Pts',(-11.5613898634911,36.,34.1780360043049));
#17543=CARTESIAN_POINT('Ctrl Pts',(-11.8289320032714,36.,34.1721158172686));
#17544=CARTESIAN_POINT('Ctrl Pts',(-12.3015585520519,36.,34.1616575112635));
#17545=CARTESIAN_POINT('Ctrl Pts',(-12.6844628111234,36.,33.89050931906));
#17546=CARTESIAN_POINT('Ctrl Pts',(-12.8506144881249,36.,33.7728513777256));
#17547=CARTESIAN_POINT('Ctrl Pts',(-13.128921687603,35.,34.1889496147633));
#17548=CARTESIAN_POINT('Ctrl Pts',(-13.128921687603,36.,34.1889496147633));
#17549=CARTESIAN_POINT('Ctrl Pts',(-12.9129805005588,35.,34.3447323074774));
#17550=CARTESIAN_POINT('Ctrl Pts',(-12.9129805005588,36.,34.3447323074774));
#17551=CARTESIAN_POINT('Ctrl Pts',(-12.4491891977344,35.,34.6793171960777));
#17552=CARTESIAN_POINT('Ctrl Pts',(-12.4491891977344,36.,34.6793171960777));
#17553=CARTESIAN_POINT('Ctrl Pts',(-11.8759279970001,35.,34.7082673291087));
#17554=CARTESIAN_POINT('Ctrl Pts',(-11.8759279970001,36.,34.7082673291087));
#17555=CARTESIAN_POINT('Ctrl Pts',(-11.5695771574974,35.,34.7237382829189));
#17556=CARTESIAN_POINT('Ctrl Pts',(-11.5695771574974,36.,34.7237382829189));
#17557=CARTESIAN_POINT('',(-11.5695771574974,36.,34.7237382829189));
#17558=CARTESIAN_POINT('',(-11.5695771574974,35.,34.7237382829189));
#17559=CARTESIAN_POINT('',(-13.128921687603,36.,34.1889496147633));
#17560=CARTESIAN_POINT('Ctrl Pts',(-13.128921687603,36.,34.1889496147633));
#17561=CARTESIAN_POINT('Ctrl Pts',(-12.9129805005588,36.,34.3447323074774));
#17562=CARTESIAN_POINT('Ctrl Pts',(-12.4491891977344,36.,34.6793171960777));
#17563=CARTESIAN_POINT('Ctrl Pts',(-11.8759279970001,36.,34.7082673291087));
#17564=CARTESIAN_POINT('Ctrl Pts',(-11.5695771574974,36.,34.7237382829189));
#17565=CARTESIAN_POINT('',(-13.128921687603,35.,34.1889496147633));
#17566=CARTESIAN_POINT('Ctrl Pts',(-13.6923596262932,35.,32.8083224594593));
#17567=CARTESIAN_POINT('Ctrl Pts',(-13.6923596262932,36.,32.8083224594593));
#17568=CARTESIAN_POINT('Ctrl Pts',(-13.671227663901,35.,33.0750413175074));
#17569=CARTESIAN_POINT('Ctrl Pts',(-13.671227663901,36.,33.0750413175074));
#17570=CARTESIAN_POINT('Ctrl Pts',(-13.6299572681836,35.,33.5959391221046));
#17571=CARTESIAN_POINT('Ctrl Pts',(-13.6299572681836,36.,33.5959391221046));
#17572=CARTESIAN_POINT('Ctrl Pts',(-13.2932314748173,35.,33.9944775420381));
#17573=CARTESIAN_POINT('Ctrl Pts',(-13.2932314748173,36.,33.9944775420381));
#17574=CARTESIAN_POINT('Ctrl Pts',(-13.128921687603,35.,34.1889496147633));
#17575=CARTESIAN_POINT('Ctrl Pts',(-13.128921687603,36.,34.1889496147633));
#17576=CARTESIAN_POINT('',(-13.6923596262932,36.,32.8083224594593));
#17577=CARTESIAN_POINT('Ctrl Pts',(-13.6923596262932,36.,32.8083224594593));
#17578=CARTESIAN_POINT('Ctrl Pts',(-13.671227663901,36.,33.0750413175074));
#17579=CARTESIAN_POINT('Ctrl Pts',(-13.6299572681836,36.,33.5959391221046));
#17580=CARTESIAN_POINT('Ctrl Pts',(-13.2932314748173,36.,33.9944775420381));
#17581=CARTESIAN_POINT('Ctrl Pts',(-13.128921687603,36.,34.1889496147633));
#17582=CARTESIAN_POINT('',(-13.6923596262932,35.,32.8083224594593));
#17583=CARTESIAN_POINT('Ctrl Pts',(-13.4276947379112,35.,31.8096865713596));
#17584=CARTESIAN_POINT('Ctrl Pts',(-13.4276947379112,36.,31.8096865713596));
#17585=CARTESIAN_POINT('Ctrl Pts',(-13.5048812745474,35.,31.9640810736209));
#17586=CARTESIAN_POINT('Ctrl Pts',(-13.5048812745474,36.,31.9640810736209));
#17587=CARTESIAN_POINT('Ctrl Pts',(-13.662068998916,35.,32.2785001617566));
#17588=CARTESIAN_POINT('Ctrl Pts',(-13.662068998916,36.,32.2785001617566));
#17589=CARTESIAN_POINT('Ctrl Pts',(-13.6821429338438,35.,32.6296192784046));
#17590=CARTESIAN_POINT('Ctrl Pts',(-13.6821429338438,36.,32.6296192784046));
#17591=CARTESIAN_POINT('Ctrl Pts',(-13.6923596262932,35.,32.8083224594593));
#17592=CARTESIAN_POINT('Ctrl Pts',(-13.6923596262932,36.,32.8083224594593));
#17593=CARTESIAN_POINT('',(-13.4276947379112,36.,31.8096865713596));
#17594=CARTESIAN_POINT('Ctrl Pts',(-13.4276947379112,36.,31.8096865713596));
#17595=CARTESIAN_POINT('Ctrl Pts',(-13.5048812745474,36.,31.9640810736209));
#17596=CARTESIAN_POINT('Ctrl Pts',(-13.662068998916,36.,32.2785001617566));
#17597=CARTESIAN_POINT('Ctrl Pts',(-13.6821429338438,36.,32.6296192784046));
#17598=CARTESIAN_POINT('Ctrl Pts',(-13.6923596262932,36.,32.8083224594593));
#17599=CARTESIAN_POINT('',(-13.4276947379112,35.,31.8096865713596));
#17600=CARTESIAN_POINT('Ctrl Pts',(-12.6896318793297,35.,31.1316509544849));
#17601=CARTESIAN_POINT('Ctrl Pts',(-12.6896318793297,36.,31.1316509544849));
#17602=CARTESIAN_POINT('Ctrl Pts',(-12.8385013735385,35.,31.2178352734635));
#17603=CARTESIAN_POINT('Ctrl Pts',(-12.8385013735385,36.,31.2178352734635));
#17604=CARTESIAN_POINT('Ctrl Pts',(-13.1346996633842,35.,31.3893119620129));
#17605=CARTESIAN_POINT('Ctrl Pts',(-13.1346996633842,36.,31.3893119620129));
#17606=CARTESIAN_POINT('Ctrl Pts',(-13.3303689761471,35.,31.6700484591934));
#17607=CARTESIAN_POINT('Ctrl Pts',(-13.3303689761471,36.,31.6700484591934));
#17608=CARTESIAN_POINT('Ctrl Pts',(-13.4276947379112,35.,31.8096865713596));
#17609=CARTESIAN_POINT('Ctrl Pts',(-13.4276947379112,36.,31.8096865713596));
#17610=CARTESIAN_POINT('',(-12.6896318793297,36.,31.1316509544849));
#17611=CARTESIAN_POINT('Ctrl Pts',(-12.6896318793297,36.,31.1316509544849));
#17612=CARTESIAN_POINT('Ctrl Pts',(-12.8385013735385,36.,31.2178352734635));
#17613=CARTESIAN_POINT('Ctrl Pts',(-13.1346996633842,36.,31.3893119620129));
#17614=CARTESIAN_POINT('Ctrl Pts',(-13.3303689761471,36.,31.6700484591934));
#17615=CARTESIAN_POINT('Ctrl Pts',(-13.4276947379112,36.,31.8096865713596));
#17616=CARTESIAN_POINT('',(-12.6896318793297,35.,31.1316509544849));
#17617=CARTESIAN_POINT('Ctrl Pts',(-11.6159614920616,35.,30.8983631432056));
#17618=CARTESIAN_POINT('Ctrl Pts',(-11.6159614920616,36.,30.8983631432056));
#17619=CARTESIAN_POINT('Ctrl Pts',(-11.8079338566717,35.,30.9067162243552));
#17620=CARTESIAN_POINT('Ctrl Pts',(-11.8079338566717,36.,30.9067162243552));
#17621=CARTESIAN_POINT('Ctrl Pts',(-12.1794584366326,35.,30.9228819624381));
#17622=CARTESIAN_POINT('Ctrl Pts',(-12.1794584366326,36.,30.9228819624381));
#17623=CARTESIAN_POINT('Ctrl Pts',(-12.5234068220804,35.,31.0636296998477));
#17624=CARTESIAN_POINT('Ctrl Pts',(-12.5234068220804,36.,31.0636296998477));
#17625=CARTESIAN_POINT('Ctrl Pts',(-12.6896318793297,35.,31.1316509544849));
#17626=CARTESIAN_POINT('Ctrl Pts',(-12.6896318793297,36.,31.1316509544849));
#17627=CARTESIAN_POINT('',(-11.6159614920616,36.,30.8983631432056));
#17628=CARTESIAN_POINT('Ctrl Pts',(-11.6159614920616,36.,30.8983631432056));
#17629=CARTESIAN_POINT('Ctrl Pts',(-11.8079338566717,36.,30.9067162243552));
#17630=CARTESIAN_POINT('Ctrl Pts',(-12.1794584366326,36.,30.9228819624381));
#17631=CARTESIAN_POINT('Ctrl Pts',(-12.5234068220804,36.,31.0636296998477));
#17632=CARTESIAN_POINT('Ctrl Pts',(-12.6896318793297,36.,31.1316509544849));
#17633=CARTESIAN_POINT('',(-11.6159614920616,35.,30.8983631432056));
#17634=CARTESIAN_POINT('Ctrl Pts',(-10.5272850394249,35.,31.1439295113087));
#17635=CARTESIAN_POINT('Ctrl Pts',(-10.5272850394249,36.,31.1439295113087));
#17636=CARTESIAN_POINT('Ctrl Pts',(-10.6957003686403,35.,31.072325532225));
#17637=CARTESIAN_POINT('Ctrl Pts',(-10.6957003686403,36.,31.072325532225));
#17638=CARTESIAN_POINT('Ctrl Pts',(-11.0434453001509,35.,30.9244772281642));
#17639=CARTESIAN_POINT('Ctrl Pts',(-11.0434453001509,36.,30.9244772281642));
#17640=CARTESIAN_POINT('Ctrl Pts',(-11.421171012883,35.,30.9072480886347));
#17641=CARTESIAN_POINT('Ctrl Pts',(-11.421171012883,36.,30.9072480886347));
#17642=CARTESIAN_POINT('Ctrl Pts',(-11.6159614920616,35.,30.8983631432056));
#17643=CARTESIAN_POINT('Ctrl Pts',(-11.6159614920616,36.,30.8983631432056));
#17644=CARTESIAN_POINT('',(-10.5272850394249,36.,31.1439295113087));
#17645=CARTESIAN_POINT('Ctrl Pts',(-10.5272850394249,36.,31.1439295113087));
#17646=CARTESIAN_POINT('Ctrl Pts',(-10.6957003686403,36.,31.072325532225));
#17647=CARTESIAN_POINT('Ctrl Pts',(-11.0434453001509,36.,30.9244772281642));
#17648=CARTESIAN_POINT('Ctrl Pts',(-11.421171012883,36.,30.9072480886347));
#17649=CARTESIAN_POINT('Ctrl Pts',(-11.6159614920616,36.,30.8983631432056));
#17650=CARTESIAN_POINT('',(-10.5272850394249,35.,31.1439295113087));
#17651=CARTESIAN_POINT('Ctrl Pts',(-9.80013698339464,35.,31.8397004902363));
#17652=CARTESIAN_POINT('Ctrl Pts',(-9.80013698339464,36.,31.8397004902363));
#17653=CARTESIAN_POINT('Ctrl Pts',(-9.89319535402076,35.,31.6976377982873));
#17654=CARTESIAN_POINT('Ctrl Pts',(-9.89319535402076,36.,31.6976377982873));
#17655=CARTESIAN_POINT('Ctrl Pts',(-10.0817909663507,35.,31.4097281755731));
#17656=CARTESIAN_POINT('Ctrl Pts',(-10.0817909663507,36.,31.4097281755731));
#17657=CARTESIAN_POINT('Ctrl Pts',(-10.3774914680984,35.,31.2333020385327));
#17658=CARTESIAN_POINT('Ctrl Pts',(-10.3774914680984,36.,31.2333020385327));
#17659=CARTESIAN_POINT('Ctrl Pts',(-10.5272850394249,35.,31.1439295113087));
#17660=CARTESIAN_POINT('Ctrl Pts',(-10.5272850394249,36.,31.1439295113087));
#17661=CARTESIAN_POINT('',(-9.80013698339464,36.,31.8397004902363));
#17662=CARTESIAN_POINT('Ctrl Pts',(-9.80013698339464,36.,31.8397004902363));
#17663=CARTESIAN_POINT('Ctrl Pts',(-9.89319535402076,36.,31.6976377982873));
#17664=CARTESIAN_POINT('Ctrl Pts',(-10.0817909663507,36.,31.4097281755731));
#17665=CARTESIAN_POINT('Ctrl Pts',(-10.3774914680984,36.,31.2333020385327));
#17666=CARTESIAN_POINT('Ctrl Pts',(-10.5272850394249,36.,31.1439295113087));
#17667=CARTESIAN_POINT('',(-9.80013698339464,35.,31.8397004902363));
#17668=CARTESIAN_POINT('Ctrl Pts',(-9.55320447683336,35.,32.8110505640507));
#17669=CARTESIAN_POINT('Ctrl Pts',(-9.55320447683336,36.,32.8110505640507));
#17670=CARTESIAN_POINT('Ctrl Pts',(-9.56333279997235,35.,32.6405851603016));
#17671=CARTESIAN_POINT('Ctrl Pts',(-9.56333279997235,36.,32.6405851603016));
#17672=CARTESIAN_POINT('Ctrl Pts',(-9.58351105087896,35.,32.3009737912189));
#17673=CARTESIAN_POINT('Ctrl Pts',(-9.58351105087896,36.,32.3009737912189));
#17674=CARTESIAN_POINT('Ctrl Pts',(-9.72811560897319,35.,31.9930594936339));
#17675=CARTESIAN_POINT('Ctrl Pts',(-9.72811560897319,36.,31.9930594936339));
#17676=CARTESIAN_POINT('Ctrl Pts',(-9.80013698339464,35.,31.8397004902363));
#17677=CARTESIAN_POINT('Ctrl Pts',(-9.80013698339464,36.,31.8397004902363));
#17678=CARTESIAN_POINT('',(-9.55320447683336,36.,32.8110505640507));
#17679=CARTESIAN_POINT('Ctrl Pts',(-9.55320447683336,36.,32.8110505640507));
#17680=CARTESIAN_POINT('Ctrl Pts',(-9.56333279997235,36.,32.6405851603016));
#17681=CARTESIAN_POINT('Ctrl Pts',(-9.58351105087896,36.,32.3009737912189));
#17682=CARTESIAN_POINT('Ctrl Pts',(-9.72811560897319,36.,31.9930594936339));
#17683=CARTESIAN_POINT('Ctrl Pts',(-9.80013698339464,36.,31.8397004902363));
#17684=CARTESIAN_POINT('',(-9.55320447683336,35.,32.8110505640507));
#17685=CARTESIAN_POINT('Ctrl Pts',(-9.82605785131456,35.,33.8206006586552));
#17686=CARTESIAN_POINT('Ctrl Pts',(-9.82605785131456,36.,33.8206006586552));
#17687=CARTESIAN_POINT('Ctrl Pts',(-9.74648569374016,35.,33.6654529176759));
#17688=CARTESIAN_POINT('Ctrl Pts',(-9.74648569374016,36.,33.6654529176759));
#17689=CARTESIAN_POINT('Ctrl Pts',(-9.58393455630798,35.,33.348514901478));
#17690=CARTESIAN_POINT('Ctrl Pts',(-9.58393455630798,36.,33.348514901478));
#17691=CARTESIAN_POINT('Ctrl Pts',(-9.56358996711006,35.,32.9926911828143));
#17692=CARTESIAN_POINT('Ctrl Pts',(-9.56358996711006,36.,32.9926911828143));
#17693=CARTESIAN_POINT('Ctrl Pts',(-9.55320447683336,35.,32.8110505640507));
#17694=CARTESIAN_POINT('Ctrl Pts',(-9.55320447683336,36.,32.8110505640507));
#17695=CARTESIAN_POINT('',(-9.82605785131456,36.,33.8206006586552));
#17696=CARTESIAN_POINT('Ctrl Pts',(-9.82605785131456,36.,33.8206006586552));
#17697=CARTESIAN_POINT('Ctrl Pts',(-9.74648569374016,36.,33.6654529176759));
#17698=CARTESIAN_POINT('Ctrl Pts',(-9.58393455630798,36.,33.348514901478));
#17699=CARTESIAN_POINT('Ctrl Pts',(-9.56358996711006,36.,32.9926911828143));
#17700=CARTESIAN_POINT('Ctrl Pts',(-9.55320447683336,36.,32.8110505640507));
#17701=CARTESIAN_POINT('',(-9.82605785131456,35.,33.8206006586552));
#17702=CARTESIAN_POINT('Ctrl Pts',(-10.5709418654442,35.,34.4945432245731));
#17703=CARTESIAN_POINT('Ctrl Pts',(-10.5709418654442,36.,34.4945432245731));
#17704=CARTESIAN_POINT('Ctrl Pts',(-10.4219645917094,35.,34.4092753421733));
#17705=CARTESIAN_POINT('Ctrl Pts',(-10.4219645917094,36.,34.4092753421733));
#17706=CARTESIAN_POINT('Ctrl Pts',(-10.1244579672456,35.,34.2389959483303));
#17707=CARTESIAN_POINT('Ctrl Pts',(-10.1244579672456,36.,34.2389959483303));
#17708=CARTESIAN_POINT('Ctrl Pts',(-9.92542466910888,35.,33.9599257000863));
#17709=CARTESIAN_POINT('Ctrl Pts',(-9.92542466910888,36.,33.9599257000863));
#17710=CARTESIAN_POINT('Ctrl Pts',(-9.82605785131456,35.,33.8206006586552));
#17711=CARTESIAN_POINT('Ctrl Pts',(-9.82605785131456,36.,33.8206006586552));
#17712=CARTESIAN_POINT('',(-10.5709418654442,36.,34.4945432245731));
#17713=CARTESIAN_POINT('Ctrl Pts',(-10.5709418654442,36.,34.4945432245731));
#17714=CARTESIAN_POINT('Ctrl Pts',(-10.4219645917094,36.,34.4092753421733));
#17715=CARTESIAN_POINT('Ctrl Pts',(-10.1244579672456,36.,34.2389959483303));
#17716=CARTESIAN_POINT('Ctrl Pts',(-9.92542466910888,36.,33.9599257000863));
#17717=CARTESIAN_POINT('Ctrl Pts',(-9.82605785131456,36.,33.8206006586552));
#17718=CARTESIAN_POINT('',(-10.5709418654442,35.,34.4945432245731));
#17719=CARTESIAN_POINT('Ctrl Pts',(-11.5695771574974,35.,34.7237382829189));
#17720=CARTESIAN_POINT('Ctrl Pts',(-11.5695771574974,36.,34.7237382829189));
#17721=CARTESIAN_POINT('Ctrl Pts',(-11.3963887337489,35.,34.7142239462066));
#17722=CARTESIAN_POINT('Ctrl Pts',(-11.3963887337489,36.,34.7142239462066));
#17723=CARTESIAN_POINT('Ctrl Pts',(-11.0503329937728,35.,34.6952129132512));
#17724=CARTESIAN_POINT('Ctrl Pts',(-11.0503329937728,36.,34.6952129132512));
#17725=CARTESIAN_POINT('Ctrl Pts',(-10.7306400264466,35.,34.5613917295977));
#17726=CARTESIAN_POINT('Ctrl Pts',(-10.7306400264466,36.,34.5613917295977));
#17727=CARTESIAN_POINT('Ctrl Pts',(-10.5709418654442,35.,34.4945432245731));
#17728=CARTESIAN_POINT('Ctrl Pts',(-10.5709418654442,36.,34.4945432245731));
#17729=CARTESIAN_POINT('Ctrl Pts',(-11.5695771574974,36.,34.7237382829189));
#17730=CARTESIAN_POINT('Ctrl Pts',(-11.3963887337489,36.,34.7142239462066));
#17731=CARTESIAN_POINT('Ctrl Pts',(-11.0503329937728,36.,34.6952129132512));
#17732=CARTESIAN_POINT('Ctrl Pts',(-10.7306400264466,36.,34.5613917295977));
#17733=CARTESIAN_POINT('Ctrl Pts',(-10.5709418654442,36.,34.4945432245731));
#17734=CARTESIAN_POINT('Origin',(-8.50136309862138,36.,25.4999999701977));
#17735=CARTESIAN_POINT('Origin',(55.,35.,30.));
#17736=CARTESIAN_POINT('Origin',(75.,2.5,40.));
#17737=CARTESIAN_POINT('',(75.,2.5,40.));
#17738=CARTESIAN_POINT('Origin',(75.,2.5,55.));
#17739=CARTESIAN_POINT('',(75.,2.5,55.));
#17740=CARTESIAN_POINT('Origin',(80.,2.5,55.));
#17741=CARTESIAN_POINT('Origin',(51.5154194080977,2.5,30.));
#17742=CARTESIAN_POINT('',(107.5,2.5,26.1414792414424));
#17743=CARTESIAN_POINT('',(107.5,2.5,45.));
#17744=CARTESIAN_POINT('',(108.,2.5,26.1414792414424));
#17745=CARTESIAN_POINT('',(108.030838816195,2.5,26.1414792414424));
#17746=CARTESIAN_POINT('',(108.,2.5,31.1414792414424));
#17747=CARTESIAN_POINT('',(108.,2.5,45.));
#17748=CARTESIAN_POINT('',(80.,2.5,31.1414792414424));
#17749=CARTESIAN_POINT('Origin',(108.030838816195,2.5,31.1414792414424));
#17750=CARTESIAN_POINT('',(108.,1.25,31.1414792414424));
#17751=CARTESIAN_POINT('Origin',(80.,2.5,26.1414792414424));
#17752=CARTESIAN_POINT('',(108.,1.25,26.1414792414424));
#17753=CARTESIAN_POINT('',(80.,2.5,26.1414792414424));
#17754=CARTESIAN_POINT('',(67.5,2.5,26.1414792414424));
#17755=CARTESIAN_POINT('',(80.,2.5,26.1414792414424));
#17756=CARTESIAN_POINT('Origin',(80.,2.5,5.));
#17757=CARTESIAN_POINT('',(80.,2.5,5.));
#17758=CARTESIAN_POINT('',(80.,2.5,17.5));
#17759=CARTESIAN_POINT('',(80.,2.5,5.));
#17760=CARTESIAN_POINT('Origin',(75.,2.5,5.));
#17761=CARTESIAN_POINT('',(75.,2.5,5.));
#17762=CARTESIAN_POINT('',(65.,2.5,5.));
#17763=CARTESIAN_POINT('',(75.,2.5,5.));
#17764=CARTESIAN_POINT('Origin',(75.,2.5,35.));
#17765=CARTESIAN_POINT('',(75.,2.5,35.));
#17766=CARTESIAN_POINT('',(75.,2.5,32.5));
#17767=CARTESIAN_POINT('',(75.,2.5,35.));
#17768=CARTESIAN_POINT('Origin',(-5.,2.5,35.));
#17769=CARTESIAN_POINT('',(2.5,2.5,35.));
#17770=CARTESIAN_POINT('',(2.5,1.25,35.));
#17771=CARTESIAN_POINT('',(25.,2.5,35.));
#17772=CARTESIAN_POINT('Origin',(2.5,0.,0.));
#17773=CARTESIAN_POINT('',(2.5,2.5,15.));
#17774=CARTESIAN_POINT('',(2.5,32.9999999999967,2.20675050326015));
#17775=CARTESIAN_POINT('',(2.5,33.9999999999967,2.20675050326015));
#17776=CARTESIAN_POINT('',(2.5,32.9999999999967,2.));
#17777=CARTESIAN_POINT('',(2.5,32.9999999999967,0.604050616324045));
#17778=CARTESIAN_POINT('',(2.5,0.,2.));
#17779=CARTESIAN_POINT('Origin',(108.820975908811,32.9999999999999,58.8422693514284));
#17780=CARTESIAN_POINT('',(109.5,32.9999999999999,58.1081533635999));
#17781=CARTESIAN_POINT('Origin',(108.820975908811,32.9999999999999,58.8422693514284));
#17782=CARTESIAN_POINT('',(109.5,32.9999999999999,59.4211346757142));
#17783=CARTESIAN_POINT('Origin',(108.820975908811,33.9999999999999,58.8422693514284));
#17784=CARTESIAN_POINT('',(108.820975908811,34.5,57.8422693514285));
#17785=CARTESIAN_POINT('',(108.820975908811,33.9999999999999,57.8422693514285));
#17786=CARTESIAN_POINT('',(109.5,34.5,58.1081533635999));
#17787=CARTESIAN_POINT('Origin',(108.820975908811,34.5,58.8422693514284));
#17788=CARTESIAN_POINT('',(109.5,33.9999999999999,58.1081533635999));
#17789=CARTESIAN_POINT('Origin',(108.820975908811,34.5,58.8422693514284));
#17790=CARTESIAN_POINT('Origin',(109.5,0.,60.));
#17791=CARTESIAN_POINT('',(109.5,34.5,1.98304712478977));
#17792=CARTESIAN_POINT('',(109.5,34.5,45.));
#17793=CARTESIAN_POINT('',(109.5,33.,1.98304712478977));
#17794=CARTESIAN_POINT('',(109.5,34.,1.98304712478977));
#17795=CARTESIAN_POINT('',(109.5,33.,1.0324247148366));
#17796=CARTESIAN_POINT('',(109.5,33.,30.7538679599066));
#17797=CARTESIAN_POINT('',(109.5,34.5,1.0324247148366));
#17798=CARTESIAN_POINT('',(109.5,34.,1.0324247148366));
#17799=CARTESIAN_POINT('',(109.5,34.5,45.));
#17800=CARTESIAN_POINT('',(109.5,10.0308637021842,43.5935884619803));
#17801=CARTESIAN_POINT('Origin',(109.5,19.0308637021842,43.5935884619803));
#17802=CARTESIAN_POINT('',(109.5,10.000079068588,16.4999771951652));
#17803=CARTESIAN_POINT('Origin',(109.5,19.0000790685881,16.4999771951652));
#17804=CARTESIAN_POINT('',(109.5,3.7267191920057,33.8546140969823));
#17805=CARTESIAN_POINT('Origin',(109.5,3.7267191920057,36.3546140969823));
#17806=CARTESIAN_POINT('Origin',(108.620182258406,33.,1.50773591981318));
#17807=CARTESIAN_POINT('Origin',(108.620182258406,33.,1.50773591981318));
#17808=CARTESIAN_POINT('Origin',(108.620182258406,33.,1.50773591981318));
#17809=CARTESIAN_POINT('',(107.749736352357,33.,2.));
#17810=CARTESIAN_POINT('',(108.,33.,2.));
#17811=CARTESIAN_POINT('',(109.310091129203,33.,2.));
#17812=CARTESIAN_POINT('',(108.,33.,2.29219367288759));
#17813=CARTESIAN_POINT('Origin',(108.620182258406,33.,1.50773591981318));
#17814=CARTESIAN_POINT('',(108.,33.,30.7538679599066));
#17815=CARTESIAN_POINT('Origin',(108.620182258406,34.,1.50773591981318));
#17816=CARTESIAN_POINT('',(108.620182258406,34.5,0.507735919813185));
#17817=CARTESIAN_POINT('',(108.620182258406,34.,0.507735919813185));
#17818=CARTESIAN_POINT('Origin',(108.620182258406,34.5,1.50773591981318));
#17819=CARTESIAN_POINT('',(108.,34.5,2.29219367288759));
#17820=CARTESIAN_POINT('Origin',(108.620182258406,34.5,1.50773591981318));
#17821=CARTESIAN_POINT('',(108.,34.,2.29219367288759));
#17822=CARTESIAN_POINT('',(107.749736352357,34.5,2.));
#17823=CARTESIAN_POINT('',(107.749736352357,34.,2.));
#17824=CARTESIAN_POINT('Origin',(108.620182258406,34.5,1.50773591981318));
#17825=CARTESIAN_POINT('Origin',(110.,0.,2.));
#17826=CARTESIAN_POINT('',(108.,0.,2.));
#17827=CARTESIAN_POINT('Origin',(82.7071120212177,2.7108321379415,2.));
#17828=CARTESIAN_POINT('',(3.05869438548331,32.9999999999967,2.));
#17829=CARTESIAN_POINT('',(56.2240209973921,32.9999999999967,2.));
#17830=CARTESIAN_POINT('',(3.05869438548331,34.5,2.));
#17831=CARTESIAN_POINT('',(3.05869438548331,33.9999999999967,2.));
#17832=CARTESIAN_POINT('',(82.5,34.5,2.));
#17833=CARTESIAN_POINT('',(61.0000002533197,2.50000011175871,2.));
#17834=CARTESIAN_POINT('',(79.4222377584815,19.9647630956704,2.));
#17835=CARTESIAN_POINT('Origin',(70.4222377584815,19.9647630956704,2.));
#17836=CARTESIAN_POINT('',(102.527079962025,27.1029154088211,2.));
#17837=CARTESIAN_POINT('',(91.072626719581,13.2275392343056,2.));
#17838=CARTESIAN_POINT('Origin',(97.0000014454126,20.0000002980232,2.));
#17839=CARTESIAN_POINT('Origin',(96.5997052361935,20.3304543451034,2.));
#17840=CARTESIAN_POINT('Origin',(108.,0.,60.));
#17841=CARTESIAN_POINT('',(108.,34.5,45.));
#17842=CARTESIAN_POINT('',(108.,3.7267191920057,33.8546140969823));
#17843=CARTESIAN_POINT('Origin',(108.,3.7267191920057,36.3546140969823));
#17844=CARTESIAN_POINT('Origin',(108.,3.7267191920057,36.3546140969823));
#17845=CARTESIAN_POINT('',(108.,10.0308637021842,43.5935884619803));
#17846=CARTESIAN_POINT('Origin',(108.,19.0308637021842,43.5935884619803));
#17847=CARTESIAN_POINT('',(108.,10.000079068588,16.4999771951652));
#17848=CARTESIAN_POINT('Origin',(108.,19.0000790685881,16.4999771951652));
#17849=CARTESIAN_POINT('Origin',(55.,34.5,30.));
#17850=CARTESIAN_POINT('Origin',(2.54956368589467,34.5,58.7345612022985));
#17851=CARTESIAN_POINT('Origin',(2.54956368589467,33.,58.7345612022985));
#17852=CARTESIAN_POINT('',(2.54956368589467,33.,57.7345612022985));
#17853=CARTESIAN_POINT('Origin',(2.54956368589467,33.,58.7345612022985));
#17854=CARTESIAN_POINT('Origin',(2.54956368589467,33.,58.7345612022985));
#17855=CARTESIAN_POINT('Origin',(2.54956368589467,33.,58.7345612022985));
#17856=CARTESIAN_POINT('Origin',(2.54956368589467,33.,58.7345612022985));
#17857=CARTESIAN_POINT('Origin',(2.54956368589467,34.,58.7345612022985));
#17858=CARTESIAN_POINT('',(2.54956368589467,34.,57.7345612022985));
#17859=CARTESIAN_POINT('Origin',(55.,34.5,30.));
#17860=CARTESIAN_POINT('Origin',(2.44804199478421,34.5,1.20810123264809));
#17861=CARTESIAN_POINT('Origin',(2.44804199478421,32.9999999999967,1.20810123264809));
#17862=CARTESIAN_POINT('',(2.44804199478421,32.9999999999967,0.20810123264809));
#17863=CARTESIAN_POINT('Origin',(2.44804199478421,32.9999999999967,1.20810123264809));
#17864=CARTESIAN_POINT('Origin',(2.44804199478421,32.9999999999967,1.20810123264809));
#17865=CARTESIAN_POINT('Origin',(2.44804199478421,32.9999999999967,1.20810123264809));
#17866=CARTESIAN_POINT('Origin',(2.44804199478421,32.9999999999967,1.20810123264809));
#17867=CARTESIAN_POINT('Origin',(2.44804199478421,33.9999999999967,1.20810123264809));
#17868=CARTESIAN_POINT('',(2.44804199478421,33.9999999999967,0.20810123264809));
#17869=CARTESIAN_POINT('Origin',(82.7071120212177,2.7108321379415,2.5));
#17870=CARTESIAN_POINT('Origin',(82.7071120212177,2.7108321379415,2.5));
#17871=CARTESIAN_POINT('Origin',(82.7071120212177,2.7108321379415,2.5));
#17872=CARTESIAN_POINT('Origin',(82.7071120212177,2.7108321379415,0.));
#17873=CARTESIAN_POINT('Origin',(107.5,3.7267191920057,36.3546140969823));
#17874=CARTESIAN_POINT('',(107.5,3.7267191920057,33.8546140969823));
#17875=CARTESIAN_POINT('Origin',(107.5,3.7267191920057,36.3546140969823));
#17876=CARTESIAN_POINT('Origin',(107.5,3.7267191920057,36.3546140969823));
#17877=CARTESIAN_POINT('Origin',(96.4241005449413,20.3079036814907,57.5));
#17878=CARTESIAN_POINT('',(87.4241005449413,20.3079036814907,57.5));
#17879=CARTESIAN_POINT('Origin',(97.0000014454126,20.0000002980232,2.5));
#17880=CARTESIAN_POINT('',(91.072626719581,13.2275392343056,2.5));
#17881=CARTESIAN_POINT('',(102.527079962025,27.102915408821,2.5));
#17882=CARTESIAN_POINT('Origin',(96.5997052361935,20.3304543451034,2.5));
#17883=CARTESIAN_POINT('Origin',(70.5000010505318,20.0000002980232,57.5));
#17884=CARTESIAN_POINT('',(61.5000010505318,20.0000002980232,57.5));
#17885=CARTESIAN_POINT('Origin',(70.4222377584815,19.9647630956704,2.5));
#17886=CARTESIAN_POINT('',(79.4222377584815,19.9647630956704,2.5));
#17887=CARTESIAN_POINT('Origin',(107.5,19.0000790685881,16.4999771951652));
#17888=CARTESIAN_POINT('',(107.5,10.000079068588,16.4999771951652));
#17889=CARTESIAN_POINT('Origin',(107.5,19.0308637021842,43.5935884619803));
#17890=CARTESIAN_POINT('',(107.5,10.0308637021842,43.5935884619803));
#17891=CARTESIAN_POINT('Origin',(53.0000007897615,3.75,30.0000004470348));
#17892=CARTESIAN_POINT('Origin',(5.,3.75,5.));
#17893=CARTESIAN_POINT('Origin',(5.00000000000001,3.75,30.));
#17894=CARTESIAN_POINT('',(5.00000000000001,3.75,28.));
#17895=CARTESIAN_POINT('Origin',(96.4241005449413,20.3079036814907,57.5));
#17896=CARTESIAN_POINT('',(87.9241005449413,20.3079036814907,57.5));
#17897=CARTESIAN_POINT('Origin',(97.0000014454126,20.0000002980232,2.5));
#17898=CARTESIAN_POINT('',(91.3910785885592,13.6132965796826,2.5));
#17899=CARTESIAN_POINT('',(102.208628093047,26.7171580634441,2.5));
#17900=CARTESIAN_POINT('Origin',(96.5997052361935,20.3304543451034,2.5));
#17901=CARTESIAN_POINT('Origin',(70.5000010505318,20.0000002980232,57.5));
#17902=CARTESIAN_POINT('',(62.0000010505318,20.0000002980232,57.5));
#17903=CARTESIAN_POINT('Origin',(70.4222377584815,19.9647630956704,2.5));
#17904=CARTESIAN_POINT('',(78.9222377584815,19.9647630956704,2.5));
#17905=CARTESIAN_POINT('Origin',(107.5,19.0000790685881,16.4999771951652));
#17906=CARTESIAN_POINT('',(110.,10.500079068588,16.4999771951652));
#17907=CARTESIAN_POINT('Origin',(110.,19.0000790685881,16.4999771951652));
#17908=CARTESIAN_POINT('',(107.5,10.500079068588,16.4999771951652));
#17909=CARTESIAN_POINT('',(107.5,10.500079068588,16.4999771951652));
#17910=CARTESIAN_POINT('Origin',(107.5,19.0000790685881,16.4999771951652));
#17911=CARTESIAN_POINT('Origin',(107.5,19.0308637021842,43.5935884619803));
#17912=CARTESIAN_POINT('',(110.,10.5308637021842,43.5935884619803));
#17913=CARTESIAN_POINT('Origin',(110.,19.0308637021842,43.5935884619803));
#17914=CARTESIAN_POINT('',(107.5,10.5308637021842,43.5935884619803));
#17915=CARTESIAN_POINT('',(107.5,10.5308637021842,43.5935884619803));
#17916=CARTESIAN_POINT('Origin',(107.5,19.0308637021842,43.5935884619803));
#17917=CARTESIAN_POINT('Origin',(2.5,0.,0.));
#17918=CARTESIAN_POINT('Origin',(107.5,0.,60.));
#17919=CARTESIAN_POINT('',(107.5,2.5,45.));
#17920=CARTESIAN_POINT('Origin',(55.,2.5,30.));
#17921=CARTESIAN_POINT('Origin',(110.,0.,60.));
#17922=UNCERTAINTY_MEASURE_WITH_UNIT(LENGTH_MEASURE(0.01),#17926,
'DISTANCE_ACCURACY_VALUE',
'Maximum model space distance between geometric entities at asserted c
onnectivities');
#17923=UNCERTAINTY_MEASURE_WITH_UNIT(LENGTH_MEASURE(0.01),#17926,
'DISTANCE_ACCURACY_VALUE',
'Maximum model space distance between geometric entities at asserted c
onnectivities');
#17924=(
GEOMETRIC_REPRESENTATION_CONTEXT(3)
GLOBAL_UNCERTAINTY_ASSIGNED_CONTEXT((#17922))
GLOBAL_UNIT_ASSIGNED_CONTEXT((#17926,#17928,#17929))
REPRESENTATION_CONTEXT('','3D')
);
#17925=(
GEOMETRIC_REPRESENTATION_CONTEXT(3)
GLOBAL_UNCERTAINTY_ASSIGNED_CONTEXT((#17923))
GLOBAL_UNIT_ASSIGNED_CONTEXT((#17926,#17928,#17929))
REPRESENTATION_CONTEXT('','3D')
);
#17926=(
LENGTH_UNIT()
NAMED_UNIT(*)
SI_UNIT(.MILLI.,.METRE.)
);
#17927=(
LENGTH_UNIT()
NAMED_UNIT(*)
SI_UNIT($,.METRE.)
);
#17928=(
NAMED_UNIT(*)
PLANE_ANGLE_UNIT()
SI_UNIT($,.RADIAN.)
);
#17929=(
NAMED_UNIT(*)
SI_UNIT($,.STERADIAN.)
SOLID_ANGLE_UNIT()
);
#17930=SHAPE_DEFINITION_REPRESENTATION(#17931,#17932);
#17931=PRODUCT_DEFINITION_SHAPE('',$,#17934);
#17932=SHAPE_REPRESENTATION('',(#9672),#17924);
#17933=PRODUCT_DEFINITION_CONTEXT('part definition',#17938,'design');
#17934=PRODUCT_DEFINITION('2026-04-21-21-36-01-463',
'ModularNavigator_Enclosure_v1',#17935,#17933);
#17935=PRODUCT_DEFINITION_FORMATION('',$,#17940);
#17936=PRODUCT_RELATED_PRODUCT_CATEGORY('ModularNavigator_Enclosure_v1',
'ModularNavigator_Enclosure_v1',(#17940));
#17937=APPLICATION_PROTOCOL_DEFINITION('international standard',
'automotive_design',2009,#17938);
#17938=APPLICATION_CONTEXT(
'Core Data for Automotive Mechanical Design Process');
#17939=PRODUCT_CONTEXT('part definition',#17938,'mechanical');
#17940=PRODUCT('2026-04-21-21-36-01-463',
'ModularNavigator_Enclosure_v1',$,(#17939));
#17941=PRESENTATION_STYLE_ASSIGNMENT((#17943));
#17942=PRESENTATION_STYLE_ASSIGNMENT((#17944));
#17943=SURFACE_STYLE_USAGE(.BOTH.,#17945);
#17944=SURFACE_STYLE_USAGE(.BOTH.,#17946);
#17945=SURFACE_SIDE_STYLE('',(#17947));
#17946=SURFACE_SIDE_STYLE('',(#17948));
#17947=SURFACE_STYLE_FILL_AREA(#17949);
#17948=SURFACE_STYLE_FILL_AREA(#17950);
#17949=FILL_AREA_STYLE('Steel - Satin',(#17951));
#17950=FILL_AREA_STYLE('ABS (White)',(#17952));
#17951=FILL_AREA_STYLE_COLOUR('Steel - Satin',#17953);
#17952=FILL_AREA_STYLE_COLOUR('ABS (White)',#17954);
#17953=COLOUR_RGB('Steel - Satin',0.627450980392157,0.627450980392157,0.627450980392157);
#17954=COLOUR_RGB('ABS (White)',0.964705882352941,0.964705882352941,0.952941176470588);
ENDSEC;
END-ISO-10303-21;
